CD_MUN,NM_MUN,CD_RGI,NM_RGI,CD_RGINT,NM_RGINT,CD_UF,NM_UF,SIGLA_UF,CD_REGIAO,NM_REGIAO,SIGLA_RG,CD_CONCURB,NM_CONCURB,AREA_KM2,LATITUDE,LONGITUDE
2410900,Riachuelo,240006,São Paulo do Potengi,2401,Natal,24,Rio Grande do Norte,RN,2,Nordeste,NE,,,262.88,-5.798436295499409,-35.84958976515072
4202438,Bocaina do Sul,420005,Lages,4203,Lages,42,Santa Catarina,SC,4,Sul,S,,,510.673,-27.763117529207275,-49.90916303067564
4316204,Rondinha,430028,Carazinho,4306,Passo Fundo,43,Rio Grande do Sul,RS,4,Sul,S,,,252.454,-27.832475196918445,-52.89307729874395
3118205,Conquista,310055,Uberaba,3110,Uberaba,31,Minas Gerais,MG,3,Sudeste,SE,,,618.363,-19.88357758417989,-47.623889699743394
3110806,Campanário,310013,Teófilo Otoni,3103,Teófilo Otoni,31,Minas Gerais,MG,3,Sudeste,SE,,,442.398,-18.28396853384206,-41.7344183137693
5219357,Santa Isabel,520018,Ceres - Rialma - Goianésia,5205,Porangatu - Uruaçu,52,Goiás,GO,5,Centro-oeste,CO,,,812.756,-15.251384051518617,-49.388928215078444
4210605,Massaranduba,420016,Joinville,4206,Joinville,42,Santa Catarina,SC,4,Sul,S,,,374.452,-26.626913423525217,-48.98819050685673
5210802,Itajá,520010,Rio Verde,5203,Rio Verde,52,Goiás,GO,5,Centro-oeste,CO,,,2082.737,-19.10123302342577,-51.31952813636
3543402,Ribeirão Preto,350031,Ribeirão Preto,3508,Ribeirão Preto,35,São Paulo,SP,3,Sudeste,SE,3543402,Ribeirão Preto/SP,650.916,-21.210842624209864,-47.82130301915187
4120408,Presidente Castelo Branco,410014,Maringá,4104,Maringá,41,Paraná,PR,4,Sul,S,4115200,Maringá/PR,155.631,-23.26342844320272,-52.149178829456424
4104055,Campo Bonito,410006,Cascavel,4103,Cascavel,41,Paraná,PR,4,Sul,S,,,434.124,-24.931207775842868,-53.013850799589676
2905909,Campo Alegre de Lourdes,290022,Juazeiro,2908,Juazeiro,29,Bahia,BA,2,Nordeste,NE,,,2914.573,-9.561569524412915,-43.15886710199291
3167509,Simão Pereira,310027,Juiz de Fora,3106,Juíz de Fora,31,Minas Gerais,MG,3,Sudeste,SE,3136702,Juiz de Fora/MG,135.689,-21.964229191632512,-43.292982809675976
2206001,Marcos Parente,220017,Floriano,2206,Floriano,22,Piauí,PI,2,Nordeste,NE,,,677.416,-7.0763319157584075,-43.894553930649806
4128708,Vitorino,410010,Pato Branco,4103,Cascavel,41,Paraná,PR,4,Sul,S,,,308.08,-26.28126019334809,-52.807350610250964
3518859,Guatapará,350031,Ribeirão Preto,3508,Ribeirão Preto,35,São Paulo,SP,3,Sudeste,SE,,,413.653,-21.453387406826597,-47.980006374761686
2500304,Alagoa Grande,250005,Campina Grande,2502,Campina Grande,25,Paraíba,PB,2,Nordeste,NE,,,322.071,-7.05907201377224,-35.602842286576596
2402709,Cerro Corá,240008,Currais Novos,2402,Caicó,24,Rio Grande do Norte,RN,2,Nordeste,NE,,,393.573,-5.989356346449847,-36.3271531510818
2508604,Lucena,250001,João Pessoa,2501,João Pessoa,25,Paraíba,PB,2,Nordeste,NE,2507507,João Pessoa/PB,93.8,-6.918883190547552,-34.91224271730965
2100402,Altamira do Maranhão,210010,Bacabal,2102,Santa Inês - Bacabal,21,Maranhão,MA,2,Nordeste,NE,,,524.374,-4.167027457400722,-45.502813117300406
2709152,Teotônio Vilela,270007,Arapiraca,2702,Arapiraca,27,Alagoas,AL,2,Nordeste,NE,,,299.237,-9.964733617310669,-36.37150139755529
4308003,Faxinal do Soturno,430011,Santa Maria,4303,Santa Maria,43,Rio Grande do Sul,RS,4,Sul,S,,,169.514,-29.557933745528192,-53.462883460607095
5103700,Feliz Natal,510007,Sinop,5103,Sinop,51,Mato Grosso,MT,5,Centro-oeste,CO,,,11661.514,-11.932901239901327,-54.184803864981006
3102605,Andradas,310051,Poços de Caldas,3109,Pouso Alegre,31,Minas Gerais,MG,3,Sudeste,SE,,,469.396,-22.075769202817767,-46.554752764632696
4202404,Blumenau,420019,Blumenau,4207,Blumenau,42,Santa Catarina,SC,4,Sul,S,4202404,Blumenau/SC,518.635,-26.88576566773908,-49.09730746423551
2312809,Senador Sá,230015,Sobral,2306,Sobral,23,Ceará,CE,2,Nordeste,NE,,,424.642,-3.270057340362628,-40.46103822045785
5202601,Aurilândia,520013,São Luís de Montes Belos,5204,São Luís de Montes Belos - Iporá,52,Goiás,GO,5,Centro-oeste,CO,,,565.514,-16.695269709478172,-50.525300259349315
3518206,Guararapes,350022,Araçatuba,3506,Araçatuba,35,São Paulo,SP,3,Sudeste,SE,,,955.637,-21.28521877989259,-50.6951410927855
4112207,Janiópolis,410015,Campo Mourão,4104,Maringá,41,Paraná,PR,4,Sul,S,,,337.91,-24.128533661456345,-52.81147060560828
3159308,Santa Rita de Jacutinga,310027,Juiz de Fora,3106,Juíz de Fora,31,Minas Gerais,MG,3,Sudeste,SE,,,420.94,-22.101530974240536,-44.091849401954484
4218103,Timbé do Sul,420004,Araranguá,4202,Criciúma,42,Santa Catarina,SC,4,Sul,S,,,328.507,-28.80739345179571,-49.86846228024486
4120507,Primeiro de Maio,410021,Londrina,4105,Londrina,41,Paraná,PR,4,Sul,S,,,410.378,-22.86123451023223,-51.07333703275841
5006903,Porto Murtinho,500011,Jardim,5003,Corumbá,50,Mato Grosso do Sul,MS,5,Centro-oeste,CO,,,17502.994,-21.225925676182577,-57.38415583332307
2516755,Tenório,250005,Campina Grande,2502,Campina Grande,25,Paraíba,PB,2,Nordeste,NE,,,87.452,-6.961254988035404,-36.62648278850392
2500403,Alagoa Nova,250005,Campina Grande,2502,Campina Grande,25,Paraíba,PB,2,Nordeste,NE,,,128.23,-7.061643372020175,-35.76691739432577
1507706,São Sebastião da Boa Vista,150020,Breves,1507,Breves,15,Pará,PA,1,Norte,N,,,1632.243,-1.4341182907856282,-49.680282509121916
5103809,Figueirópolis D'Oeste,510006,Mirassol D'oeste,5102,Cáceres,51,Mato Grosso,MT,5,Centro-oeste,CO,,,891.448,-15.52738637502782,-58.70257463676601
2922052,Mulungu do Morro,290020,Irecê,2907,Irecê,29,Bahia,BA,2,Nordeste,NE,,,646.621,-11.977766168172913,-41.523938576504115
2410207,Portalegre,240010,Pau dos Ferros,2403,Mossoró,24,Rio Grande do Norte,RN,2,Nordeste,NE,,,110.054,-6.032873785563169,-38.014983861297225
3142809,Monte Alegre de Minas,310059,Uberlândia,3111,Uberlândia,31,Minas Gerais,MG,3,Sudeste,SE,,,2595.957,-18.844534570702734,-48.88676747390366
1716109,Paraíso do Tocantins,170003,Paraíso do Tocantins,1701,Palmas,17,Tocantins,TO,1,Norte,N,,,1292.267,-10.218217491698399,-48.82726529484261
2807501,Tomar do Geru,280002,Estância,2801,Aracaju,28,Sergipe,SE,2,Nordeste,NE,,,304.837,-11.369920850262277,-37.875174109102915
2304608,General Sampaio,230005,Itapagé,2301,Fortaleza,23,Ceará,CE,2,Nordeste,NE,,,230.371,-4.063921095093903,-39.45111790212223
3510005,Cândido Mota,350014,Assis,3504,Marília,35,São Paulo,SP,3,Sudeste,SE,,,595.811,-22.808684620694436,-50.42167474918409
3502606,Aparecida d'Oeste,350028,Jales,3507,São José do Rio Preto,35,São Paulo,SP,3,Sudeste,SE,,,179.004,-20.478803390485222,-50.921977259459695
2516607,Tavares,250013,Princesa Isabel,2503,Patos,25,Paraíba,PB,2,Nordeste,NE,,,239.507,-7.59982913173702,-37.892102256753766
2913903,Ipiaú,290014,Ipiaú,2904,Vitória da Conquista,29,Bahia,BA,2,Nordeste,NE,,,280.454,-14.054873244382033,-39.72650465829599
3110103,Caiana,310034,Carangola,3106,Juíz de Fora,31,Minas Gerais,MG,3,Sudeste,SE,,,106.465,-20.72531025770233,-41.908415445290096
4209904,Lontras,420022,Rio do Sul,4207,Blumenau,42,Santa Catarina,SC,4,Sul,S,,,197.586,-27.18943445869694,-49.50730881396846
4307831,Eugênio de Castro,430020,Santo Ângelo,4305,Ijuí,43,Rio Grande do Sul,RS,4,Sul,S,,,417.821,-28.565554229188578,-54.24493677861921
4128658,Virmond,410011,Laranjeiras do Sul - Quedas do Iguaçu,4103,Cascavel,41,Paraná,PR,4,Sul,S,,,248.583,-25.40663148459868,-52.23691331081422
4112306,Japira,410026,Ibaiti,4105,Londrina,41,Paraná,PR,4,Sul,S,,,189.291,-23.732915810910225,-50.16286624879022
2930204,Sento Sé,290022,Juazeiro,2908,Juazeiro,29,Bahia,BA,2,Nordeste,NE,,,11980.158,-10.108055570965947,-41.64882714479035
2508554,Logradouro,250002,Guarabira,2501,João Pessoa,25,Paraíba,PB,2,Nordeste,NE,,,42.876,-6.554378007308081,-35.427248975962236
4316006,Rolante,430004,Taquara - Parobé - Igrejinha,4301,Porto Alegre,43,Rio Grande do Sul,RS,4,Sul,S,,,296.09,-29.629048095151237,-50.549999681023465
3134608,Jaboticatubas,310001,Belo Horizonte,3101,Belo Horizonte,31,Minas Gerais,MG,3,Sudeste,SE,,,1114.972,-19.440758137075022,-43.718162338553434
2108900,Poção de Pedras,210012,Pedreiras,2102,Santa Inês - Bacabal,21,Maranhão,MA,2,Nordeste,NE,,,990.66,-4.786838854364722,-44.91176455350578
2701308,Cajueiro,270006,Atalaia,2701,Maceió,27,Alagoas,AL,2,Nordeste,NE,,,107.168,-9.390372237528549,-36.15781424050765
1400605,São Luiz do Anauá,140003,Rorainópolis,1402,Rorainópolis - Caracaraí,14,Roraima,RR,1,Norte,N,,,1526.9,0.8844346797276538,-60.15183601106598
4128005,Ubiratã,410015,Campo Mourão,4104,Maringá,41,Paraná,PR,4,Sul,S,,,653.097,-24.50491354405409,-53.02154839361167
2205805,Luzilândia,220008,Esperantina,2202,Parnaíba,22,Piauí,PI,2,Nordeste,NE,,,699.182,-3.6047317279487094,-42.36353372933976
2402006,Caicó,240007,Caicó,2402,Caicó,24,Rio Grande do Norte,RN,2,Nordeste,NE,,,1228.583,-6.467561843009711,-37.03794347924497
4307815,Estrela Velha,430042,Sobradinho,4308,Santa Cruz do Sul - Lajeado,43,Rio Grande do Sul,RS,4,Sul,S,,,281.613,-29.224025717809255,-53.17828055510901
2807600,Umbaúba,280002,Estância,2801,Aracaju,28,Sergipe,SE,2,Nordeste,NE,,,117.514,-11.39993608837282,-37.66243960037935
2304707,Granja,230018,Camocim,2306,Sobral,23,Ceará,CE,2,Nordeste,NE,,,2663.178,-3.2306096132098006,-41.00170420433852
2410306,Serra Caiada,240002,Santo Antônio - Passa e Fica - Nova Cruz,2401,Natal,24,Rio Grande do Norte,RN,2,Nordeste,NE,,,230.036,-6.107762292869133,-35.7219665716626
3101904,Alpinópolis,310041,Passos,3108,Varginha,31,Minas Gerais,MG,3,Sudeste,SE,,,460.685,-20.859528519324755,-46.37615821869076
4201703,Ascurra,420019,Blumenau,4207,Blumenau,42,Santa Catarina,SC,4,Sul,S,,,112.884,-26.973633676315316,-49.39596552785786
4307807,Estrela,430041,Lajeado,4308,Santa Cruz do Sul - Lajeado,43,Rio Grande do Sul,RS,4,Sul,S,4311403,Lajeado/RS,185.032,-29.50882153351295,-51.919881505056196
3143153,Monte Formoso,310013,Teófilo Otoni,3103,Teófilo Otoni,31,Minas Gerais,MG,3,Sudeste,SE,,,385.553,-16.87736510224213,-41.2662870424698
2905701,Camaçari,290001,Salvador,2901,Salvador,29,Bahia,BA,2,Nordeste,NE,2927408,Salvador/BA,785.421,-12.666028861485549,-38.20631177020181
2508406,Lastro,250014,Sousa,2504,Sousa - Cajazeiras,25,Paraíba,PB,2,Nordeste,NE,,,107.416,-6.552575465003326,-38.18004755191855
4104105,Campo do Tenente,410001,Curitiba,4101,Curitiba,41,Paraná,PR,4,Sul,S,,,303.956,-25.977837282635306,-49.65630592531264
2100709,Anajatuba,210004,Itapecuru Mirim,2101,São Luís,21,Maranhão,MA,2,Nordeste,NE,,,940.489,-3.255633556474952,-44.59922897373584
3110202,Cajuri,310033,Viçosa,3106,Juíz de Fora,31,Minas Gerais,MG,3,Sudeste,SE,,,83.038,-20.785307352848204,-42.76415306010648
2922003,Mucuri,290008,Teixeira de Freitas,2903,Ilhéus - Itabuna,29,Bahia,BA,2,Nordeste,NE,,,1787.422,-18.05921088942407,-39.86697352324874
4119806,Planalto,410009,Francisco Beltrão,4103,Cascavel,41,Paraná,PR,4,Sul,S,,,347.974,-25.736469359366776,-53.708010703300566
5219258,Santa Fé de Goiás,520005,Goiás - Itapuranga,5201,Goiânia,52,Goiás,GO,5,Centro-oeste,CO,,,1164.186,-15.66740017387245,-51.17152988128677
3534609,Osvaldo Cruz,350019,Adamantina - Lucélia,3505,Presidente Prudente,35,São Paulo,SP,3,Sudeste,SE,,,248.038,-21.73273449638549,-50.87388645380619
2402105,Campo Redondo,240004,Santa Cruz,2401,Natal,24,Rio Grande do Norte,RN,2,Nordeste,NE,,,213.727,-6.237706801672392,-36.20889464209085
2615706,Triunfo,260013,Serra Talhada,2603,Serra Talhada,26,Pernambuco,PE,2,Nordeste,NE,,,191.518,-7.849853723410618,-38.06662862831942
2500205,Aguiar,250010,Itaporanga,2503,Patos,25,Paraíba,PB,2,Nordeste,NE,,,351.607,-7.074081798032841,-38.213779213953664
3305703,Sumidouro,330008,Nova Friburgo,3303,Petrópolis,33,Rio de Janeiro,RJ,3,Sudeste,SE,,,413.407,-22.10707832130096,-42.664196937217845
5211206,Itapuranga,520005,Goiás - Itapuranga,5201,Goiânia,52,Goiás,GO,5,Centro-oeste,CO,,,1281.404,-15.54802458087387,-49.949689339377244
1507755,Sapucaia,150014,Xinguara,1504,Redenção,15,Pará,PA,1,Norte,N,,,1298.195,-6.838887423871291,-49.569769764664635
4127965,Turvo,410004,Guarapuava,4102,Guarapuava,41,Paraná,PR,4,Sul,S,,,936.038,-25.012981592354322,-51.48146020699472
3167400,Silvianópolis,310050,Pouso Alegre,3109,Pouso Alegre,31,Minas Gerais,MG,3,Sudeste,SE,,,312.166,-22.03689594100858,-45.80558377483737
3102001,Alterosa,310042,Alfenas,3108,Varginha,31,Minas Gerais,MG,3,Sudeste,SE,,,362.01,-21.225214575862925,-46.153604708873836
4307906,Farroupilha,430036,Caxias do Sul,4307,Caxias do Sul,43,Rio Grande do Sul,RS,4,Sul,S,4305108,Caxias do Sul/RS,361.338,-29.209866804366847,-51.365934252460505
3502408,Anhumas,350018,Presidente Prudente,3505,Presidente Prudente,35,São Paulo,SP,3,Sudeste,SE,3541406,Presidente Prudente/SP,320.84,-22.362024285808484,-51.42777944472872
4127957,Tupãssi,410008,Toledo,4103,Cascavel,41,Paraná,PR,4,Sul,S,,,299.093,-24.64588597623042,-53.50916296923881
4111605,Ivatuba,410014,Maringá,4104,Maringá,41,Paraná,PR,4,Sul,S,,,96.427,-23.599290664141336,-52.17738073761153
3526407,Laranjal Paulista,350040,Piracicaba,3510,Campinas,35,São Paulo,SP,3,Sudeste,SE,,,384.274,-23.012190620464654,-47.865672498458665
2410256,Porto do Mangue,240011,Assú,2403,Mossoró,24,Rio Grande do Norte,RN,2,Nordeste,NE,,,361.237,-5.088328557232254,-36.841516403680046
5104104,Guarantã do Norte,510011,Peixoto de Azevedo - Guarantã do Norte,5103,Sinop,51,Mato Grosso,MT,5,Centro-oeste,CO,,,4725.273,-9.776268672314462,-54.62110526572043
1707207,Dois Irmãos do Tocantins,170004,Miracema do Tocantins,1701,Palmas,17,Tocantins,TO,1,Norte,N,,,3747.645,-9.27093677584195,-49.06693250525326
2304657,Graça,230015,Sobral,2306,Sobral,23,Ceará,CE,2,Nordeste,NE,,,258.943,-4.045702136406429,-40.77399388771225
3159209,Santa Rita de Caldas,310051,Poços de Caldas,3109,Pouso Alegre,31,Minas Gerais,MG,3,Sudeste,SE,,,503.011,-22.023719597061117,-46.27139469194776
1715507,Oliveira de Fátima,170002,Porto Nacional,1701,Palmas,17,Tocantins,TO,1,Norte,N,,,209.292,-10.674488005643854,-48.87580534907184
2607505,Itaíba,260011,Arcoverde,2602,Caruaru,26,Pernambuco,PE,2,Nordeste,NE,,,1034.044,-8.986795993398978,-37.291719328960234
3126752,Franciscópolis,310013,Teófilo Otoni,3103,Teófilo Otoni,31,Minas Gerais,MG,3,Sudeste,SE,,,717.087,-17.993334868413083,-41.967934603795726
1400407,Normandia,140002,Pacaraima,1401,Boa Vista,14,Roraima,RR,1,Norte,N,,,6959.982,3.878891485779356,-60.065425658151014
2930006,Sebastião Laranjeiras,290016,Guanambi,2905,Guanambi,29,Bahia,BA,2,Nordeste,NE,,,1982.037,-14.573309315710242,-43.12685390571212
2313203,Tamboril,230013,Crateús,2305,Crateús,23,Ceará,CE,2,Nordeste,NE,,,2011.781,-4.919580480918033,-40.33574874333673
2410108,Poço Branco,240001,Natal,2401,Natal,24,Rio Grande do Norte,RN,2,Nordeste,NE,,,230.401,-5.571509284972893,-35.694352787492925
5219209,Santa Cruz de Goiás,520006,Pires do Rio,5201,Goiânia,52,Goiás,GO,5,Centro-oeste,CO,,,1109.007,-17.35984704318501,-48.59368279545345
3502507,Aparecida,350052,Guaratinguetá,3511,São José dos Campos,35,São Paulo,SP,3,Sudeste,SE,3518404,Guaratinguetá/SP,120.89,-22.91420604012701,-45.23721921739412
4103404,Cafeara,410021,Londrina,4105,Londrina,41,Paraná,PR,4,Sul,S,,,184.255,-22.812480979943405,-51.71126229937566
2807402,Tobias Barreto,280005,Lagarto,2802,Itabaiana,28,Sergipe,SE,2,Nordeste,NE,,,1024.645,-11.042284916547862,-38.00315157614314
2701357,Campestre,270002,Porto Calvo - São Luís do Quitunde,2701,Maceió,27,Alagoas,AL,2,Nordeste,NE,,,65.019,-8.892823449760298,-35.541241548725345
3151008,Piranguinho,310052,Itajubá,3109,Pouso Alegre,31,Minas Gerais,MG,3,Sudeste,SE,3132404,Itajubá/MG,124.803,-22.36297713152403,-45.58655243400429
3110004,Caeté,310001,Belo Horizonte,3101,Belo Horizonte,31,Minas Gerais,MG,3,Sudeste,SE,3106200,Belo Horizonte/MG,542.531,-19.867771882907466,-43.636887082174376
2205854,Madeiro,220008,Esperantina,2202,Parnaíba,22,Piauí,PI,2,Nordeste,NE,,,178.843,-3.5649667191104166,-42.52924571796243
2921807,Mortugaba,290016,Guanambi,2905,Guanambi,29,Bahia,BA,2,Nordeste,NE,,,528.214,-14.972641239502305,-42.320291456764934
4307864,Fagundes Varela,430037,Bento Gonçalves,4307,Caxias do Sul,43,Rio Grande do Sul,RS,4,Sul,S,,,134.476,-28.886555751662208,-51.71755693592551
3143203,Monte Santo de Minas,310047,São Sebastião do Paraíso,3108,Varginha,31,Minas Gerais,MG,3,Sudeste,SE,,,594.632,-21.188395819761396,-46.94667908844599
2914307,Iramaia,290011,Vitória da Conquista,2904,Vitória da Conquista,29,Bahia,BA,2,Nordeste,NE,,,1708.114,-13.46863879625512,-40.92082216513651
1707306,Dueré,170010,Gurupi,1703,Gurupi,17,Tocantins,TO,1,Norte,N,,,3420.657,-11.427228264625066,-49.39127655960586
2615003,Taquaritinga do Norte,260009,Caruaru,2602,Caruaru,26,Pernambuco,PE,2,Nordeste,NE,,,475.183,-7.8694378590467515,-36.13045510825041
2930105,Senhor do Bonfim,290023,Senhor do Bonfim,2908,Juazeiro,29,Bahia,BA,2,Nordeste,NE,,,789.36,-10.484163135278601,-40.115243089794916
2108801,Pirapemas,210004,Itapecuru Mirim,2101,São Luís,21,Maranhão,MA,2,Nordeste,NE,,,688.761,-3.7828608748101704,-44.172593549816845
2305001,Guaraciaba do Norte,230016,São Benedito - Ipu - Guaraciaba do Norte - Tianguá,2306,Sobral,23,Ceará,CE,2,Nordeste,NE,,,624.61,-4.232766779094188,-40.915410419657036
2401909,Caiçara do Rio do Vento,240006,São Paulo do Potengi,2401,Natal,24,Rio Grande do Norte,RN,2,Nordeste,NE,,,261.194,-5.766087605863999,-36.02646184901938
1400506,São João da Baliza,140003,Rorainópolis,1402,Rorainópolis - Caracaraí,14,Roraima,RR,1,Norte,N,,,4284.503,0.6357802335927871,-59.845019941619526
4307203,Erval Grande,430026,Erechim,4306,Passo Fundo,43,Rio Grande do Sul,RS,4,Sul,S,,,285.677,-27.35139052739508,-52.58085189129931
5211008,Itapirapuã,520005,Goiás - Itapuranga,5201,Goiânia,52,Goiás,GO,5,Centro-oeste,CO,,,2047.873,-15.702905298343472,-50.77151654231176
4217956,Tigrinhos,420012,Maravilha,4204,Chapecó,42,Santa Catarina,SC,4,Sul,S,,,56.962,-26.676066618666603,-53.15654634051149
3101805,Alpercata,310020,Governador Valadares,3104,Governador Valadares,31,Minas Gerais,MG,3,Sudeste,SE,,,166.972,-18.98374295053183,-42.019203978137924
2206209,Miguel Alves,220001,Teresina,2201,Teresina,22,Piauí,PI,2,Nordeste,NE,,,1392.122,-4.240515950643068,-42.773556609365414
1302801,Maraã,130005,Tefé,1302,Tefé,13,Amazonas,AM,1,Norte,N,,,16805.602,-2.4238230165095493,-65.04200061867799
4201604,Arroio Trinta,420015,Videira,4205,Caçador,42,Santa Catarina,SC,4,Sul,S,,,93.53,-26.921499118662027,-51.336678147809074
4103370,Brasilândia do Sul,410016,Umuarama,4104,Maringá,41,Paraná,PR,4,Sul,S,,,291.036,-24.166087124021825,-53.541696190171216
3551009,São Vicente,350002,Santos,3501,São Paulo,35,São Paulo,SP,3,Sudeste,SE,3548500,Baixada Santista/SP,147.774,-23.959377518940023,-46.48813835105417
3167707,Sobrália,310020,Governador Valadares,3104,Governador Valadares,31,Minas Gerais,MG,3,Sudeste,SE,,,206.787,-19.218229883931983,-42.14585822339454
3135001,Jaguaraçu,310024,Ipatinga,3105,Ipatinga,31,Minas Gerais,MG,3,Sudeste,SE,3131307,Ipatinga/MG,163.76,-19.637580500321313,-42.71818829222789
3305752,Tanguá,330001,Rio de Janeiro,3301,Rio de Janeiro,33,Rio de Janeiro,RJ,3,Sudeste,SE,3304557,Rio de Janeiro/RJ,143.007,-22.782187430478455,-42.725448505423124
2606804,Igarassu,260001,Recife,2601,Recife,26,Pernambuco,PE,2,Nordeste,NE,2611606,Recife/PE,306.879,-7.817509637340128,-34.96032020902764
2921906,Mucugê,290034,Seabra,2910,Feira de Santana,29,Bahia,BA,2,Nordeste,NE,,,2462.689,-13.065044162447487,-41.47489320121187
2906105,Canápolis,290019,Santa Maria da Vitoria,2906,Barreiras,29,Bahia,BA,2,Nordeste,NE,,,460.388,-13.096592103131812,-44.20355995751878
2100600,Amarante do Maranhão,210019,Imperatriz,2105,Imperatriz,21,Maranhão,MA,2,Nordeste,NE,,,7441.771,-5.278304562339586,-46.58208505350611
4103479,Cafezal do Sul,410016,Umuarama,4104,Maringá,41,Paraná,PR,4,Sul,S,,,335.728,-23.939433271484738,-53.56197587352048
1400472,Rorainópolis,140003,Rorainópolis,1402,Rorainópolis - Caracaraí,14,Roraima,RR,1,Norte,N,,,33579.445,0.03804919833973952,-61.01118010292161
2615102,Terezinha,260010,Garanhuns,2602,Caruaru,26,Pernambuco,PE,2,Nordeste,NE,,,151.625,-9.077226572401377,-36.631217913640064
2508802,Malta,250009,Patos,2503,Patos,25,Paraíba,PB,2,Nordeste,NE,,,172.01,-6.883698079848142,-37.530102832202445
5202809,Avelinópolis,520003,Inhumas - Itaberaí - Anicuns,5201,Goiânia,52,Goiás,GO,5,Centro-oeste,CO,,,170.228,-16.4928692189922,-49.76678392507418
5218508,Quirinópolis,520012,Quirinópolis,5203,Rio Verde,52,Goiás,GO,5,Centro-oeste,CO,,,3786.026,-18.437455216964032,-50.52924399818137
4315354,Quinze de Novembro,430027,Cruz Alta,4306,Passo Fundo,43,Rio Grande do Sul,RS,4,Sul,S,,,223.072,-28.756920891536787,-53.11686878414894
3534500,Oscar Bressane,350013,Marília,3504,Marília,35,São Paulo,SP,3,Sudeste,SE,,,222.13,-22.295353163292525,-50.25736489994503
3305604,Silva Jardim,330003,Rio Bonito,3301,Rio de Janeiro,33,Rio de Janeiro,RJ,3,Sudeste,SE,,,937.755,-22.56757802971093,-42.413354671912586
3501806,Américo de Campos,350027,Votuporanga,3507,São José do Rio Preto,35,São Paulo,SP,3,Sudeste,SE,,,252.876,-20.28938610903996,-49.76801794717491
3126802,Frei Gaspar,310013,Teófilo Otoni,3103,Teófilo Otoni,31,Minas Gerais,MG,3,Sudeste,SE,,,626.672,-18.139692069264676,-41.51067687446291
1400456,Pacaraima,140002,Pacaraima,1401,Boa Vista,14,Roraima,RR,1,Norte,N,,,8019.088,4.1682734452920185,-60.83906217764568
3542800,Ribeira,350004,Itapeva,3502,Sorocaba,35,São Paulo,SP,3,Sudeste,SE,,,335.759,-24.607317704614637,-49.03656331815799
2606903,Iguaracy,260014,Afogados da Ingazeira,2603,Serra Talhada,26,Pernambuco,PE,2,Nordeste,NE,,,836.046,-7.845767518310288,-37.402796944101325
3159506,Santa Rita do Itueto,310023,Aimorés - Resplendor,3104,Governador Valadares,31,Minas Gerais,MG,3,Sudeste,SE,,,485.081,-19.412807622382367,-41.388685791582006
2313252,Tarrafas,230011,Juazeiro do Norte,2304,Juazeiro do Norte,23,Ceará,CE,2,Nordeste,NE,,,412.719,-6.730170572500542,-39.73779007916802
4127858,Três Barras do Paraná,410006,Cascavel,4103,Cascavel,41,Paraná,PR,4,Sul,S,,,506.963,-25.438432187773135,-53.22473670562737
3167806,Soledade de Minas,310053,São Lourenço,3109,Pouso Alegre,31,Minas Gerais,MG,3,Sudeste,SE,,,196.866,-22.026956898887413,-45.02760925408108
3526308,Lagoinha,350050,Taubaté - Pindamonhangaba,3511,São José dos Campos,35,São Paulo,SP,3,Sudeste,SE,,,254.454,-23.085580290405574,-45.20668356702162
2929404,São Miguel das Matas,290003,Santo Antônio de Jesus,2902,Santo Antônio de Jesus,29,Bahia,BA,2,Nordeste,NE,,,230.906,-13.054132764405717,-39.42333854723731
2500601,Alhandra,250001,João Pessoa,2501,João Pessoa,25,Paraíba,PB,2,Nordeste,NE,,,183.974,-7.348619701476772,-34.93332317256807
4103453,Cafelândia,410006,Cascavel,4103,Cascavel,41,Paraná,PR,4,Sul,S,,,275.17,-24.69157555052561,-53.36409510322409
3509957,Canas,350052,Guaratinguetá,3511,São José dos Campos,35,São Paulo,SP,3,Sudeste,SE,,,53.261,-22.730070281381582,-45.04135635657679
1707108,Divinópolis do Tocantins,170003,Paraíso do Tocantins,1701,Palmas,17,Tocantins,TO,1,Norte,N,,,2358.282,-9.695133726824139,-49.35475400531646
5218607,Rialma,520018,Ceres - Rialma - Goianésia,5205,Porangatu - Uruaçu,52,Goiás,GO,5,Centro-oeste,CO,,,268.291,-15.340777624159696,-49.5316716240892
3143005,Monte Belo,310044,Guaxupé,3108,Varginha,31,Minas Gerais,MG,3,Sudeste,SE,,,421.283,-21.31476104227215,-46.32638285831746
4315453,Relvado,430043,Encantado,4308,Santa Cruz do Sul - Lajeado,43,Rio Grande do Sul,RS,4,Sul,S,,,108.188,-29.123288017189857,-52.065257027534386
3118601,Contagem,310001,Belo Horizonte,3101,Belo Horizonte,31,Minas Gerais,MG,3,Sudeste,SE,3106200,Belo Horizonte/MG,194.732,-19.887174177565925,-44.08399262580563
4209854,Lindóia do Sul,420010,Concórdia,4204,Chapecó,42,Santa Catarina,SC,4,Sul,S,,,190.171,-27.03150727985594,-52.05246609757444
3151305,Piraúba,310029,Ubá,3106,Juíz de Fora,31,Minas Gerais,MG,3,Sudeste,SE,,,144.289,-21.263778681304913,-43.02969511377868
4119657,Pitangueiras,410021,Londrina,4105,Londrina,41,Paraná,PR,4,Sul,S,,,123.081,-23.209108069278084,-51.57249360666091
3159605,Santa Rita do Sapucaí,310050,Pouso Alegre,3109,Pouso Alegre,31,Minas Gerais,MG,3,Sudeste,SE,,,352.969,-22.2370395090355,-45.682757153992306
3518107,Guarantã,350012,Lins,3503,Bauru,35,São Paulo,SP,3,Sudeste,SE,,,461.746,-21.91613667320363,-49.58841477869677
2921203,Miguel Calmon,290030,Jacobina,2910,Feira de Santana,29,Bahia,BA,2,Nordeste,NE,,,1599.673,-11.420634447073839,-40.62421677276642
2500577,Algodão de Jandaíra,250005,Campina Grande,2502,Campina Grande,25,Paraíba,PB,2,Nordeste,NE,,,222.74,-6.887931856043858,-35.97225348253298
4323606,Vista Alegre do Prata,430038,Nova Prata - Guaporé,4307,Caxias do Sul,43,Rio Grande do Sul,RS,4,Sul,S,,,120.234,-28.820243615115302,-51.78219152812814
1507102,São Caetano de Odivelas,150001,Belém,1501,Belém,15,Pará,PA,1,Norte,N,,,463.883,-0.8661291735256426,-48.02579245225044
3134806,Jacuí,310047,São Sebastião do Paraíso,3108,Varginha,31,Minas Gerais,MG,3,Sudeste,SE,,,409.229,-21.024432892183217,-46.73562412017379
3143104,Monte Carmelo,310061,Monte Carmelo,3111,Uberlândia,31,Minas Gerais,MG,3,Sudeste,SE,,,1343.035,-18.709190226189364,-47.460950105739705
4218004,Tijucas,420020,Itajaí,4207,Blumenau,42,Santa Catarina,SC,4,Sul,S,,,279.262,-27.24754747446543,-48.70092029514693
3550803,São Sebastião da Grama,350047,São José do Rio Pardo - Mococa,3510,Campinas,35,São Paulo,SP,3,Sudeste,SE,,,252.41,-21.754050222443176,-46.75297803473933
2929370,São José do Jacuípe,290030,Jacobina,2910,Feira de Santana,29,Bahia,BA,2,Nordeste,NE,,,362.365,-11.440049178233668,-39.910340887972225
4201653,Arvoredo,420007,Chapecó,4204,Chapecó,42,Santa Catarina,SC,4,Sul,S,,,90.503,-27.070853561873673,-52.44198670590561
3305554,Seropédica,330001,Rio de Janeiro,3301,Rio de Janeiro,33,Rio de Janeiro,RJ,3,Sudeste,SE,3304557,Rio de Janeiro/RJ,265.189,-22.755537907862443,-43.698568374869325
3151404,Pitangui,310065,Divinópolis,3113,Divinópolis,31,Minas Gerais,MG,3,Sudeste,SE,,,569.636,-19.587790425252795,-44.88645241742135
3110400,Camacho,310065,Divinópolis,3113,Divinópolis,31,Minas Gerais,MG,3,Sudeste,SE,,,223.001,-20.640841122423566,-45.13217500294888
3509908,Cananéia,350005,Registro,3502,Sorocaba,35,São Paulo,SP,3,Sudeste,SE,,,1237.354,-25.01830382185284,-48.008721037206094
5103957,Glória D'Oeste,510006,Mirassol D'oeste,5102,Cáceres,51,Mato Grosso,MT,5,Centro-oeste,CO,,,833.131,-15.839196553851238,-58.32529256020064
4323457,Vila Nova do Sul,430012,São Gabriel - Caçapava do Sul,4303,Santa Maria,43,Rio Grande do Sul,RS,4,Sul,S,,,508.278,-30.345993994865484,-53.87891858425026
2929354,São José da Vitória,290007,Ilhéus - Itabuna,2903,Ilhéus - Itabuna,29,Bahia,BA,2,Nordeste,NE,,,127.925,-15.073448254764676,-39.353794925486
4315404,Redentora,430021,Três Passos,4305,Ijuí,43,Rio Grande do Sul,RS,4,Sul,S,,,303.705,-27.57013824982182,-53.631683984113145
2709400,Viçosa,270006,Atalaia,2701,Maceió,27,Alagoas,AL,2,Nordeste,NE,,,365.154,-9.358967355519125,-36.26551808746449
3126604,Francisco Dumont,310006,Montes Claros,3102,Montes Claros,31,Minas Gerais,MG,3,Sudeste,SE,,,1576.128,-17.46980826366364,-44.26986007384481
3534807,Ouro Verde,350020,Dracena,3505,Presidente Prudente,35,São Paulo,SP,3,Sudeste,SE,,,266.778,-21.510412372617093,-51.73784681648214
1302702,Manicoré,130009,Manicoré,1303,Lábrea,13,Amazonas,AM,1,Norte,N,,,48429.767,-6.459700037682005,-61.44479515355424
2402303,Caraúbas,240009,Mossoró,2403,Mossoró,24,Rio Grande do Norte,RN,2,Nordeste,NE,,,1094.488,-5.767438085017788,-37.58371141708535
3134905,Jacutinga,310050,Pouso Alegre,3109,Pouso Alegre,31,Minas Gerais,MG,3,Sudeste,SE,,,347.667,-22.28775493966753,-46.60098855187035
4209805,Leoberto Leal,420024,Ituporanga,4207,Blumenau,42,Santa Catarina,SC,4,Sul,S,,,293.6,-27.47214024937211,-49.25722236026211
3167608,Simonésia,310028,Manhuaçu,3106,Juíz de Fora,31,Minas Gerais,MG,3,Sudeste,SE,,,486.543,-19.9989556309634,-41.987260734770814
3102209,Alvarenga,310025,Caratinga,3105,Ipatinga,31,Minas Gerais,MG,3,Sudeste,SE,,,295.691,-19.415668966711323,-41.69029459383194
3542602,Registro,350005,Registro,3502,Sorocaba,35,São Paulo,SP,3,Sudeste,SE,,,722.201,-24.503989041519965,-47.82075314501747
2606705,Ibirajuba,260009,Caruaru,2602,Caruaru,26,Pernambuco,PE,2,Nordeste,NE,,,189.596,-8.613398172278298,-36.20142020146736
3550902,São Simão,350031,Ribeirão Preto,3508,Ribeirão Preto,35,São Paulo,SP,3,Sudeste,SE,,,617.252,-21.46152138486133,-47.56827316066486
4127908,Tuneiras do Oeste,410018,Cianorte,4104,Maringá,41,Paraná,PR,4,Sul,S,,,705.229,-23.87950468225483,-52.842259952568206
4111555,Ivaté,410016,Umuarama,4104,Maringá,41,Paraná,PR,4,Sul,S,,,410.221,-23.35405119508276,-53.42435184739065
2701209,Cacimbinhas,270008,Palmeira dos Índios,2702,Arapiraca,27,Alagoas,AL,2,Nordeste,NE,,,282.011,-9.446821478837844,-36.9218251456121
4218350,Treviso,420002,Criciúma,4202,Criciúma,42,Santa Catarina,SC,4,Sul,S,4204608,Criciúma/SC,156.61,-28.49916200537746,-49.48984119240433
2517001,Umbuzeiro,250005,Campina Grande,2502,Campina Grande,25,Paraíba,PB,2,Nordeste,NE,,,185.578,-7.680852635587589,-35.7378355202581
3126703,Francisco Sá,310006,Montes Claros,3102,Montes Claros,31,Minas Gerais,MG,3,Sudeste,SE,,,2747.295,-16.39370032554482,-43.478961553200385
3159407,Santa Rita de Ibitipoca,310037,Barbacena,3107,Barbacena,31,Minas Gerais,MG,3,Sudeste,SE,,,324.234,-21.577217828808298,-43.93020097894042
3526605,Lavrinhas,350053,Cruzeiro,3511,São José dos Campos,35,São Paulo,SP,3,Sudeste,SE,,,166.948,-22.520276970234615,-44.88886111034219
2614857,Tamandaré,260007,Barreiros - Sirinhaém,2601,Recife,26,Pernambuco,PE,2,Nordeste,NE,,,213.75,-8.745744519961395,-35.230028469858574
3534906,Pacaembu,350019,Adamantina - Lucélia,3505,Presidente Prudente,35,São Paulo,SP,3,Sudeste,SE,,,339.375,-21.495565626990103,-51.27421360101117
3142403,Moema,310067,Dores do Indaiá,3113,Divinópolis,31,Minas Gerais,MG,3,Sudeste,SE,,,202.705,-19.84123627908287,-45.407204257382375
4119707,Planaltina do Paraná,410017,Paranavaí,4104,Maringá,41,Paraná,PR,4,Sul,S,,,356.276,-23.091796534624713,-52.93465498875682
3542701,Restinga,350033,Franca,3508,Ribeirão Preto,35,São Paulo,SP,3,Sudeste,SE,3516200,Franca/SP,245.746,-20.64823392267788,-47.50592793034896
5218391,Professor Jamil,520009,Piracanjuba,5202,Itumbiara,52,Goiás,GO,5,Centro-oeste,CO,,,356.292,-17.270766142063902,-49.244942117500045
1715705,Palmeirante,170007,Colinas do Tocantins,1702,Araguaína,17,Tocantins,TO,1,Norte,N,,,2638.465,-7.885946589868741,-48.15628256834673
4323408,Vila Maria,430030,Marau,4306,Passo Fundo,43,Rio Grande do Sul,RS,4,Sul,S,,,181.061,-28.557805802827847,-52.15176923942896
4127882,Tunas do Paraná,410001,Curitiba,4101,Curitiba,41,Paraná,PR,4,Sul,S,,,670.899,-24.952251367373364,-48.90221155456618
1506906,Santarém Novo,150006,Capanema,1502,Castanhal,15,Pará,PA,1,Norte,N,,,229.51,-0.913343988161009,-47.332946626248706
4103354,Braganey,410006,Cascavel,4103,Cascavel,41,Paraná,PR,4,Sul,S,,,343.26,-24.801366854746586,-53.09051751140188
4307054,Ernestina,430025,Passo Fundo,4306,Passo Fundo,43,Rio Grande do Sul,RS,4,Sul,S,,,238.558,-28.420671281038807,-52.55439268668141
2708709,São Miguel dos Milagres,270002,Porto Calvo - São Luís do Quitunde,2701,Maceió,27,Alagoas,AL,2,Nordeste,NE,,,76.852,-9.23075051000021,-35.40694093006644
3118502,Consolação,310050,Pouso Alegre,3109,Pouso Alegre,31,Minas Gerais,MG,3,Sudeste,SE,,,89.122,-22.536459286414637,-45.915545068189004
3526704,Leme,350045,Araras,3510,Campinas,35,São Paulo,SP,3,Sudeste,SE,,,402.871,-22.17215557228127,-47.33761520068215
5202155,Araguapaz,520005,Goiás - Itapuranga,5201,Goiânia,52,Goiás,GO,5,Centro-oeste,CO,,,2188.1,-15.139415919035006,-50.43954306641435
2206050,Massapê do Piauí,220009,Picos,2203,Picos,22,Piauí,PI,2,Nordeste,NE,,,530.169,-7.535771229090074,-41.095442776958706
3151206,Pirapora,310010,Pirapora,3102,Montes Claros,31,Minas Gerais,MG,3,Sudeste,SE,,,549.514,-17.39334670858709,-44.867447487032436
2304954,Guaiúba,230001,Fortaleza,2301,Fortaleza,23,Ceará,CE,2,Nordeste,NE,,,256.053,-4.102253192335264,-38.66984966812836
2108108,Paulo Ramos,210010,Bacabal,2102,Santa Inês - Bacabal,21,Maranhão,MA,2,Nordeste,NE,,,1168.608,-4.521937457793601,-45.3943538459584
4323507,Vista Alegre,430029,Frederico Westphalen,4306,Passo Fundo,43,Rio Grande do Sul,RS,4,Sul,S,,,77.656,-27.324830401845933,-53.510285396468674
3134202,Ituiutaba,310060,Ituiutaba,3111,Uberlândia,31,Minas Gerais,MG,3,Sudeste,SE,,,2598.046,-18.992643824942792,-49.544208454161165
4111506,Ivaiporã,410025,Ivaiporã,4105,Londrina,41,Paraná,PR,4,Sul,S,,,436.378,-24.282609507029232,-51.62933563889328
1507003,Santo Antônio do Tauá,150001,Belém,1501,Belém,15,Pará,PA,1,Norte,N,,,537.619,-1.0932558147540266,-48.18276550418555
4201950,Balneário Arroio do Silva,420004,Araranguá,4202,Criciúma,42,Santa Catarina,SC,4,Sul,S,,,94.662,-29.01980312332863,-49.475444749158676
1400704,Uiramutã,140002,Pacaraima,1401,Boa Vista,14,Roraima,RR,1,Norte,N,,,8102.219,4.684761535522867,-60.27861914811147
1303007,Nhamundá,130010,Parintins,1304,Parintins,13,Amazonas,AM,1,Norte,N,,,14077.252,-1.6825122946473314,-57.654408327850106
2700508,Barra de Santo Antônio,270001,Maceió,2701,Maceió,27,Alagoas,AL,2,Nordeste,NE,2704302,Maceió/AL,131.364,-9.381973746817218,-35.564642783236486
5103361,Conquista D'Oeste,510005,Pontes e Lacerda - Comodoro,5102,Cáceres,51,Mato Grosso,MT,5,Centro-oeste,CO,,,2684.676,-14.634682035529705,-59.332236226492554
3518503,Guareí,350006,Itapetininga,3502,Sorocaba,35,São Paulo,SP,3,Sudeste,SE,,,567.719,-23.370515229214334,-48.21907973529523
4315321,Quevedos,430011,Santa Maria,4303,Santa Maria,43,Rio Grande do Sul,RS,4,Sul,S,,,543.359,-29.309640361716276,-54.06549087732389
5103353,Confresa,510014,Confresa - Vila Rica,5104,Barra do Garças,51,Mato Grosso,MT,5,Centro-oeste,CO,,,5802.302,-10.404166794839657,-51.69857243990624
2313104,Tabuleiro do Norte,230007,Russas - Limoeiro do Norte,2302,Quixadá,23,Ceará,CE,2,Nordeste,NE,,,1047.637,-5.361117829118588,-38.02723663663091
3551207,Sarutaiá,350017,Piraju,3504,Marília,35,São Paulo,SP,3,Sudeste,SE,,,141.608,-23.257509166976327,-49.481747958105984
2929255,São Gabriel,290020,Irecê,2907,Irecê,29,Bahia,BA,2,Nordeste,NE,,,1146.054,-11.066448075049905,-41.69825348109148
3126000,Florestal,310001,Belo Horizonte,3101,Belo Horizonte,31,Minas Gerais,MG,3,Sudeste,SE,,,194.965,-19.86871906011322,-44.442182262166114
4315313,Quatro Irmãos,430026,Erechim,4306,Passo Fundo,43,Rio Grande do Sul,RS,4,Sul,S,,,268.971,-27.84272907422204,-52.47129444184245
4103305,Borrazópolis,410023,Apucarana,4105,Londrina,41,Paraná,PR,4,Sul,S,,,338.354,-23.938791161293114,-51.59052142200394
4218400,Treze de Maio,420003,Tubarão,4202,Criciúma,42,Santa Catarina,SC,4,Sul,S,,,159.833,-28.5662242118607,-49.15419057187589
2108207,Pedreiras,210012,Pedreiras,2102,Santa Inês - Bacabal,21,Maranhão,MA,2,Nordeste,NE,,,261.814,-4.617824769433316,-44.581339487422234
4315305,Quaraí,430016,Santana do Livramento,4304,Uruguaiana,43,Rio Grande do Sul,RS,4,Sul,S,,,3139.995,-30.279467518927344,-56.15303061545136
4128203,União da Vitória,410003,União da Vitória,4101,Curitiba,41,Paraná,PR,4,Sul,S,,,727.443,-26.108800136815056,-51.07323327519597
2615300,Timbaúba,260002,Goiana - Timbaúba,2601,Recife,26,Pernambuco,PE,2,Nordeste,NE,,,287.683,-7.534549824062693,-35.34153933668533
3534708,Ourinhos,350015,Ourinhos,3504,Marília,35,São Paulo,SP,3,Sudeste,SE,3534708,Ourinhos/SP,295.818,-22.952689012792572,-49.85243338691642
2700607,Barra de São Miguel,270001,Maceió,2701,Maceió,27,Alagoas,AL,2,Nordeste,NE,,,74.332,-9.81237051374998,-35.9468633377426
2410504,Rafael Fernandes,240010,Pau dos Ferros,2403,Mossoró,24,Rio Grande do Norte,RN,2,Nordeste,NE,,,78.231,-6.196812546456308,-38.223742060430936
1303106,Nova Olinda do Norte,130001,Manaus,1301,Manaus,13,Amazonas,AM,1,Norte,N,,,5573.414,-3.988991622342308,-58.59975661052186
2914208,Irajuba,290012,Jequié,2904,Vitória da Conquista,29,Bahia,BA,2,Nordeste,NE,,,459.047,-13.230718721500258,-40.05229492456689
2304905,Groaíras,230015,Sobral,2306,Sobral,23,Ceará,CE,2,Nordeste,NE,,,155.68,-3.9123507718702673,-40.36530750336194
4210209,Major Gercino,420021,Brusque,4207,Blumenau,42,Santa Catarina,SC,4,Sul,S,,,306.058,-27.42792581464262,-49.052631910545465
3510302,Capela do Alto,350003,Sorocaba,3502,Sorocaba,35,São Paulo,SP,3,Sudeste,SE,,,169.89,-23.467387857070623,-47.73098869017259
2516904,Uiraúna,250014,Sousa,2504,Sousa - Cajazeiras,25,Paraíba,PB,2,Nordeste,NE,,,293.182,-6.5108470985462885,-38.391637852838315
3117801,Conceição dos Ouros,310050,Pouso Alegre,3109,Pouso Alegre,31,Minas Gerais,MG,3,Sudeste,SE,,,180.236,-22.447735674467083,-45.77507095984667
5210406,Itaberaí,520003,Inhumas - Itaberaí - Anicuns,5201,Goiânia,52,Goiás,GO,5,Centro-oeste,CO,,,1461.916,-16.08089741699138,-49.82285509129343
3543006,Ribeirão Branco,350004,Itapeva,3502,Sorocaba,35,São Paulo,SP,3,Sudeste,SE,,,697.5,-24.256167905822643,-48.77814687766464
2607109,Ingazeira,260014,Afogados da Ingazeira,2603,Serra Talhada,26,Pernambuco,PE,2,Nordeste,NE,,,243.858,-7.713591549513282,-37.41555155848021
1715754,Palmeirópolis,170010,Gurupi,1703,Gurupi,17,Tocantins,TO,1,Norte,N,,,1708.981,-13.019790570108725,-48.34877367853743
2304251,Cruz,230017,Acaraú,2306,Sobral,23,Ceará,CE,2,Nordeste,NE,,,335.921,-2.8965341623832868,-40.32328777837989
2921054,Matina,290016,Guanambi,2905,Guanambi,29,Bahia,BA,2,Nordeste,NE,,,773.852,-13.848771308512713,-42.940009025074644
4307104,Herval,430009,Pelotas,4302,Pelotas,43,Rio Grande do Sul,RS,4,Sul,S,,,1759.717,-32.02090550265816,-53.40148185903133
5103304,Comodoro,510005,Pontes e Lacerda - Comodoro,5102,Cáceres,51,Mato Grosso,MT,5,Centro-oeste,CO,,,21485.018,-13.193665226030054,-59.751364874199446
3526506,Lavínia,350024,Andradina,3506,Araçatuba,35,São Paulo,SP,3,Sudeste,SE,,,537.675,-21.150799302125588,-51.03263162110953
2206100,Matias Olímpio,220008,Esperantina,2202,Parnaíba,22,Piauí,PI,2,Nordeste,NE,,,226.785,-3.7073857657022793,-42.58435927022313
2500536,Alcantil,250005,Campina Grande,2502,Campina Grande,25,Paraíba,PB,2,Nordeste,NE,,,309.896,-7.6899103519528555,-36.046711608748055
4128302,Uniflor,410014,Maringá,4104,Maringá,41,Paraná,PR,4,Sul,S,,,95.731,-23.067215884281612,-52.10960674279876
4202008,Balneário Camboriú,420020,Itajaí,4207,Blumenau,42,Santa Catarina,SC,4,Sul,S,4208203,Itajaí - Balneário Camboriú/SC,45.214,-27.004744546736113,-48.621742564653246
2304236,Croatá,230016,São Benedito - Ipu - Guaraciaba do Norte - Tianguá,2306,Sobral,23,Ceará,CE,2,Nordeste,NE,,,696.351,-4.387728568607668,-40.97510905076119
5218805,Rio Verde,520010,Rio Verde,5203,Rio Verde,52,Goiás,GO,5,Centro-oeste,CO,5218805,Rio Verde,8374.254,-17.739154868139,-51.03851358382203
2906006,Campo Formoso,290023,Senhor do Bonfim,2908,Juazeiro,29,Bahia,BA,2,Nordeste,NE,,,7161.83,-10.25106273916247,-40.72893620910742
2508703,Mãe d'Água,250009,Patos,2503,Patos,25,Paraíba,PB,2,Nordeste,NE,,,228.676,-7.24813297382124,-37.43989651819614
2312403,São Gonçalo do Amarante,230001,Fortaleza,2301,Fortaleza,23,Ceará,CE,2,Nordeste,NE,,,842.679,-3.600549615512191,-39.06054629834206
3543105,Ribeirão Corrente,350033,Franca,3508,Ribeirão Preto,35,São Paulo,SP,3,Sudeste,SE,3516200,Franca/SP,148.332,-20.448928460799646,-47.5733253110334
4210050,Macieira,420014,Caçador,4205,Caçador,42,Santa Catarina,SC,4,Sul,S,,,261.208,-26.803514149760993,-51.35313157584987
1707553,Fátima,170002,Porto Nacional,1701,Palmas,17,Tocantins,TO,1,Norte,N,,,380.374,-10.80975740575887,-48.87232660438056
5006002,Nova Alvorada do Sul,500001,Campo Grande,5001,Campo Grande,50,Mato Grosso do Sul,MS,5,Centro-oeste,CO,,,4027.647,-21.491161303329154,-54.21610901018533
3166956,Serranópolis de Minas,310007,Janaúba,3102,Montes Claros,31,Minas Gerais,MG,3,Sudeste,SE,,,551.954,-15.856824723800857,-42.86092404684473
3501707,Américo Brasiliense,350036,Araraquara,3509,Araraquara,35,São Paulo,SP,3,Sudeste,SE,3503208,Araraquara/SP,122.958,-21.722327797346132,-48.0323773398706
4210035,Luzerna,420008,Joaçaba - Herval d'Oeste,4204,Chapecó,42,Santa Catarina,SC,4,Sul,S,,,117.099,-27.090412929198916,-51.505633101289305
5218789,Rio Quente,520008,Caldas Novas-Morrinhos,5202,Itumbiara,52,Goiás,GO,5,Centro-oeste,CO,,,244.655,-17.832092745892318,-48.78196699071956
3518305,Guararema,350001,São Paulo,3501,São Paulo,35,São Paulo,SP,3,Sudeste,SE,,,270.816,-23.427570101131145,-46.058561883481325
4323804,Xangri-lá,430003,Tramandaí - Osório,4301,Porto Alegre,43,Rio Grande do Sul,RS,4,Sul,S,,,60.756,-29.80791682913529,-50.06969567872621
1507300,São Félix do Xingu,150013,Tucumã - São Félix do Xingu,1504,Redenção,15,Pará,PA,1,Norte,N,,,84212.873,-7.233364877847521,-52.25269762160462
2708600,São Miguel dos Campos,270004,São Miguel dos Campos,2701,Maceió,27,Alagoas,AL,2,Nordeste,NE,,,335.679,-9.772806268404855,-36.10078254211701
5103403,Cuiabá,510001,Cuiabá,5101,Cuiabá,51,Mato Grosso,MT,5,Centro-oeste,CO,5103403,Cuiabá/MT,4327.22,-15.505628247222544,-55.8791383995211
4120101,Porto Amazonas,410027,Ponta Grossa,4106,Ponta Grossa,41,Paraná,PR,4,Sul,S,,,186.581,-25.529760979433494,-49.89528131265258
4307450,Esperança do Sul,430021,Três Passos,4305,Ijuí,43,Rio Grande do Sul,RS,4,Sul,S,,,148.909,-27.328222049145722,-54.00913811635834
3306008,Três Rios,330009,Três Rios - Paraíba do Sul,3303,Petrópolis,33,Rio de Janeiro,RJ,3,Sudeste,SE,3306008,Três Rios - Paraíba do Sul/RJ,322.843,-22.12473148487865,-43.11215155776136
4218202,Timbó,420019,Blumenau,4207,Blumenau,42,Santa Catarina,SC,4,Sul,S,,,128.313,-26.80819199978631,-49.26884807686198
2913507,Iguaí,290011,Vitória da Conquista,2904,Vitória da Conquista,29,Bahia,BA,2,Nordeste,NE,,,860.223,-14.632365295881655,-40.06587006241597
3102050,Alto Caparaó,310028,Manhuaçu,3106,Juíz de Fora,31,Minas Gerais,MG,3,Sudeste,SE,,,103.69,-20.458425018264855,-41.864895636770875
3117876,Confins,310001,Belo Horizonte,3101,Belo Horizonte,31,Minas Gerais,MG,3,Sudeste,SE,3106200,Belo Horizonte/MG,42.462,-19.64222638082801,-43.97497416062971
5300108,Brasília,530001,Distrito Federal,5301,Distrito Federal,53,Distrito Federal,DF,5,Centro-oeste,CO,5300108,Brasília/DF,5760.785,-15.781166274789934,-47.79685083115803
2108009,Pastos Bons,210017,São João dos Patos,2104,Presidente Dutra,21,Maranhão,MA,2,Nordeste,NE,,,1635.178,-6.632213821888958,-44.18064636032883
2929305,São Gonçalo dos Campos,290029,Feira de Santana,2910,Feira de Santana,29,Bahia,BA,2,Nordeste,NE,,,294.768,-12.417177531080169,-38.94137434789419
2500502,Alagoinha,250002,Guarabira,2501,João Pessoa,25,Paraíba,PB,2,Nordeste,NE,,,111.361,-6.961968174567504,-35.522213727474586
2700409,Atalaia,270006,Atalaia,2701,Maceió,27,Alagoas,AL,2,Nordeste,NE,,,533.259,-9.504744984888672,-36.07248749971966
2304202,Crato,230011,Juazeiro do Norte,2304,Juazeiro do Norte,23,Ceará,CE,2,Nordeste,NE,2307304,Juazeiro do Norte/CE,1138.15,-7.235646953510128,-39.489936830082435
3510104,Cândido Rodrigues,350036,Araraquara,3509,Araraquara,35,São Paulo,SP,3,Sudeste,SE,,,70.892,-21.34283280167812,-48.62862400633514
2312502,São João do Jaguaribe,230007,Russas - Limoeiro do Norte,2302,Quixadá,23,Ceará,CE,2,Nordeste,NE,,,279.451,-5.325953215166765,-38.27333738388092
3534757,Ouroeste,350029,Fernandópolis,3507,São José do Rio Preto,35,São Paulo,SP,3,Sudeste,SE,,,288.648,-19.922475546445106,-50.401958886779276
1302900,Maués,130010,Parintins,1304,Parintins,13,Amazonas,AM,1,Norte,N,,,39973.673,-4.984576163353938,-58.06081197391564
5210208,Iporá,520014,Iporá,5204,São Luís de Montes Belos - Iporá,52,Goiás,GO,5,Centro-oeste,CO,,,1027.249,-16.416504138057853,-51.18096042652229
5103379,Cotriguaçu,510009,Juína,5103,Sinop,51,Mato Grosso,MT,5,Centro-oeste,CO,,,9469.956,-9.537854007105906,-58.67515452853919
3518404,Guaratinguetá,350052,Guaratinguetá,3511,São José dos Campos,35,São Paulo,SP,3,Sudeste,SE,3518404,Guaratinguetá/SP,752.636,-22.793502785726727,-45.232847257333404
4111902,Jaguapitã,410021,Londrina,4105,Londrina,41,Paraná,PR,4,Sul,S,,,475.004,-23.06526300038245,-51.556383243408156
3150570,Pintópolis,310011,São Francisco,3102,Montes Claros,31,Minas Gerais,MG,3,Sudeste,SE,,,1228.736,-16.049381157843577,-45.24724731432001
3551108,Sarapuí,350003,Sorocaba,3502,Sorocaba,35,São Paulo,SP,3,Sudeste,SE,,,352.592,-23.664298188586276,-47.785770649566125
2205409,Joaquim Pires,220008,Esperantina,2202,Parnaíba,22,Piauí,PI,2,Nordeste,NE,,,756.188,-3.540533835557301,-42.08422239742128
4315602,Rio Grande,430009,Pelotas,4302,Pelotas,43,Rio Grande do Sul,RS,4,Sul,S,4315602,Rio Grande,2682.85,-32.21764270456869,-52.40369961044598
3142254,Miravânia,310007,Janaúba,3102,Montes Claros,31,Minas Gerais,MG,3,Sudeste,SE,,,602.128,-14.75296432397141,-44.421599568769416
4210001,Luiz Alves,420020,Itajaí,4207,Blumenau,42,Santa Catarina,SC,4,Sul,S,,,260.106,-26.72735194623853,-48.89108168892464
4218301,Três Barras,420017,Mafra,4206,Joinville,42,Santa Catarina,SC,4,Sul,S,,,436.496,-26.16992128430445,-50.25523015766401
2921104,Medeiros Neto,290008,Teixeira de Freitas,2903,Ilhéus - Itabuna,29,Bahia,BA,2,Nordeste,NE,,,1314.108,-17.36144355546183,-40.285423289484285
2905305,Cafarnaum,290020,Irecê,2907,Irecê,29,Bahia,BA,2,Nordeste,NE,,,643.666,-11.733821891511559,-41.50144869168646
4128104,Umuarama,410016,Umuarama,4104,Maringá,41,Paraná,PR,4,Sul,S,4128104,Umuarama/PR,1233.997,-23.679886867971913,-53.41407174466734
2913606,Ilhéus,290007,Ilhéus - Itabuna,2903,Ilhéus - Itabuna,29,Bahia,BA,2,Nordeste,NE,2913606,Ilhéus,1588.556,-14.752740177347949,-39.19180737113424
2304301,Farias Brito,230011,Juazeiro do Norte,2304,Juazeiro do Norte,23,Ceará,CE,2,Nordeste,NE,,,530.54,-6.909455020027981,-39.54906829547557
2410405,Pureza,240001,Natal,2401,Natal,24,Rio Grande do Norte,RN,2,Nordeste,NE,,,504.294,-5.407292813744094,-35.58214430284424
3510203,Capão Bonito,350004,Itapeva,3502,Sorocaba,35,São Paulo,SP,3,Sudeste,SE,,,1640.229,-24.039201549622256,-48.28984088834342
3117836,Cônego Marinho,310009,Januária,3102,Montes Claros,31,Minas Gerais,MG,3,Sudeste,SE,,,1610.469,-14.984688511102291,-44.59639602781059
4103701,Cambé,410021,Londrina,4105,Londrina,41,Paraná,PR,4,Sul,S,4113700,Londrina/PR,499.583,-23.18054263502045,-51.28436549145283
5210307,Israelândia,520014,Iporá,5204,São Luís de Montes Belos - Iporá,52,Goiás,GO,5,Centro-oeste,CO,,,579.19,-16.357670233810648,-50.88126289918745
3150539,Pingo-d'Água,310024,Ipatinga,3105,Ipatinga,31,Minas Gerais,MG,3,Sudeste,SE,,,66.57,-19.743405570956156,-42.42184425629383
4307401,Esmeralda,430039,Vacaria,4307,Caxias do Sul,43,Rio Grande do Sul,RS,4,Sul,S,,,829.587,-28.037618474631028,-51.17004369832481
3542909,Ribeirão Bonito,350037,São Carlos,3509,Araraquara,35,São Paulo,SP,3,Sudeste,SE,,,471.553,-22.060115635970135,-48.185329346414534
2205508,José de Freitas,220001,Teresina,2201,Teresina,22,Piauí,PI,2,Nordeste,NE,,,1538.175,-4.713925490949645,-42.52494668279661
4315701,Rio Pardo,430040,Santa Cruz do Sul,4308,Santa Cruz do Sul - Lajeado,43,Rio Grande do Sul,RS,4,Sul,S,,,2051.112,-30.022769970559818,-52.4369384109625
2516201,Sousa,250014,Sousa,2504,Sousa - Cajazeiras,25,Paraíba,PB,2,Nordeste,NE,,,728.492,-6.739736349085426,-38.22521643184178
1400050,Alto Alegre,140001,Boa Vista,1401,Boa Vista,14,Roraima,RR,1,Norte,N,,,25424.287,3.0716304974164004,-62.74071553051799
4201802,Atalanta,420022,Rio do Sul,4207,Blumenau,42,Santa Catarina,SC,4,Sul,S,,,94.383,-27.437303897787295,-49.742550404146826
3110301,Caldas,310051,Poços de Caldas,3109,Pouso Alegre,31,Minas Gerais,MG,3,Sudeste,SE,,,711.414,-21.89080254449252,-46.3637107125177
3117702,Conceição do Rio Verde,310053,São Lourenço,3109,Pouso Alegre,31,Minas Gerais,MG,3,Sudeste,SE,,,369.681,-21.897323092105264,-45.09082316078655
4210100,Mafra,420017,Mafra,4206,Joinville,42,Santa Catarina,SC,4,Sul,S,,,1404.084,-26.200811709120966,-49.88955904141078
2304285,Eusébio,230001,Fortaleza,2301,Fortaleza,23,Ceará,CE,2,Nordeste,NE,2304400,Fortaleza/CE,78.818,-3.875981156632294,-38.45759891770422
5006309,Paranaíba,500003,Paranaíba - Chapadão do Sul - Cassilândia,5001,Campo Grande,50,Mato Grosso do Sul,MS,5,Centro-oeste,CO,,,5352.02,-19.530198882213963,-51.392757419175716
2905404,Cairu,290005,Valença,2902,Santo Antônio de Jesus,29,Bahia,BA,2,Nordeste,NE,,,448.846,-13.506862226374249,-38.983434211407115
3167004,Serranos,310054,Caxambu - Baependi,3109,Pouso Alegre,31,Minas Gerais,MG,3,Sudeste,SE,,,213.173,-21.830990562966996,-44.536890424585515
4119905,Ponta Grossa,410027,Ponta Grossa,4106,Ponta Grossa,41,Paraná,PR,4,Sul,S,4119905,Ponta Grossa/PR,2044.902,-25.140024672258907,-50.08020047356651
2304277,Ereré,230007,Russas - Limoeiro do Norte,2302,Quixadá,23,Ceará,CE,2,Nordeste,NE,,,349.034,-5.986445096824157,-38.30868417923965
2402204,Canguaretama,240003,Canguaretama,2401,Natal,24,Rio Grande do Norte,RN,2,Nordeste,NE,,,245.485,-6.395087546680653,-35.148459981536845
5103205,Colíder,510007,Sinop,5103,Sinop,51,Mato Grosso,MT,5,Centro-oeste,CO,,,3112.091,-10.630984877592917,-55.468584077697656
1400027,Amajari,140002,Pacaraima,1401,Boa Vista,14,Roraima,RR,1,Norte,N,,,28370.592,3.7324388501586987,-62.43248397469706
2304269,Deputado Irapuan Pinheiro,230006,Quixadá,2302,Quixadá,23,Ceará,CE,2,Nordeste,NE,,,471.134,-5.887034722602408,-39.26616581665087
2921450,Mirante,290011,Vitória da Conquista,2904,Vitória da Conquista,29,Bahia,BA,2,Nordeste,NE,,,1172.861,-14.167820669540955,-40.764087252861216
4307500,Espumoso,430025,Passo Fundo,4306,Passo Fundo,43,Rio Grande do Sul,RS,4,Sul,S,,,783.642,-28.864120034385287,-52.82715993034307
2508000,Juru,250013,Princesa Isabel,2503,Patos,25,Paraíba,PB,2,Nordeste,NE,,,395.075,-7.501794067506307,-37.80316518869476
4218251,Timbó Grande,420014,Caçador,4205,Caçador,42,Santa Catarina,SC,4,Sul,S,,,596.343,-26.624253473763012,-50.66563347324305
3102100,Alto Rio Doce,310037,Barbacena,3107,Barbacena,31,Minas Gerais,MG,3,Sudeste,SE,,,518.053,-21.03576050505524,-43.403398535594064
4201901,Aurora,420022,Rio do Sul,4207,Blumenau,42,Santa Catarina,SC,4,Sul,S,,,207.045,-27.32963165927374,-49.590346987421476
2312304,São Benedito,230016,São Benedito - Ipu - Guaraciaba do Norte - Tianguá,2306,Sobral,23,Ceará,CE,2,Nordeste,NE,,,350.847,-4.040847904449912,-40.969508569178394
3305802,Teresópolis,330007,Petrópolis,3303,Petrópolis,33,Rio de Janeiro,RJ,3,Sudeste,SE,3305802,Teresópolis,773.338,-22.314071244310288,-42.873376759560436
2108058,Paulino Neves,210007,Tutóia - Araioses,2101,São Luís,21,Maranhão,MA,2,Nordeste,NE,,,979.482,-2.8546617375464627,-42.610931639892556
4111704,Jaboti,410026,Ibaiti,4105,Londrina,41,Paraná,PR,4,Sul,S,,,139.217,-23.71811782447051,-50.07981783859528
3158805,Santana do Jacaré,310048,Campo Belo,3108,Varginha,31,Minas Gerais,MG,3,Sudeste,SE,,,106.169,-20.883109728697537,-45.06207594677741
4217600,Siderópolis,420002,Criciúma,4202,Criciúma,42,Santa Catarina,SC,4,Sul,S,4204608,Criciúma/SC,262.002,-28.58327160086727,-49.526695704190985
4323705,Vista Gaúcha,430021,Três Passos,4305,Ijuí,43,Rio Grande do Sul,RS,4,Sul,S,,,90.022,-27.265755900005406,-53.70075084674612
1507201,São Domingos do Capim,150004,Castanhal,1502,Castanhal,15,Pará,PA,1,Norte,N,,,1686.672,-1.8825577859462195,-47.77148841688843
4120002,Porecatu,410021,Londrina,4105,Londrina,41,Paraná,PR,4,Sul,S,,,291.663,-22.742670052224426,-51.40994411644933
3510153,Canitar,350015,Ourinhos,3504,Marília,35,São Paulo,SP,3,Sudeste,SE,3534708,Ourinhos/SP,57.459,-23.018727031570705,-49.791874504361886
2807006,São Miguel do Aleixo,280004,Itabaiana,2802,Itabaiana,28,Sergipe,SE,2,Nordeste,NE,,,140.041,-10.403803630579429,-37.36232818625765
3142304,Moeda,310001,Belo Horizonte,3101,Belo Horizonte,31,Minas Gerais,MG,3,Sudeste,SE,,,154.129,-20.330512485636902,-43.9923649164107
3125952,Fervedouro,310031,Muriaé,3106,Juíz de Fora,31,Minas Gerais,MG,3,Sudeste,SE,,,357.683,-20.680719869124886,-42.34690420911316
2913408,Igaporã,290016,Guanambi,2905,Guanambi,29,Bahia,BA,2,Nordeste,NE,,,836.561,-13.863069293542479,-42.70414371332387
2205458,Joca Marques,220008,Esperantina,2202,Parnaíba,22,Piauí,PI,2,Nordeste,NE,,,169.005,-3.545719602774274,-42.426145893506735
2304103,Crateús,230013,Crateús,2305,Crateús,23,Ceará,CE,2,Nordeste,NE,,,2981.462,-5.199325056297457,-40.71957734363302
4209409,Laguna,420003,Tubarão,4202,Criciúma,42,Santa Catarina,SC,4,Sul,S,4218707,Tubarão - Laguna/SC,333.259,-28.48642345765506,-48.825964939779816
3525854,Jumirim,350003,Sorocaba,3502,Sorocaba,35,São Paulo,SP,3,Sudeste,SE,,,56.685,-23.099624336417516,-47.788129974931714
3305901,Trajano de Moraes,330008,Nova Friburgo,3303,Petrópolis,33,Rio de Janeiro,RJ,3,Sudeste,SE,,,591.152,-22.129749584791547,-42.15496270690599
3502101,Andradina,350024,Andradina,3506,Araçatuba,35,São Paulo,SP,3,Sudeste,SE,,,964.226,-20.835600185882598,-51.32971778674399
3509502,Campinas,350038,Campinas,3510,Campinas,35,São Paulo,SP,3,Sudeste,SE,3509502,Campinas/SP,794.57,-22.883760015789917,-47.0437996052567
4103503,Califórnia,410023,Apucarana,4105,Londrina,41,Paraná,PR,4,Sul,S,,,141.817,-23.668785160753117,-51.33383832074408
3150604,Piracema,310069,Oliveira,3113,Divinópolis,31,Minas Gerais,MG,3,Sudeste,SE,,,280.335,-20.52224118161786,-44.4227098541681
3109600,Cachoeira da Prata,310002,Sete Lagoas,3101,Belo Horizonte,31,Minas Gerais,MG,3,Sudeste,SE,,,61.425,-19.517000993396135,-44.47199782643261
4111803,Jacarezinho,410022,Santo Antônio da Platina,4105,Londrina,41,Paraná,PR,4,Sul,S,,,603.383,-23.150738599749157,-49.94731997437811
4315503,Restinga Sêca,430011,Santa Maria,4303,Santa Maria,43,Rio Grande do Sul,RS,4,Sul,S,,,968.62,-29.817359775286707,-53.343910739547034
2108405,Peri Mirim,210002,Pinheiro,2101,São Luís,21,Maranhão,MA,2,Nordeste,NE,,,397.993,-2.5705583168668547,-44.8958196451141
2929701,Sátiro Dias,290002,Alagoinhas,2901,Salvador,29,Bahia,BA,2,Nordeste,NE,,,949.223,-11.572521710585049,-38.590062834167924
3134103,Itueta,310023,Aimorés - Resplendor,3104,Governador Valadares,31,Minas Gerais,MG,3,Sudeste,SE,,,452.676,-19.372696076721716,-41.1038532321762
1400100,Boa Vista,140001,Boa Vista,1401,Boa Vista,14,Roraima,RR,1,Norte,N,1400100,Boa Vista,5687.037,3.1179149913679702,-60.71795308709822
2807105,Simão Dias,280005,Lagarto,2802,Itabaiana,28,Sergipe,SE,2,Nordeste,NE,,,560.199,-10.756452700117748,-37.82831663215202
2700805,Belém,270008,Palmeira dos Índios,2702,Arapiraca,27,Alagoas,AL,2,Nordeste,NE,,,66.629,-9.557429333650395,-36.491775566090396
1707405,Esperantina,170009,Araguatins,1702,Araguaína,17,Tocantins,TO,1,Norte,N,,,506.175,-5.326292127226835,-48.54031920156187
3166808,Serra do Salitre,310064,Patrocínio,3112,Patos de Minas,31,Minas Gerais,MG,3,Sudeste,SE,,,1295.272,-19.159140626135308,-46.65452743042845
2205300,Jerumenha,220017,Floriano,2206,Floriano,22,Piauí,PI,2,Nordeste,NE,,,1865.94,-7.114979540337874,-43.501559787937744
3101409,Albertina,310050,Pouso Alegre,3109,Pouso Alegre,31,Minas Gerais,MG,3,Sudeste,SE,,,58.01,-22.198539933462563,-46.61370277880706
4201208,Antônio Carlos,420001,Florianópolis,4201,Florianópolis,42,Santa Catarina,SC,4,Sul,S,4205407,Florianópolis/SC,234.422,-27.497474230977783,-48.83098179580674
5210604,Itaguaru,520003,Inhumas - Itaberaí - Anicuns,5201,Goiânia,52,Goiás,GO,5,Centro-oeste,CO,,,241.029,-15.773192277803009,-49.61203457756763
2905206,Caetité,290016,Guanambi,2905,Guanambi,29,Bahia,BA,2,Nordeste,NE,,,2651.537,-13.947967788249306,-42.4766374980403
2409704,Pedro Avelino,240005,João Câmara,2401,Natal,24,Rio Grande do Norte,RN,2,Nordeste,NE,,,952.754,-5.475022329219047,-36.33162552743151
5006358,Paranhos,500009,Amambai,5002,Dourados,50,Mato Grosso do Sul,MS,5,Centro-oeste,CO,,,1307.092,-23.711215946625316,-55.355964374131766
1507151,São Domingos do Araguaia,150009,Marabá,1503,Marabá,15,Pará,PA,1,Norte,N,,,1392.464,-5.657595265243834,-48.73059442173032
4119954,Pontal do Paraná,410002,Paranaguá,4101,Curitiba,41,Paraná,PR,4,Sul,S,,,202.242,-25.636499588601225,-48.474742832098634
2100204,Alcântara,210001,São Luís,2101,São Luís,21,Maranhão,MA,2,Nordeste,NE,,,1167.964,-2.379265521087769,-44.539959038432045
4217550,Serra Alta,420007,Chapecó,4204,Chapecó,42,Santa Catarina,SC,4,Sul,S,,,90.564,-26.69262091174303,-53.025238443617894
4103602,Cambará,410022,Santo Antônio da Platina,4105,Londrina,41,Paraná,PR,4,Sul,S,,,367.462,-22.996925918146236,-50.08324931993424
2921500,Monte Santo,290026,Euclides da Cunha,2909,Paulo Afonso,29,Bahia,BA,2,Nordeste,NE,,,3034.196,-10.3829876128934,-39.454201912213875
4307302,Erval Seco,430029,Frederico Westphalen,4306,Passo Fundo,43,Rio Grande do Sul,RS,4,Sul,S,,,357.181,-27.514063237777194,-53.518721865475484
2708956,Senador Rui Palmeira,270010,Santana do Ipanema,2702,Arapiraca,27,Alagoas,AL,2,Nordeste,NE,,,338.569,-9.39074923169451,-37.51289982506347
3125903,Ferros,310005,Itabira,3101,Belo Horizonte,31,Minas Gerais,MG,3,Sudeste,SE,,,1088.791,-19.24552492000106,-42.9401569245607
5103254,Colniza,510009,Juína,5103,Sinop,51,Mato Grosso,MT,5,Centro-oeste,CO,,,27960.244,-9.292440557540303,-60.3041940360258
2516102,Soledade,250005,Campina Grande,2502,Campina Grande,25,Paraíba,PB,2,Nordeste,NE,,,578.178,-7.100386040455309,-36.37060087731797
3158607,Santana do Deserto,310027,Juiz de Fora,3106,Juíz de Fora,31,Minas Gerais,MG,3,Sudeste,SE,3306008,Três Rios - Paraíba do Sul/RJ,182.655,-21.945970574424646,-43.182805608083186
2205276,Jatobá do Piauí,220003,Campo Maior,2201,Teresina,22,Piauí,PI,2,Nordeste,NE,,,651.747,-4.841175910975884,-41.91824064644214
4119301,Pinhão,410004,Guarapuava,4102,Guarapuava,41,Paraná,PR,4,Sul,S,,,2003.799,-25.78548341079998,-51.632500200262164
3509452,Campina do Monte Alegre,350006,Itapetininga,3502,Sorocaba,35,São Paulo,SP,3,Sudeste,SE,,,184.479,-23.60682527489348,-48.44203460766346
3166907,Serrania,310042,Alfenas,3108,Varginha,31,Minas Gerais,MG,3,Sudeste,SE,,,209.27,-21.554019347168182,-46.09280782663026
3534104,Oriente,350013,Marília,3504,Marília,35,São Paulo,SP,3,Sudeste,SE,3529005,Marília/SP,218.668,-22.141947584715844,-50.09372671522372
3101508,Além Paraíba,310036,Além Paraíba,3106,Juíz de Fora,31,Minas Gerais,MG,3,Sudeste,SE,,,510.25,-21.826448740571962,-42.74646414124581
4323770,Westfália,430041,Lajeado,4308,Santa Cruz do Sul - Lajeado,43,Rio Grande do Sul,RS,4,Sul,S,,,66.875,-29.40614977312878,-51.74318396347601
2401503,Barcelona,240006,São Paulo do Potengi,2401,Natal,24,Rio Grande do Norte,RN,2,Nordeste,NE,,,152.626,-5.9610990027956055,-35.92202295452604
3305208,São Pedro da Aldeia,330013,Cabo Frio,3305,Macaé - Rio das Ostras - Cabo Frio,33,Rio de Janeiro,RJ,3,Sudeste,SE,3300704,Cabo Frio/RJ,332.488,-22.78836411016706,-42.12606724385643
5006200,Nova Andradina,500007,Nova Andradina,5002,Dourados,50,Mato Grosso do Sul,MS,5,Centro-oeste,CO,,,4768.118,-21.925690334140246,-53.42181433801732
2615201,Terra Nova,260017,Salgueiro,2604,Petrolina,26,Pernambuco,PE,2,Nordeste,NE,,,318.709,-8.157690420309345,-39.39746218127222
2507903,Juripiranga,250001,João Pessoa,2501,João Pessoa,25,Paraíba,PB,2,Nordeste,NE,,,78.706,-7.355000247187278,-35.21364565918938
4323754,Vitória das Missões,430020,Santo Ângelo,4305,Ijuí,43,Rio Grande do Sul,RS,4,Sul,S,,,258.454,-28.38121986063557,-54.46384062231237
3501905,Amparo,350048,Amparo,3510,Campinas,35,São Paulo,SP,3,Sudeste,SE,,,445.323,-22.699128790930278,-46.79872856345319
4111100,Itambé,410014,Maringá,4104,Maringá,41,Paraná,PR,4,Sul,S,4115200,Maringá/PR,244.495,-23.706566033398932,-52.00801674787173
3525904,Jundiaí,350039,Jundiaí,3510,Campinas,35,São Paulo,SP,3,Sudeste,SE,3525904,Jundiaí/SP,431.162,-23.194596172029993,-46.91301502234984
5103601,Dom Aquino,510018,Jaciara,5105,Rondonópolis,51,Mato Grosso,MT,5,Centro-oeste,CO,,,2183.603,-15.656315393451196,-54.776527993202045
2913457,Igrapiúna,290005,Valença,2902,Santo Antônio de Jesus,29,Bahia,BA,2,Nordeste,NE,,,591.312,-13.870950505213372,-39.20552819153939
3158706,Santana do Garambéu,310037,Barbacena,3107,Barbacena,31,Minas Gerais,MG,3,Sudeste,SE,,,203.074,-21.636925408007937,-44.066118304951765
4209458,Lajeado Grande,420007,Chapecó,4204,Chapecó,42,Santa Catarina,SC,4,Sul,S,,,65.348,-26.854941308192593,-52.55208513766935
2607000,Inajá,260011,Arcoverde,2602,Caruaru,26,Pernambuco,PE,2,Nordeste,NE,,,1240.961,-8.803466892410679,-37.83933435159823
3142601,Monsenhor Paulo,310040,Varginha,3108,Varginha,31,Minas Gerais,MG,3,Sudeste,SE,,,216.54,-21.733141952504713,-45.48189994785736
2929503,São Sebastião do Passé,290001,Salvador,2901,Salvador,29,Bahia,BA,2,Nordeste,NE,2927408,Salvador/BA,536.678,-12.51717919092082,-38.49824802541802
5202502,Aruanã,520005,Goiás - Itapuranga,5201,Goiânia,52,Goiás,GO,5,Centro-oeste,CO,,,3054.773,-14.805968958093487,-50.93765266682404
2806909,São Francisco,280003,Propriá,2801,Aracaju,28,Sergipe,SE,2,Nordeste,NE,,,83.985,-10.335235185850424,-36.866924877634396
2401602,Bento Fernandes,240001,Natal,2401,Natal,24,Rio Grande do Norte,RN,2,Nordeste,NE,,,301.069,-5.675909264725795,-35.81187395918071
4201273,Arabutã,420010,Concórdia,4204,Chapecó,42,Santa Catarina,SC,4,Sul,S,,,132.585,-27.140887729060324,-52.181633601098596
1715002,Nova Rosalândia,170003,Paraíso do Tocantins,1701,Palmas,17,Tocantins,TO,1,Norte,N,,,514.791,-10.550012315598547,-48.97333177470801
2312700,Senador Pompeu,230006,Quixadá,2302,Quixadá,23,Ceará,CE,2,Nordeste,NE,,,963.256,-5.5869015774231086,-39.433478832575496
4315552,Rio dos Índios,430035,Nonoai,4306,Passo Fundo,43,Rio Grande do Sul,RS,4,Sul,S,,,235.854,-27.252838439616685,-52.87973822879564
2205359,João Costa,220014,São João do Piauí,2204,São Raimundo Nonato,22,Piauí,PI,2,Nordeste,NE,,,1800.237,-8.541683136729855,-42.481669847657585
2108454,Peritoró,210015,Codó,2103,Caxias,21,Maranhão,MA,2,Nordeste,NE,,,824.72,-4.419844689988016,-44.281181968937815
4119251,Pinhal de São Bento,410009,Francisco Beltrão,4103,Cascavel,41,Paraná,PR,4,Sul,S,,,98.062,-26.01575487843297,-53.478083425669716
5218706,Rianápolis,520018,Ceres - Rialma - Goianésia,5205,Porangatu - Uruaçu,52,Goiás,GO,5,Centro-oeste,CO,,,157.379,-15.472610889591412,-49.44155141844732
4102901,Bituruna,410003,União da Vitória,4101,Curitiba,41,Paraná,PR,4,Sul,S,,,1280.76,-26.171305201932153,-51.53529324774265
3517703,Guará,350035,Ituverava,3508,Ribeirão Preto,35,São Paulo,SP,3,Sudeste,SE,,,362.183,-20.48258274534552,-47.77524699058142
3550407,São Pedro,350040,Piracicaba,3510,Campinas,35,São Paulo,SP,3,Sudeste,SE,,,611.51,-22.558423473720346,-47.924395925909124
3502002,Analândia,350046,Rio Claro,3510,Campinas,35,São Paulo,SP,3,Sudeste,SE,,,325.953,-22.121084615068288,-47.67795534779171
3150505,Pimenta,310066,Formiga,3113,Divinópolis,31,Minas Gerais,MG,3,Sudeste,SE,,,414.969,-20.530491866755558,-45.831309965143205
4201257,Apiúna,420019,Blumenau,4207,Blumenau,42,Santa Catarina,SC,4,Sul,S,,,493.49,-27.124502355907044,-49.364244598519136
3109501,Cabo Verde,310044,Guaxupé,3108,Varginha,31,Minas Gerais,MG,3,Sudeste,SE,,,368.206,-21.481566017943184,-46.39149018713202
5218052,Porteirão,520010,Rio Verde,5203,Rio Verde,52,Goiás,GO,5,Centro-oeste,CO,,,606.273,-17.901228927628868,-50.14791572897851
5006275,Paraíso das Águas,500003,Paranaíba - Chapadão do Sul - Cassilândia,5001,Campo Grande,50,Mato Grosso do Sul,MS,5,Centro-oeste,CO,,,5061.433,-19.228185637517697,-53.130335276069175
2304509,Frecheirinha,230015,Sobral,2306,Sobral,23,Ceará,CE,2,Nordeste,NE,,,210.284,-3.710811567361071,-40.82276505781422
3142700,Montalvânia,310009,Januária,3102,Montes Claros,31,Minas Gerais,MG,3,Sudeste,SE,,,1503.755,-14.473190944384127,-44.50153476571232
1506559,Santa Luzia do Pará,150005,Bragança,1502,Castanhal,15,Pará,PA,1,Norte,N,,,1346.502,-1.6566344228543088,-46.92691695128885
2921302,Milagres,290003,Santo Antônio de Jesus,2902,Santo Antônio de Jesus,29,Bahia,BA,2,Nordeste,NE,,,420.357,-12.89994598065489,-39.797586051933735
2929602,Sapeaçu,290004,Cruz das Almas,2902,Santo Antônio de Jesus,29,Bahia,BA,2,Nordeste,NE,,,131.218,-12.725894403699234,-39.21286937515072
3533908,Olímpia,350032,Barretos,3508,Ribeirão Preto,35,São Paulo,SP,3,Sudeste,SE,,,802.393,-20.705220124897096,-48.95958778189634
2516151,Sossêgo,250006,Cuité - Nova Floresta,2502,Campina Grande,25,Paraíba,PB,2,Nordeste,NE,,,147.264,-6.723735342026105,-36.20991399230641
2709004,Tanque d'Arca,270007,Arapiraca,2702,Arapiraca,27,Alagoas,AL,2,Nordeste,NE,,,124.616,-9.55770941880198,-36.42289667190426
5006259,Novo Horizonte do Sul,500007,Nova Andradina,5002,Dourados,50,Mato Grosso do Sul,MS,5,Centro-oeste,CO,,,849.19,-22.603032928184312,-53.78187165546367
3134509,Itutinga,310043,Lavras,3108,Varginha,31,Minas Gerais,MG,3,Sudeste,SE,,,372.018,-21.351285278745916,-44.710243103306574
2409605,Pedra Preta,240005,João Câmara,2401,Natal,24,Rio Grande do Norte,RN,2,Nordeste,NE,,,294.985,-5.524527218235237,-36.079523740915185
3101300,Alagoa,310053,São Lourenço,3109,Pouso Alegre,31,Minas Gerais,MG,3,Sudeste,SE,,,161.356,-22.18662002798954,-44.66063441984857
3550506,São Pedro do Turvo,350015,Ourinhos,3504,Marília,35,São Paulo,SP,3,Sudeste,SE,,,731.221,-22.678939916353748,-49.77231353278498
2921401,Mirangaba,290030,Jacobina,2910,Feira de Santana,29,Bahia,BA,2,Nordeste,NE,,,1751.777,-10.776985012755432,-40.714508814087445
2905602,Camacan,290010,Camacan,2903,Ilhéus - Itabuna,29,Bahia,BA,2,Nordeste,NE,,,584.848,-15.444373397772477,-39.51867657424002
3167202,Sete Lagoas,310002,Sete Lagoas,3101,Belo Horizonte,31,Minas Gerais,MG,3,Sudeste,SE,3167202,Sete Lagoas/MG,536.928,-19.437252186646422,-44.25345982880831
3525706,José Bonifácio,350025,São José do Rio Preto,3507,São José do Rio Preto,35,São Paulo,SP,3,Sudeste,SE,,,860.2,-21.089368821505644,-49.77931603776963
3126307,Fortaleza de Minas,310041,Passos,3108,Varginha,31,Minas Gerais,MG,3,Sudeste,SE,3147907,Passos/MG,218.792,-20.88788707916053,-46.77134317326722
3534005,Onda Verde,350025,São José do Rio Preto,3507,São José do Rio Preto,35,São Paulo,SP,3,Sudeste,SE,,,242.946,-20.617430693585277,-49.24363635040427
4127502,Tibagi,410028,Telêmaco Borba,4106,Ponta Grossa,41,Paraná,PR,4,Sul,S,,,2996.47,-24.65784767463366,-50.4675915644074
2614501,Surubim,260008,Surubim,2601,Recife,26,Pernambuco,PE,2,Nordeste,NE,,,253.296,-7.891885687019405,-35.754419498278466
3109451,Cabeceira Grande,310063,Unaí,3112,Patos de Minas,31,Minas Gerais,MG,3,Sudeste,SE,,,1033.055,-16.076193178267737,-47.12369820132674
2401404,Baía Formosa,240003,Canguaretama,2401,Natal,24,Rio Grande do Norte,RN,2,Nordeste,NE,,,247.484,-6.4347348109139455,-35.04489243611868
5218003,Porangatu,520016,Porangatu,5205,Porangatu - Uruaçu,52,Goiás,GO,5,Centro-oeste,CO,,,4825.287,-13.292282107832305,-49.230639285023194
2304459,Fortim,230008,Aracati,2302,Quixadá,23,Ceará,CE,2,Nordeste,NE,,,285.024,-4.464396261173817,-37.87370423446715
2108256,Pedro do Rosário,210002,Pinheiro,2101,São Luís,21,Maranhão,MA,2,Nordeste,NE,,,1753.867,-2.9890109940546887,-45.4307605423754
3542305,Redenção da Serra,350050,Taubaté - Pindamonhangaba,3511,São José dos Campos,35,São Paulo,SP,3,Sudeste,SE,3549904,São José dos Campos/SP,309.322,-23.253657024920294,-45.52621642412527
3501301,Álvares Machado,350018,Presidente Prudente,3505,Presidente Prudente,35,São Paulo,SP,3,Sudeste,SE,3541406,Presidente Prudente/SP,347.647,-22.13150467462125,-51.51492033345475
3159001,Santana do Riacho,310002,Sete Lagoas,3101,Belo Horizonte,31,Minas Gerais,MG,3,Sudeste,SE,,,677.207,-19.188681085581095,-43.6446748322664
2606309,Granito,260016,Araripina,2604,Petrolina,26,Pernambuco,PE,2,Nordeste,NE,,,521.69,-7.78846362140692,-39.69433751463879
3167301,Silveirânia,310029,Ubá,3106,Juíz de Fora,31,Minas Gerais,MG,3,Sudeste,SE,,,157.456,-21.143368062140294,-43.20304395499375
3525805,Júlio Mesquita,350013,Marília,3504,Marília,35,São Paulo,SP,3,Sudeste,SE,,,128.183,-21.972949566511094,-49.79335375368075
2928901,São Desidério,290018,Barreiras,2906,Barreiras,29,Bahia,BA,2,Nordeste,NE,,,15158.737,-12.802302715354429,-45.49277635964255
3118106,Congonhas do Norte,310002,Sete Lagoas,3101,Belo Horizonte,31,Minas Gerais,MG,3,Sudeste,SE,,,405.671,-18.863356840602457,-43.68716723470943
2100055,Açailândia,210021,Açailândia,2105,Imperatriz,21,Maranhão,MA,2,Nordeste,NE,2100055,Açailândia,5805.158,-4.785820885723706,-47.332429064669235
3142502,Monjolos,310004,Curvelo,3101,Belo Horizonte,31,Minas Gerais,MG,3,Sudeste,SE,,,650.911,-18.387917264779787,-44.023120094293326
5218102,Portelândia,520011,Jataí-Mineiros,5203,Rio Verde,52,Goiás,GO,5,Centro-oeste,CO,,,553.411,-17.351303498588255,-52.7048378223943
2708808,São Sebastião,270007,Arapiraca,2702,Arapiraca,27,Alagoas,AL,2,Nordeste,NE,,,312.746,-9.962409652220266,-36.55018176935724
4119152,Pinhais,410001,Curitiba,4101,Curitiba,41,Paraná,PR,4,Sul,S,4106902,Curitiba/PR,61.008,-25.419820827969613,-49.15558821342582
3150802,Piranga,310038,Conselheiro Lafaiete,3107,Barbacena,31,Minas Gerais,MG,3,Sudeste,SE,,,658.812,-20.6332545772838,-43.29901621975003
1506609,Santa Maria do Pará,150004,Castanhal,1502,Castanhal,15,Pará,PA,1,Norte,N,,,457.724,-1.3744852735844482,-47.521642108428004
1400308,Mucajaí,140001,Boa Vista,1401,Boa Vista,14,Roraima,RR,1,Norte,N,,,12337.85,2.5109709777532347,-61.99678865427728
3159100,Santana dos Montes,310038,Conselheiro Lafaiete,3107,Barbacena,31,Minas Gerais,MG,3,Sudeste,SE,,,196.565,-20.79686172800703,-43.6698143030495
3517604,Guapiara,350004,Itapeva,3502,Sorocaba,35,São Paulo,SP,3,Sudeste,SE,,,408.292,-24.21254188299943,-48.55584364156638
2920700,Maraú,290007,Ilhéus - Itabuna,2903,Ilhéus - Itabuna,29,Bahia,BA,2,Nordeste,NE,,,848.885,-14.155713171721155,-39.15051770794837
5210562,Itaguari,520003,Inhumas - Itaberaí - Anicuns,5201,Goiânia,52,Goiás,GO,5,Centro-oeste,CO,,,142.652,-15.937860843491167,-49.62451058729873
3550308,São Paulo,350001,São Paulo,3501,São Paulo,35,São Paulo,SP,3,Sudeste,SE,3550308,São Paulo/SP,1522.683,-23.650376883591253,-46.648188004236026
4323101,Vicente Dutra,430029,Frederico Westphalen,4306,Passo Fundo,43,Rio Grande do Sul,RS,4,Sul,S,,,193.023,-27.171078556652137,-53.387931777427205
3134301,Itumirim,310043,Lavras,3108,Varginha,31,Minas Gerais,MG,3,Sudeste,SE,3138203,Lavras/MG,234.802,-21.28978428284464,-44.824077950513335
1714880,Nova Olinda,170005,Araguaína,1702,Araguaína,17,Tocantins,TO,1,Norte,N,,,1567.834,-7.637885434956321,-48.360745235850025
4217501,Seara,420010,Concórdia,4204,Chapecó,42,Santa Catarina,SC,4,Sul,S,,,309.627,-27.147832601651864,-52.34069420081701
4127304,Terra Rica,410017,Paranavaí,4104,Maringá,41,Paraná,PR,4,Sul,S,,,698.25,-22.729029963099112,-52.681522556671986
1506583,Santa Maria das Barreiras,150012,Redenção,1504,Redenção,15,Pará,PA,1,Norte,N,,,10330.214,-8.633787536229146,-50.31437023464346
2708907,Satuba,270001,Maceió,2701,Maceió,27,Alagoas,AL,2,Nordeste,NE,2704302,Maceió/AL,41.268,-9.578140194277745,-35.84547244975542
2100154,Água Doce do Maranhão,210007,Tutóia - Araioses,2101,São Luís,21,Maranhão,MA,2,Nordeste,NE,,,442.292,-2.946424227094634,-42.16619487037588
1302207,Juruá,130005,Tefé,1302,Tefé,13,Amazonas,AM,1,Norte,N,,,19300.464,-3.5181164383982195,-66.3094052969317
4110953,Itaipulândia,410007,Foz do Iguaçu,4103,Cascavel,41,Paraná,PR,4,Sul,S,,,328.207,-25.157153818781588,-54.357563336946775
3150901,Piranguçu,310052,Itajubá,3109,Pouso Alegre,31,Minas Gerais,MG,3,Sudeste,SE,3132404,Itajubá/MG,203.619,-22.556638843032935,-45.515469475582364
3509403,Cajuru,350031,Ribeirão Preto,3508,Ribeirão Preto,35,São Paulo,SP,3,Sudeste,SE,,,660.088,-21.275957980191635,-47.31029385278859
3126109,Formiga,310066,Formiga,3113,Divinópolis,31,Minas Gerais,MG,3,Sudeste,SE,,,1501.915,-20.55368219061369,-45.51642844026095
5103452,Denise,510002,Tangará da Serra,5101,Cuiabá,51,Mato Grosso,MT,5,Centro-oeste,CO,,,1273.178,-14.73007608959403,-56.96161613492693
1400282,Iracema,140004,Caracaraí,1402,Rorainópolis - Caracaraí,14,Roraima,RR,1,Norte,N,,,14018.766,2.1819493478549172,-62.40232262183157
4306734,Doutor Maurício Cardoso,430023,Três de Maio,4305,Ijuí,43,Rio Grande do Sul,RS,4,Sul,S,,,255.799,-27.486846698338148,-54.36749604748933
3542107,Rafard,350040,Piracicaba,3510,Campinas,35,São Paulo,SP,3,Sudeste,SE,,,121.645,-23.045163525409084,-47.583775883128645
4314902,Porto Alegre,430001,Porto Alegre,4301,Porto Alegre,43,Rio Grande do Sul,RS,4,Sul,S,4314902,Porto Alegre/RS,495.977,-30.09541030011476,-51.164282267542475
5202353,Arenópolis,520014,Iporá,5204,São Luís de Montes Belos - Iporá,52,Goiás,GO,5,Centro-oeste,CO,,,1075.535,-16.35319213172671,-51.5852268977522
2401453,Baraúna,240009,Mossoró,2403,Mossoró,24,Rio Grande do Norte,RN,2,Nordeste,NE,,,825.681,-5.0927967426611005,-37.61833882522216
3134400,Iturama,310058,Iturama,3110,Uberaba,31,Minas Gerais,MG,3,Sudeste,SE,,,1404.663,-19.71632950980127,-50.344999016218175
4209300,Lages,420005,Lages,4203,Lages,42,Santa Catarina,SC,4,Sul,S,4209300,Lages,2637.66,-28.020467331131307,-50.34057306415396
3305158,São José do Vale do Rio Preto,330007,Petrópolis,3303,Petrópolis,33,Rio de Janeiro,RJ,3,Sudeste,SE,,,220.178,-22.16972647880363,-42.93252262330037
3167103,Serro,310016,Diamantina,3103,Teófilo Otoni,31,Minas Gerais,MG,3,Sudeste,SE,,,1217.813,-18.536423784050072,-43.40178128985188
3534302,Orlândia,350034,São Joaquim da Barra - Orlândia,3508,Ribeirão Preto,35,São Paulo,SP,3,Sudeste,SE,,,291.765,-20.697873991546572,-47.905832630889265
2108306,Penalva,210005,Viana,2101,São Luís,21,Maranhão,MA,2,Nordeste,NE,,,800.916,-3.2515783468664803,-45.29779402434476
2913804,Ipecaetá,290029,Feira de Santana,2910,Feira de Santana,29,Bahia,BA,2,Nordeste,NE,,,372.565,-12.3074190144628,-39.32698552543136
5103437,Curvelândia,510004,Cáceres,5102,Cáceres,51,Mato Grosso,MT,5,Centro-oeste,CO,,,357.212,-15.617106138999684,-57.876437396358966
4102752,Bela Vista da Caroba,410009,Francisco Beltrão,4103,Cascavel,41,Paraná,PR,4,Sul,S,,,148.859,-25.88079103150161,-53.63440499234184
4127403,Terra Roxa,410008,Toledo,4103,Cascavel,41,Paraná,PR,4,Sul,S,,,801.135,-24.20873254546486,-54.06281834943741
2700706,Batalha,270011,Pão de Açúcar - Olho d'Água das Flores - Batalha,2702,Arapiraca,27,Alagoas,AL,2,Nordeste,NE,,,331.752,-9.708621712889451,-37.10062957376376
3126208,Formoso,310063,Unaí,3112,Patos de Minas,31,Minas Gerais,MG,3,Sudeste,SE,,,3686.004,-15.129700352495892,-46.15848159091192
4314753,Poço das Antas,430041,Lajeado,4308,Santa Cruz do Sul - Lajeado,43,Rio Grande do Sul,RS,4,Sul,S,,,67.618,-29.446076707731322,-51.640804150320584
2614402,Solidão,260014,Afogados da Ingazeira,2603,Serra Talhada,26,Pernambuco,PE,2,Nordeste,NE,,,138.6,-7.584725756364657,-37.65138743876522
4201109,Anitápolis,420001,Florianópolis,4201,Florianópolis,42,Santa Catarina,SC,4,Sul,S,,,540.636,-27.87977598719442,-49.1387500969801
4306700,Dona Francisca,430011,Santa Maria,4303,Santa Maria,43,Rio Grande do Sul,RS,4,Sul,S,,,114.149,-29.560537698792245,-53.346402122605625
3117900,Congonhal,310050,Pouso Alegre,3109,Pouso Alegre,31,Minas Gerais,MG,3,Sudeste,SE,,,205.125,-22.14338119515594,-46.041375990396105
2928950,São Domingos,290032,Conceição do Coité,2910,Feira de Santana,29,Bahia,BA,2,Nordeste,NE,,,289.963,-11.454355361132126,-39.58038869878667
3305133,São José de Ubá,330011,Itaperuna,3304,Campos dos Goytacazes,33,Rio de Janeiro,RJ,3,Sudeste,SE,,,249.688,-21.370818022162585,-41.94926453978279
2205706,Luís Correia,220006,Parnaíba,2202,Parnaíba,22,Piauí,PI,2,Nordeste,NE,,,1074.133,-3.0821602964642962,-41.481683328502086
3542206,Rancharia,350018,Presidente Prudente,3505,Presidente Prudente,35,São Paulo,SP,3,Sudeste,SE,,,1591.148,-22.2823415759955,-50.928506811356975
3526100,Juquiá,350005,Registro,3502,Sorocaba,35,São Paulo,SP,3,Sudeste,SE,,,812.799,-24.213666919823357,-47.65226834197186
3158904,Santana do Manhuaçu,310028,Manhuaçu,3106,Juíz de Fora,31,Minas Gerais,MG,3,Sudeste,SE,,,347.362,-20.055957711921845,-41.892311072893705
2205573,Lagoa de São Francisco,220007,Piripiri,2202,Parnaíba,22,Piauí,PI,2,Nordeste,NE,,,155.86,-4.363968560602456,-41.58142247748418
5005608,Miranda,500012,Aquidauana - Anastácio,5003,Corumbá,50,Mato Grosso do Sul,MS,5,Centro-oeste,CO,,,5470.975,-20.121182279867597,-56.596249661652
2100105,Afonso Cunha,210013,Caxias,2103,Caxias,21,Maranhão,MA,2,Nordeste,NE,,,371.767,-4.214778147606291,-43.29735622615132
3534401,Osasco,350001,São Paulo,3501,São Paulo,35,São Paulo,SP,3,Sudeste,SE,3550308,São Paulo/SP,64.999,-23.52865525805316,-46.78927534850941
2304350,Forquilha,230015,Sobral,2306,Sobral,23,Ceará,CE,2,Nordeste,NE,2312908,Sobral/CE,568.778,-3.8223540255817468,-40.225473085381424
2205565,Lagoa do Barro do Piauí,220014,São João do Piauí,2204,São Raimundo Nonato,22,Piauí,PI,2,Nordeste,NE,,,1331.025,-8.568536115748449,-41.59980114631363
4306551,Dom Pedro de Alcântara,430008,Torres,4301,Porto Alegre,43,Rio Grande do Sul,RS,4,Sul,S,,,78.216,-29.36757862499398,-49.855392428392435
4322905,Viadutos,430026,Erechim,4306,Passo Fundo,43,Rio Grande do Sul,RS,4,Sul,S,,,266.67,-27.571815825992044,-51.9940640962359
2516508,Taperoá,250005,Campina Grande,2502,Campina Grande,25,Paraíba,PB,2,Nordeste,NE,,,628.365,-7.220844649348416,-36.83070050338317
1506401,Santa Cruz do Arari,150021,Soure-Salvaterra,1507,Breves,15,Pará,PA,1,Norte,N,,,1076.652,-0.5833500281889772,-49.31385903517389
3118007,Congonhas,310038,Conselheiro Lafaiete,3107,Barbacena,31,Minas Gerais,MG,3,Sudeste,SE,3118304,Conselheiro Lafaiete/MG,304.067,-20.516106958623034,-43.8616257638611
2606200,Goiana,260002,Goiana - Timbaúba,2601,Recife,26,Pernambuco,PE,2,Nordeste,NE,,,445.406,-7.596875580756555,-34.942495245187935
4119202,Pinhalão,410026,Ibaiti,4105,Londrina,41,Paraná,PR,4,Sul,S,,,220.049,-23.90364872023821,-50.06114836198304
2205557,Lagoa Alegre,220001,Teresina,2201,Teresina,22,Piauí,PI,2,Nordeste,NE,,,394.207,-4.489838903043494,-42.56486245839917
2708204,São Brás,270003,Penedo,2701,Maceió,27,Alagoas,AL,2,Nordeste,NE,,,138.969,-10.10874598485897,-36.862166866811336
3305109,São João de Meriti,330001,Rio de Janeiro,3301,Rio de Janeiro,33,Rio de Janeiro,RJ,3,Sudeste,SE,3304557,Rio de Janeiro/RJ,35.216,-22.785148376874943,-43.365304382782426
3526209,Juquitiba,350001,São Paulo,3501,São Paulo,35,São Paulo,SP,3,Sudeste,SE,,,523.074,-23.95533467110602,-47.02445962418042
4217808,Taió,420022,Rio do Sul,4207,Blumenau,42,Santa Catarina,SC,4,Sul,S,,,693.847,-27.078455809088812,-50.09243482129211
3150703,Pirajuba,310057,Frutal,3110,Uberaba,31,Minas Gerais,MG,3,Sudeste,SE,,,337.98,-19.940254495192466,-48.65776017887388
3517901,Guaraci,350032,Barretos,3508,Ribeirão Preto,35,São Paulo,SP,3,Sudeste,SE,,,641.501,-20.374771102103416,-49.00271966288174
1707009,Dianópolis,170011,Dianópolis,1703,Gurupi,17,Tocantins,TO,1,Norte,N,,,3318.094,-11.694803420389116,-46.79575062048778
2205540,Lagoinha do Piauí,220002,Amarante - Água Branca - Regeneração,2201,Teresina,22,Piauí,PI,2,Nordeste,NE,,,67.649,-5.820105776054137,-42.62736712090748
4314704,Planalto,430035,Nonoai,4306,Passo Fundo,43,Rio Grande do Sul,RS,4,Sul,S,,,228.552,-27.335690563800302,-53.07795536115045
2508307,Lagoa Seca,250005,Campina Grande,2502,Campina Grande,25,Paraíba,PB,2,Nordeste,NE,2504009,Campina Grande/PB,108.219,-7.146247068925253,-35.86632472047804
2107605,Palmeirândia,210002,Pinheiro,2101,São Luís,21,Maranhão,MA,2,Nordeste,NE,,,532.161,-2.691991373340762,-45.02339473600044
4111001,Itambaracá,410024,Cornélio Procópio - Bandeirantes,4105,Londrina,41,Paraná,PR,4,Sul,S,,,207.342,-22.98279370091524,-50.414009581005494
1506500,Santa Izabel do Pará,150001,Belém,1501,Belém,15,Pará,PA,1,Norte,N,,,717.662,-1.365206772171004,-48.12930745057216
2205532,Jurema,220013,São Raimundo Nonato,2204,São Raimundo Nonato,22,Piauí,PI,2,Nordeste,NE,,,1271.881,-9.014467944199232,-43.16563673933097
5103502,Diamantino,510003,Diamantino,5101,Cuiabá,51,Mato Grosso,MT,5,Centro-oeste,CO,,,8263.397,-14.095738291721414,-56.804568696462454
1302504,Manacapuru,130004,Manacapuru,1301,Manaus,13,Amazonas,AM,1,Norte,N,,,7318.909,-3.288559948932989,-60.961461115958826
4323002,Viamão,430001,Porto Alegre,4301,Porto Alegre,43,Rio Grande do Sul,RS,4,Sul,S,4314902,Porto Alegre/RS,1496.019,-30.166998596921673,-50.86932483052825
3518008,Guarani d'Oeste,350029,Fernandópolis,3507,São José do Rio Preto,35,São Paulo,SP,3,Sudeste,SE,,,85.7,-20.066833607770327,-50.34460806371997
3501152,Alumínio,350003,Sorocaba,3502,Sorocaba,35,São Paulo,SP,3,Sudeste,SE,3552205,Sorocaba/SP,83.619,-23.53300038992446,-47.28124763164469
4209607,Lauro Müller,420002,Criciúma,4202,Criciúma,42,Santa Catarina,SC,4,Sul,S,,,271.852,-28.384585380290638,-49.45193164386825
3125507,São Gonçalo do Rio Preto,310016,Diamantina,3103,Teófilo Otoni,31,Minas Gerais,MG,3,Sudeste,SE,,,314.458,-18.076344888301687,-43.35850325780963
2205524,Júlio Borges,220015,Corrente,2205,Corrente - Bom Jesus,22,Piauí,PI,2,Nordeste,NE,,,1283.918,-10.42535410825328,-44.174554647997724
4217907,Tangará,420015,Videira,4205,Caçador,42,Santa Catarina,SC,4,Sul,S,,,390.044,-27.147028630409356,-51.147068910857485
5209804,Hidrolina,520017,Uruaçu - Niquelândia,5205,Porangatu - Uruaçu,52,Goiás,GO,5,Centro-oeste,CO,,,583.756,-14.73953759055855,-49.36304991328786
5102850,Castanheira,510009,Juína,5103,Sinop,51,Mato Grosso,MT,5,Centro-oeste,CO,,,3713.465,-10.940726042838849,-58.602797238568684
2312601,São Luís do Curu,230001,Fortaleza,2301,Fortaleza,23,Ceará,CE,2,Nordeste,NE,,,122.865,-3.646297134832747,-39.26447808070864
3550704,São Sebastião,350051,Caraguatatuba - Ubatuba - São Sebastião,3511,São José dos Campos,35,São Paulo,SP,3,Sudeste,SE,3510500,Caraguatatuba - Ubatuba - São Sebastião/SP,402.395,-23.75223790068938,-45.60561418165491
2205516,Juazeiro do Piauí,220003,Campo Maior,2201,Teresina,22,Piauí,PI,2,Nordeste,NE,,,935.404,-4.9583056455946375,-41.58956816183449
1715150,Novo Alegre,170011,Dianópolis,1703,Gurupi,17,Tocantins,TO,1,Norte,N,,,200.411,-12.914262161348821,-46.559628727354195
4314803,Portão,430002,Novo Hamburgo - São Leopoldo,4301,Porto Alegre,43,Rio Grande do Sul,RS,4,Sul,S,4314902,Porto Alegre/RS,159.307,-29.701006324314193,-51.24867455064144
1400175,Cantá,140001,Boa Vista,1401,Boa Vista,14,Roraima,RR,1,Norte,N,,,7664.831,2.272836715854963,-60.542284969834135
4102802,Bela Vista do Paraíso,410021,Londrina,4105,Londrina,41,Paraná,PR,4,Sul,S,,,246.225,-23.005345775664374,-51.23481201707699
2107704,Paraibano,210017,São João dos Patos,2104,Presidente Dutra,21,Maranhão,MA,2,Nordeste,NE,,,530.517,-6.403787072414825,-43.92399144948756
2807303,Telha,280003,Propriá,2801,Aracaju,28,Sergipe,SE,2,Nordeste,NE,,,47.86,-10.193128079861618,-36.889515784170335
2500106,Água Branca,250009,Patos,2503,Patos,25,Paraíba,PB,2,Nordeste,NE,,,241.662,-7.470487708506976,-37.66262186837954
3534203,Orindiúva,350025,São José do Rio Preto,3507,São José do Rio Preto,35,São Paulo,SP,3,Sudeste,SE,,,247.378,-20.20159711140372,-49.35548317294906
4127700,Toledo,410008,Toledo,4103,Cascavel,41,Paraná,PR,4,Sul,S,4127700,Toledo/PR,1197.223,-24.7047844286647,-53.778038710346124
3509809,Campos Novos Paulista,350013,Marília,3504,Marília,35,São Paulo,SP,3,Sudeste,SE,,,484.199,-22.61086749644886,-50.01028192960595
2401859,Caiçara do Norte,240005,João Câmara,2401,Natal,24,Rio Grande do Norte,RN,2,Nordeste,NE,,,225.633,-5.19184039268194,-36.08329556422497
3109907,Caetanópolis,310002,Sete Lagoas,3101,Belo Horizonte,31,Minas Gerais,MG,3,Sudeste,SE,,,156.039,-19.342510631415482,-44.403440581667
1715259,Novo Jardim,170011,Dianópolis,1703,Gurupi,17,Tocantins,TO,1,Norte,N,,,1213.893,-11.779014524758892,-46.57036078784372
4314787,Ponte Preta,430026,Erechim,4306,Passo Fundo,43,Rio Grande do Sul,RS,4,Sul,S,,,99.504,-27.654806095006887,-52.50622120064139
2700102,Água Branca,270009,Delmiro Gouveia,2702,Arapiraca,27,Alagoas,AL,2,Nordeste,NE,,,473.845,-9.2650262610044,-37.898720207065125
1400159,Bonfim,140001,Boa Vista,1401,Boa Vista,14,Roraima,RR,1,Norte,N,,,8079.84,2.787602111442222,-60.10061600460145
2913705,Inhambupe,290002,Alagoinhas,2901,Salvador,29,Bahia,BA,2,Nordeste,NE,,,1082.283,-11.805115926177903,-38.403814692657356
3117306,Conceição das Alagoas,310055,Uberaba,3110,Uberaba,31,Minas Gerais,MG,3,Sudeste,SE,,,1340.25,-19.959758041321308,-48.36147834592592
5209903,Iaciara,520021,Posse-Campos Belos,5206,Luziânia - Águas Lindas de Goiás,52,Goiás,GO,5,Centro-oeste,CO,,,1547.183,-14.090571704657624,-46.755073871336876
2304400,Fortaleza,230001,Fortaleza,2301,Fortaleza,23,Ceará,CE,2,Nordeste,NE,2304400,Fortaleza/CE,312.353,-3.785832860545777,-38.528000649499745
3542503,Reginópolis,350009,Bauru,3503,Bauru,35,São Paulo,SP,3,Sudeste,SE,,,410.406,-21.883160400896102,-49.18046051732267
5005400,Maracaju,500005,Dourados,5002,Dourados,50,Mato Grosso do Sul,MS,5,Centro-oeste,CO,,,5396.905,-21.54335294270873,-55.39682943132324
3158953,Santana do Paraíso,310024,Ipatinga,3105,Ipatinga,31,Minas Gerais,MG,3,Sudeste,SE,3131307,Ipatinga/MG,275.575,-19.384981423148478,-42.52044368682602
4209706,Lebon Régis,420014,Caçador,4205,Caçador,42,Santa Catarina,SC,4,Sul,S,,,941.641,-26.858429147948268,-50.70256881539371
4314779,Pontão,430025,Passo Fundo,4306,Passo Fundo,43,Rio Grande do Sul,RS,4,Sul,S,,,502.709,-28.036289662248414,-52.64125292827293
4119509,Piraquara,410001,Curitiba,4101,Curitiba,41,Paraná,PR,4,Sul,S,4106902,Curitiba/PR,225.065,-25.47235754650228,-49.052703248763486
4103156,Bom Jesus do Sul,410009,Francisco Beltrão,4103,Cascavel,41,Paraná,PR,4,Sul,S,,,175.536,-26.162904899942227,-53.55314727589294
2205607,Landri Sales,220017,Floriano,2206,Floriano,22,Piauí,PI,2,Nordeste,NE,,,1088.583,-7.295758849669947,-43.927849047485864
4127809,Tomazina,410022,Santo Antônio da Platina,4105,Londrina,41,Paraná,PR,4,Sul,S,,,591.939,-23.725401971188248,-49.96277120543831
2516300,Sumé,250008,Sumé,2502,Campina Grande,25,Paraíba,PB,2,Nordeste,NE,,,833.315,-7.678372873428482,-36.90061814274734
4306601,Dom Pedrito,430010,Bagé,4302,Pelotas,43,Rio Grande do Sul,RS,4,Sul,S,,,5194.051,-31.057088288402916,-54.66510500369724
2205599,Lagoa do Sítio,220004,Valença do Piauí,2201,Teresina,22,Piauí,PI,2,Nordeste,NE,,,805.018,-6.490070409906875,-41.48638664866696
3526001,Junqueirópolis,350020,Dracena,3505,Presidente Prudente,35,São Paulo,SP,3,Sudeste,SE,,,583.273,-21.448959920785583,-51.435001602455905
2905503,Caldeirão Grande,290030,Jacobina,2910,Feira de Santana,29,Bahia,BA,2,Nordeste,NE,,,458.311,-11.039859487929139,-40.22183032514573
2410009,Pilões,240010,Pau dos Ferros,2403,Mossoró,24,Rio Grande do Norte,RN,2,Nordeste,NE,,,82.69,-6.2865964499064,-38.02921662179768
3101706,Almenara,310015,Almenara,3103,Teófilo Otoni,31,Minas Gerais,MG,3,Sudeste,SE,,,2294.426,-16.09108043229502,-40.72377549681956
3133758,Itaú de Minas,310041,Passos,3108,Varginha,31,Minas Gerais,MG,3,Sudeste,SE,,,153.421,-20.73688621239956,-46.77162275229434
4201505,Armazém,420003,Tubarão,4202,Criciúma,42,Santa Catarina,SC,4,Sul,S,,,173.958,-28.237880638416648,-49.01467766980701
5218300,Posse,520021,Posse-Campos Belos,5206,Luziânia - Águas Lindas de Goiás,52,Goiás,GO,5,Centro-oeste,CO,,,2076.99,-14.229943703451248,-46.43561107822359
5102793,Carlinda,510010,Alta Floresta,5103,Sinop,51,Mato Grosso,MT,5,Centro-oeste,CO,,,2421.788,-10.106383085871641,-55.83415923693507
2508109,Lagoa,250012,Pombal,2503,Patos,25,Paraíba,PB,2,Nordeste,NE,,,176.649,-6.587554633577553,-37.888164611374606
5201702,Aragarças,520014,Iporá,5204,São Luís de Montes Belos - Iporá,52,Goiás,GO,5,Centro-oeste,CO,,,661.673,-15.969411911356797,-52.14609534393824
4111308,Itaúna do Sul,410017,Paranavaí,4104,Maringá,41,Paraná,PR,4,Sul,S,,,127.002,-22.728575793830075,-52.897822129099524
2516409,Tacima,250002,Guarabira,2501,João Pessoa,25,Paraíba,PB,2,Nordeste,NE,,,245.237,-6.537822706486563,-35.518227270664056
1506807,Santarém,150015,Santarém,1505,Santarém,15,Pará,PA,1,Norte,N,1506807,Santarém,17900.01,-2.67930955246557,-55.2384323469457
2311900,Saboeiro,230009,Iguatu,2303,Iguatu,23,Ceará,CE,2,Nordeste,NE,,,1381.274,-6.484326902839367,-39.8886097434733
4119608,Pitanga,410005,Pitanga,4102,Guarapuava,41,Paraná,PR,4,Sul,S,,,1687.454,-24.692829515282437,-51.78079119659603
4315131,Pouso Novo,430041,Lajeado,4308,Santa Cruz do Sul - Lajeado,43,Rio Grande do Sul,RS,4,Sul,S,,,105.338,-29.157992862083375,-52.22865320991203
4323309,Vila Flores,430037,Bento Gonçalves,4307,Caxias do Sul,43,Rio Grande do Sul,RS,4,Sul,S,,,107.704,-28.858850062807626,-51.55288193274182
2205581,Lagoa do Piauí,220001,Teresina,2201,Teresina,22,Piauí,PI,2,Nordeste,NE,,,435.871,-5.462469870494043,-42.605896748412526
4217709,Sombrio,420004,Araranguá,4202,Criciúma,42,Santa Catarina,SC,4,Sul,S,,,143.428,-29.070187015316908,-49.65592821540455
1302553,Manaquiri,130001,Manaus,1301,Manaus,13,Amazonas,AM,1,Norte,N,,,4016.877,-3.774862858598013,-60.69771965107111
3517802,Guaraçaí,350024,Andradina,3506,Araçatuba,35,São Paulo,SP,3,Sudeste,SE,,,569.222,-21.086430825869083,-51.27946364206622
3501202,Álvares Florence,350027,Votuporanga,3507,São José do Rio Preto,35,São Paulo,SP,3,Sudeste,SE,,,362.411,-20.289554435362835,-49.92025146325855
2303709,Caucaia,230001,Fortaleza,2301,Fortaleza,23,Ceará,CE,2,Nordeste,NE,2304400,Fortaleza/CE,1223.199,-3.7835988067905215,-38.80969102465853
2401800,Brejinho,240001,Natal,2401,Natal,24,Rio Grande do Norte,RN,2,Nordeste,NE,,,61.559,-6.218173310994457,-35.383587054439445
3141900,Minduri,310054,Caxambu - Baependi,3109,Pouso Alegre,31,Minas Gerais,MG,3,Sudeste,SE,,,219.774,-21.67492391873666,-44.613943091576836
3305505,Saquarema,330001,Rio de Janeiro,3301,Rio de Janeiro,33,Rio de Janeiro,RJ,3,Sudeste,SE,3304557,Rio de Janeiro/RJ,352.129,-22.878140681011377,-42.51884178071403
2508208,Lagoa de Dentro,250002,Guarabira,2501,João Pessoa,25,Paraíba,PB,2,Nordeste,NE,,,83.508,-6.678903780978503,-35.3613050803093
1400233,Caroebe,140003,Rorainópolis,1402,Rorainópolis - Caracaraí,14,Roraima,RR,1,Norte,N,,,12064.399,0.9146330347041489,-59.33817072501877
2107506,Paço do Lumiar,210001,São Luís,2101,São Luís,21,Maranhão,MA,2,Nordeste,NE,2111300,São Luís/MA,127.275,-2.5052011923739044,-44.12410830952647
4111407,Ivaí,410027,Ponta Grossa,4106,Ponta Grossa,41,Paraná,PR,4,Sul,S,,,600.209,-24.988539080379976,-50.85845562808554
2928802,Santo Estêvão,290029,Feira de Santana,2910,Feira de Santana,29,Bahia,BA,2,Nordeste,NE,,,360.334,-12.468335546283877,-39.269011510492476
4315107,Porto Xavier,430024,Cerro Largo,4305,Ijuí,43,Rio Grande do Sul,RS,4,Sul,S,,,281.497,-27.93201983124054,-55.14316439040903
4306932,Entre-Ijuís,430020,Santo Ângelo,4305,Ijuí,43,Rio Grande do Sul,RS,4,Sul,S,,,553.915,-28.459545214321533,-54.30198477038993
2913002,Ibitiara,290034,Seabra,2910,Feira de Santana,29,Bahia,BA,2,Nordeste,NE,,,1834.003,-12.575885320216774,-42.28269423132858
3109709,Cachoeira de Minas,310050,Pouso Alegre,3109,Pouso Alegre,31,Minas Gerais,MG,3,Sudeste,SE,,,304.243,-22.362450257956564,-45.79280070974682
4209508,Laurentino,420022,Rio do Sul,4207,Blumenau,42,Santa Catarina,SC,4,Sul,S,,,79.333,-27.207982300004947,-49.73361403188157
3509601,Campo Limpo Paulista,350039,Jundiaí,3510,Campinas,35,São Paulo,SP,3,Sudeste,SE,3525904,Jundiaí/SP,79.504,-23.217909316943164,-46.760113862414435
3133709,Itatiaiuçu,310065,Divinópolis,3113,Divinópolis,31,Minas Gerais,MG,3,Sudeste,SE,,,294.181,-20.20943791654945,-44.45305486649341
4306924,Engenho Velho,430028,Carazinho,4306,Passo Fundo,43,Rio Grande do Sul,RS,4,Sul,S,,,71.191,-27.684772555121814,-52.90872845614963
2401651,Bodó,240008,Currais Novos,2402,Caicó,24,Rio Grande do Norte,RN,2,Nordeste,NE,,,253.519,-5.962905014536125,-36.441742995630456
5209705,Hidrolândia,520001,Goiânia,5201,Goiânia,52,Goiás,GO,5,Centro-oeste,CO,5208707,Goiânia/GO,952.122,-17.011514716209913,-49.26682084270144
4103222,Bom Sucesso do Sul,410010,Pato Branco,4103,Cascavel,41,Paraná,PR,4,Sul,S,,,198.58,-26.085308559097854,-52.8388136258722
2303808,Cedro,230009,Iguatu,2303,Iguatu,23,Ceará,CE,2,Nordeste,NE,,,729.97,-6.569747443456568,-39.09319234274355
1400209,Caracaraí,140004,Caracaraí,1402,Rorainópolis - Caracaraí,14,Roraima,RR,1,Norte,N,,,47385.318,0.9908428584176479,-61.471372094105654
2904803,Caatiba,290011,Vitória da Conquista,2904,Vitória da Conquista,29,Bahia,BA,2,Nordeste,NE,,,512.436,-14.995802487356285,-40.36410744913981
2920601,Maragogipe,290006,Nazaré - Maragogipe,2902,Santo Antônio de Jesus,29,Bahia,BA,2,Nordeste,NE,,,437.61,-12.823005808893278,-38.93826963021175
2807204,Siriri,280001,Aracaju,2801,Aracaju,28,Sergipe,SE,2,Nordeste,NE,2800308,Aracaju/SE,168.343,-10.574919965475281,-37.12523048718452
4306908,Encruzilhada do Sul,430040,Santa Cruz do Sul,4308,Santa Cruz do Sul - Lajeado,43,Rio Grande do Sul,RS,4,Sul,S,,,3345.675,-30.629835910907417,-52.6720903504438
4127601,Tijucas do Sul,410001,Curitiba,4101,Curitiba,41,Paraná,PR,4,Sul,S,,,672.599,-25.901687323319983,-49.11202514318436
4103206,Bom Sucesso,410023,Apucarana,4105,Londrina,41,Paraná,PR,4,Sul,S,,,321.56,-23.713006635660104,-51.823920086848496
2515708,Serra Grande,250015,Cajazeiras,2504,Sousa - Cajazeiras,25,Paraíba,PB,2,Nordeste,NE,,,64.352,-7.22924048829655,-38.379509874003034
4201307,Araquari,420016,Joinville,4206,Joinville,42,Santa Catarina,SC,4,Sul,S,4209102,Joinville/SC,386.693,-26.46170808672716,-48.75777734398953
3101631,Alfredo Vasconcelos,310037,Barbacena,3107,Barbacena,31,Minas Gerais,MG,3,Sudeste,SE,3105608,Barbacena/MG,130.815,-21.139042978997278,-43.71250983671802
3109808,Cachoeira Dourada,310060,Ituiutaba,3111,Uberlândia,31,Minas Gerais,MG,3,Sudeste,SE,,,203.07,-18.607331053511153,-49.478920027012656
2409803,Pedro Velho,240003,Canguaretama,2401,Natal,24,Rio Grande do Norte,RN,2,Nordeste,NE,,,192.708,-6.465247851657431,-35.22451815466445
4315206,Putinga,430043,Encantado,4308,Santa Cruz do Sul - Lajeado,43,Rio Grande do Sul,RS,4,Sul,S,,,216.159,-29.033687301612634,-52.14288832354794
5201504,Aporé,520011,Jataí-Mineiros,5203,Rio Verde,52,Goiás,GO,5,Centro-oeste,CO,,,2899.237,-18.76838396269812,-52.045190585593964
3509700,Campos do Jordão,350050,Taubaté - Pindamonhangaba,3511,São José dos Campos,35,São Paulo,SP,3,Sudeste,SE,,,289.981,-22.701628023156662,-45.53306904711427
3542404,Regente Feijó,350018,Presidente Prudente,3505,Presidente Prudente,35,São Paulo,SP,3,Sudeste,SE,3541406,Presidente Prudente/SP,263.426,-22.25248997665162,-51.29402677209734
2311959,Salitre,230011,Juazeiro do Norte,2304,Juazeiro do Norte,23,Ceará,CE,2,Nordeste,NE,,,806.254,-7.204802963931382,-40.36635302927732
2204907,Isaías Coelho,220009,Picos,2203,Picos,22,Piauí,PI,2,Nordeste,NE,,,800.687,-7.650322158528462,-41.649800543801305
5005806,Nioaque,500011,Jardim,5003,Corumbá,50,Mato Grosso do Sul,MS,5,Centro-oeste,CO,,,3909.738,-21.100819961461408,-55.90148348129779
4119400,Piraí do Sul,410027,Ponta Grossa,4106,Ponta Grossa,41,Paraná,PR,4,Sul,S,,,1349.154,-24.4746146356784,-49.92704321048177
2507507,João Pessoa,250001,João Pessoa,2501,João Pessoa,25,Paraíba,PB,2,Nordeste,NE,2507507,João Pessoa/PB,210.044,-7.165465410901291,-34.869531433922056
3166501,Serra Azul de Minas,310016,Diamantina,3103,Teófilo Otoni,31,Minas Gerais,MG,3,Sudeste,SE,,,218.595,-18.390648082467735,-43.207277932545
2904902,Cachoeira,290004,Cruz das Almas,2902,Santo Antônio de Jesus,29,Bahia,BA,2,Nordeste,NE,,,394.893,-12.646707026116976,-38.88487617035106
3101607,Alfenas,310042,Alfenas,3108,Varginha,31,Minas Gerais,MG,3,Sudeste,SE,,,850.446,-21.388688709488004,-45.96625034081509
4323358,Vila Lângaro,430032,Tapejara - Sananduva,4306,Passo Fundo,43,Rio Grande do Sul,RS,4,Sul,S,,,151.673,-28.128150678287213,-52.142412412618846
4307005,Erechim,430026,Erechim,4306,Passo Fundo,43,Rio Grande do Sul,RS,4,Sul,S,,,429.164,-27.643244873029595,-52.25745161756937
3305307,São Sebastião do Alto,330008,Nova Friburgo,3303,Petrópolis,33,Rio de Janeiro,RJ,3,Sudeste,SE,,,397.214,-21.883355474191696,-42.102242991702205
5102702,Canarana,510015,Água Boa,5104,Barra do Garças,51,Mato Grosso,MT,5,Centro-oeste,CO,,,10855.181,-13.329839413637766,-52.398915405253376
5201603,Araçu,520003,Inhumas - Itaberaí - Anicuns,5201,Goiânia,52,Goiás,GO,5,Centro-oeste,CO,,,149.776,-16.36594904812156,-49.70082486388737
4103040,Boa Ventura de São Roque,410005,Pitanga,4102,Guarapuava,41,Paraná,PR,4,Sul,S,,,606.94,-24.855803871470954,-51.564889127045525
4217758,Sul Brasil,420007,Chapecó,4204,Chapecó,42,Santa Catarina,SC,4,Sul,S,,,113.125,-26.695341799121852,-52.94680043927844
4201406,Araranguá,420004,Araranguá,4202,Criciúma,42,Santa Catarina,SC,4,Sul,S,,,302.003,-28.94238542746001,-49.471299305277185
4315172,Protásio Alves,430038,Nova Prata - Guaporé,4307,Caxias do Sul,43,Rio Grande do Sul,RS,4,Sul,S,,,171.994,-28.736944985260408,-51.4873061143393
2409902,Pendências,240011,Assú,2403,Mossoró,24,Rio Grande do Norte,RN,2,Nordeste,NE,,,419.137,-5.292903625717093,-36.62398987470558
5102694,Canabrava do Norte,510014,Confresa - Vila Rica,5104,Barra do Garças,51,Mato Grosso,MT,5,Centro-oeste,CO,,,3449.037,-11.201583088321465,-51.8236338679885
4111209,Itapejara d'Oeste,410010,Pato Branco,4103,Cascavel,41,Paraná,PR,4,Sul,S,,,251.364,-25.985817937323414,-52.82360005863426
2929107,São Felipe,290004,Cruz das Almas,2902,Santo Antônio de Jesus,29,Bahia,BA,2,Nordeste,NE,,,222.407,-12.84531182090477,-39.09466161818027
2311801,Russas,230007,Russas - Limoeiro do Norte,2302,Quixadá,23,Ceará,CE,2,Nordeste,NE,,,1505.726,-4.848572292376605,-38.12946634990823
5102686,Campos de Júlio,510005,Pontes e Lacerda - Comodoro,5102,Cáceres,51,Mato Grosso,MT,5,Centro-oeste,CO,,,6792.808,-13.579846013329718,-59.19305440617786
2614808,Tacaratu,260013,Serra Talhada,2603,Serra Talhada,26,Pernambuco,PE,2,Nordeste,NE,,,1264.532,-8.956799054073722,-38.07649150458213
3158300,Santana da Vargem,310046,Três Pontas - Boa Esperança,3108,Varginha,31,Minas Gerais,MG,3,Sudeste,SE,,,172.444,-21.270575199843744,-45.50535510258872
4103024,Boa Esperança do Iguaçu,410012,Dois Vizinhos,4103,Cascavel,41,Paraná,PR,4,Sul,S,,,152.252,-25.64015125557519,-53.225810368747425
4315156,Progresso,430041,Lajeado,4308,Santa Cruz do Sul - Lajeado,43,Rio Grande do Sul,RS,4,Sul,S,,,256.039,-29.22426526594969,-52.318927708533536
2806503,Santa Rosa de Lima,280001,Aracaju,2801,Aracaju,28,Sergipe,SE,2,Nordeste,NE,,,67.672,-10.632042325756812,-37.23608132540912
4323200,Victor Graeff,430025,Passo Fundo,4306,Passo Fundo,43,Rio Grande do Sul,RS,4,Sul,S,,,238.133,-28.550139372226784,-52.68526342239167
5102678,Campo Verde,510001,Cuiabá,5101,Cuiabá,51,Mato Grosso,MT,5,Centro-oeste,CO,,,4771.091,-15.34475846667674,-54.95807762520915
3501608,Americana,350038,Campinas,3510,Campinas,35,São Paulo,SP,3,Sudeste,SE,3501608,Americana - Santa Bárbara d´Oeste/SP,133.912,-22.723242938061574,-47.28911883172038
4315149,Presidente Lucena,430002,Novo Hamburgo - São Leopoldo,4301,Porto Alegre,43,Rio Grande do Sul,RS,4,Sul,S,4314902,Porto Alegre/RS,49.625,-29.524275471151956,-51.174339452154015
4306973,Erebango,430026,Erechim,4306,Passo Fundo,43,Rio Grande do Sul,RS,4,Sul,S,,,152.793,-27.82922577937704,-52.31848010978841
3141801,Minas Novas,310014,Capelinha,3103,Teófilo Otoni,31,Minas Gerais,MG,3,Sudeste,SE,,,1812.398,-17.361464826024154,-42.435988494846036
2401701,Bom Jesus,240001,Natal,2401,Natal,24,Rio Grande do Norte,RN,2,Nordeste,NE,,,122.035,-6.000815611299054,-35.590793908777826
3305406,Sapucaia,330009,Três Rios - Paraíba do Sul,3303,Petrópolis,33,Rio de Janeiro,RJ,3,Sudeste,SE,,,540.673,-22.02412431973723,-42.822816888194716
1715101,Novo Acordo,170001,Palmas,1701,Palmas,17,Tocantins,TO,1,Norte,N,,,2678.262,-10.154976327833936,-47.38300810728102
4103008,Boa Esperança,410015,Campo Mourão,4104,Maringá,41,Paraná,PR,4,Sul,S,,,301.131,-24.256989191631906,-52.75116401305649
3150109,Piau,310027,Juiz de Fora,3106,Juíz de Fora,31,Minas Gerais,MG,3,Sudeste,SE,,,192.196,-21.50238394881857,-43.316744286747216
3109105,Bueno Brandão,310050,Pouso Alegre,3109,Pouso Alegre,31,Minas Gerais,MG,3,Sudeste,SE,,,356.15,-22.486088088258118,-46.35525243470211
2303600,Catarina,230009,Iguatu,2303,Iguatu,23,Ceará,CE,2,Nordeste,NE,,,488.153,-6.252786620804622,-39.90966244598126
2920908,Mascote,290010,Camacan,2903,Ilhéus - Itabuna,29,Bahia,BA,2,Nordeste,NE,,,742.689,-15.666084964241916,-39.4205134240113
4315008,Porto Lucena,430019,Santa Rosa,4305,Ijuí,43,Rio Grande do Sul,RS,4,Sul,S,,,250.809,-27.850719472446475,-54.959181295080015
2904852,Cabaceiras do Paraguaçu,290004,Cruz das Almas,2902,Santo Antônio de Jesus,29,Bahia,BA,2,Nordeste,NE,,,222.027,-12.564274456010923,-39.19248458390673
2708105,Santana do Mundaú,270005,União dos Palmares,2701,Maceió,27,Alagoas,AL,2,Nordeste,NE,,,232.17,-9.13097515202711,-36.19133608932265
4306957,Entre Rios do Sul,430026,Erechim,4306,Passo Fundo,43,Rio Grande do Sul,RS,4,Sul,S,,,119.912,-27.519029065123313,-52.72688591681058
2929206,São Francisco do Conde,290001,Salvador,2901,Salvador,29,Bahia,BA,2,Nordeste,NE,2927408,Salvador/BA,269.737,-12.650842002558225,-38.63197702518382
2606606,Ibimirim,260011,Arcoverde,2602,Caruaru,26,Pernambuco,PE,2,Nordeste,NE,,,1929.342,-8.588949616042349,-37.59589363431167
2107902,Passagem Franca,210017,São João dos Patos,2104,Presidente Dutra,21,Maranhão,MA,2,Nordeste,NE,,,1358.327,-6.152673990913379,-43.75837290718832
3133600,Itapeva,310050,Pouso Alegre,3109,Pouso Alegre,31,Minas Gerais,MG,3,Sudeste,SE,,,177.312,-22.69978535205542,-46.209784884914555
5210109,Ipameri,520004,Catalão,5201,Goiânia,52,Goiás,GO,5,Centro-oeste,CO,,,4382.863,-17.505918223536753,-48.054510197718045
3166303,Sericita,310030,Ponte Nova,3106,Juíz de Fora,31,Minas Gerais,MG,3,Sudeste,SE,,,166.012,-20.492319398764323,-42.458722721155226
2409209,Passagem,240002,Santo Antônio - Passa e Fica - Nova Cruz,2401,Natal,24,Rio Grande do Norte,RN,2,Nordeste,NE,,,41.215,-6.2838226700211255,-35.39571100628268
2904704,Buerarema,290007,Ilhéus - Itabuna,2903,Ilhéus - Itabuna,29,Bahia,BA,2,Nordeste,NE,,,219.487,-14.996443150917413,-39.26957769473261
4103107,Bocaiúva do Sul,410001,Curitiba,4101,Curitiba,41,Paraná,PR,4,Sul,S,4106902,Curitiba/PR,809.682,-25.115036781629467,-48.93249850453982
3100906,Águas Formosas,310019,Águas Formosas,3103,Teófilo Otoni,31,Minas Gerais,MG,3,Sudeste,SE,,,820.079,-17.041643483721003,-40.97390487614265
3149952,Periquito,310024,Ipatinga,3105,Ipatinga,31,Minas Gerais,MG,3,Sudeste,SE,,,228.907,-19.084231515394762,-42.231825971026495
4200705,Alfredo Wagner,420001,Florianópolis,4201,Florianópolis,42,Santa Catarina,SC,4,Sul,S,,,733.489,-27.705946735181715,-49.33075106997234
4306809,Encantado,430043,Encantado,4308,Santa Cruz do Sul - Lajeado,43,Rio Grande do Sul,RS,4,Sul,S,,,140.006,-29.21295740961262,-51.92182728003552
2921005,Mata de São João,290001,Salvador,2901,Salvador,29,Bahia,BA,2,Nordeste,NE,2927408,Salvador/BA,605.169,-12.483981821815455,-38.1488846416287
3125408,Felício dos Santos,310016,Diamantina,3103,Teófilo Otoni,31,Minas Gerais,MG,3,Sudeste,SE,,,357.622,-18.13317540358409,-43.23891923777243
3550605,São Roque,350003,Sorocaba,3502,Sorocaba,35,São Paulo,SP,3,Sudeste,SE,3550605,São Roque - Mairinque/SP,306.899,-23.548975863168515,-47.10956294640434
2401008,Apodi,240009,Mossoró,2403,Mossoró,24,Rio Grande do Norte,RN,2,Nordeste,NE,,,1569.146,-5.622622336409689,-37.836505033399675
3533601,Nuporanga,350034,São Joaquim da Barra - Orlândia,3508,Ribeirão Preto,35,São Paulo,SP,3,Sudeste,SE,,,348.265,-20.704857056874648,-47.72906916627007
4111258,Itaperuçu,410001,Curitiba,4101,Curitiba,41,Paraná,PR,4,Sul,S,4106902,Curitiba/PR,322.553,-25.12477407037047,-49.49046478629584
3158102,Santa Maria do Salto,310015,Almenara,3103,Teófilo Otoni,31,Minas Gerais,MG,3,Sudeste,SE,,,440.605,-16.307343247003494,-40.1163539058703
3304706,Santo Antônio de Pádua,330012,Santo Antônio de Pádua,3304,Campos dos Goytacazes,33,Rio de Janeiro,RJ,3,Sudeste,SE,,,603.633,-21.555615754050347,-42.19287912881557
4217154,São Miguel da Boa Vista,420012,Maravilha,4204,Chapecó,42,Santa Catarina,SC,4,Sul,S,,,72.755,-26.689643487981687,-53.239961698481196
3549953,São Lourenço da Serra,350001,São Paulo,3501,São Paulo,35,São Paulo,SP,3,Sudeste,SE,3550308,São Paulo/SP,186.353,-23.852431984884337,-46.93642489507529
3166402,Seritinga,310054,Caxambu - Baependi,3109,Pouso Alegre,31,Minas Gerais,MG,3,Sudeste,SE,,,114.769,-21.91652019583117,-44.45959954252448
2614600,Tabira,260014,Afogados da Ingazeira,2603,Serra Talhada,26,Pernambuco,PE,2,Nordeste,NE,,,388.458,-7.577292173039944,-37.51285489916616
3117207,Conceição das Pedras,310052,Itajubá,3109,Pouso Alegre,31,Minas Gerais,MG,3,Sudeste,SE,,,102.206,-22.146986134970327,-45.42518180558879
2303659,Catunda,230015,Sobral,2306,Sobral,23,Ceará,CE,2,Nordeste,NE,,,784.022,-4.629580347082909,-40.175015706709026
4306767,Eldorado do Sul,430001,Porto Alegre,4301,Porto Alegre,43,Rio Grande do Sul,RS,4,Sul,S,4314902,Porto Alegre/RS,509.632,-30.078118803763907,-51.499164176424664
4315073,Porto Vera Cruz,430019,Santa Rosa,4305,Ijuí,43,Rio Grande do Sul,RS,4,Sul,S,,,114.349,-27.754587263181556,-54.89117381372461
3525409,Jeriquara,350033,Franca,3508,Ribeirão Preto,35,São Paulo,SP,3,Sudeste,SE,,,141.971,-20.34013683059108,-47.57419257765933
3501400,Álvaro de Carvalho,350013,Marília,3504,Marília,35,São Paulo,SP,3,Sudeste,SE,,,153.662,-22.08652416308828,-49.73398937637134
5103106,Cocalinho,510015,Água Boa,5104,Barra do Garças,51,Mato Grosso,MT,5,Centro-oeste,CO,,,16563.136,-13.86982300255721,-51.148446231393926
3149903,Perdões,310043,Lavras,3108,Varginha,31,Minas Gerais,MG,3,Sudeste,SE,,,270.657,-21.075927245249737,-45.06477690955774
5005681,Mundo Novo,500006,Naviraí - Mundo Novo,5002,Dourados,50,Mato Grosso do Sul,MS,5,Centro-oeste,CO,,,478.38,-23.942698570848965,-54.27418075985094
4208955,Jardinópolis,420007,Chapecó,4204,Chapecó,42,Santa Catarina,SC,4,Sul,S,,,68.499,-26.717195185604496,-52.87130602027401
4306759,Doutor Ricardo,430043,Encantado,4308,Santa Cruz do Sul - Lajeado,43,Rio Grande do Sul,RS,4,Sul,S,,,107.96,-29.09192253481017,-51.97669562297047
3142106,Miradouro,310031,Muriaé,3106,Juíz de Fora,31,Minas Gerais,MG,3,Sudeste,SE,,,301.672,-20.849527933429503,-42.39967107732824
2929008,São Félix,290004,Cruz das Almas,2902,Santo Antônio de Jesus,29,Bahia,BA,2,Nordeste,NE,,,103.226,-12.675042095134375,-38.999025846157586
2606408,Gravatá,260009,Caruaru,2602,Caruaru,26,Pernambuco,PE,2,Nordeste,NE,,,507.36,-8.199401597283037,-35.56361797090629
4103057,Boa Vista da Aparecida,410006,Cascavel,4103,Cascavel,41,Paraná,PR,4,Sul,S,,,265.636,-25.432052420865844,-53.42184426129683
2614709,Tacaimbó,260012,Belo Jardim - Pesqueira,2602,Caruaru,26,Pernambuco,PE,2,Nordeste,NE,,,227.6,-8.34799612036586,-36.27015716746002
3158201,Santa Maria do Suaçuí,310021,Guanhães,3104,Governador Valadares,31,Minas Gerais,MG,3,Sudeste,SE,,,624.047,-18.258482736172155,-42.32434783936217
4315057,Porto Mauá,430019,Santa Rosa,4305,Ijuí,43,Rio Grande do Sul,RS,4,Sul,S,,,105.811,-27.591936931080713,-54.65718137101339
2806404,Santana do São Francisco,280003,Propriá,2801,Aracaju,28,Sergipe,SE,2,Nordeste,NE,,,44.017,-10.286950720053351,-36.636705631847455
4102406,Bandeirantes,410024,Cornélio Procópio - Bandeirantes,4105,Londrina,41,Paraná,PR,4,Sul,S,,,445.192,-23.160881147799163,-50.34644368886275
3501509,Alvinlândia,350013,Marília,3504,Marília,35,São Paulo,SP,3,Sudeste,SE,,,84.879,-22.452552211997123,-49.75853064409355
3517208,Guaiçara,350012,Lins,3503,Bauru,35,São Paulo,SP,3,Sudeste,SE,,,277.154,-21.56950270676643,-49.76275075534147
1301704,Humaitá,130009,Manicoré,1303,Lábrea,13,Amazonas,AM,1,Norte,N,,,33113.788,-7.361357014356234,-62.486783318229925
3133907,Itaverava,310038,Conselheiro Lafaiete,3107,Barbacena,31,Minas Gerais,MG,3,Sudeste,SE,,,284.22,-20.685226844424175,-43.6128997474647
2920809,Marcionílio Souza,290031,Itaberaba,2910,Feira de Santana,29,Bahia,BA,2,Nordeste,NE,,,1099.284,-13.140051765817965,-40.67532109861367
5210158,Ipiranga de Goiás,520018,Ceres - Rialma - Goianésia,5205,Porangatu - Uruaçu,52,Goiás,GO,5,Centro-oeste,CO,,,244.209,-15.168947335730111,-49.66954200228203
1506708,Santana do Araguaia,150012,Redenção,1504,Redenção,15,Pará,PA,1,Norte,N,,,11591.427,-9.364056179987474,-50.611282088846416
3142205,Miraí,310031,Muriaé,3106,Juíz de Fora,31,Minas Gerais,MG,3,Sudeste,SE,,,320.695,-21.150074825736347,-42.61789041886751
2606507,Iati,260010,Garanhuns,2602,Caruaru,26,Pernambuco,PE,2,Nordeste,NE,,,635.137,-9.14347086240209,-36.90105654015493
2904753,Buritirama,290021,Xique-Xique - Barra,2907,Irecê,29,Bahia,BA,2,Nordeste,NE,,,4046.741,-10.588126005498413,-43.667629729132074
3549904,São José dos Campos,350049,São José dos Campos,3511,São José dos Campos,35,São Paulo,SP,3,Sudeste,SE,3549904,São José dos Campos/SP,1099.494,-23.090633699578284,-45.92857601655638
4217105,São Martinho,420003,Tubarão,4202,Criciúma,42,Santa Catarina,SC,4,Sul,S,,,224.566,-28.12455671105291,-48.97190448013278
3150000,Pescador,310013,Teófilo Otoni,3103,Teófilo Otoni,31,Minas Gerais,MG,3,Sudeste,SE,,,317.463,-18.331132388164328,-41.560067614739495
4200754,Alto Bela Vista,420010,Concórdia,4204,Chapecó,42,Santa Catarina,SC,4,Sul,S,,,103.433,-27.421535074456365,-51.92594839766062
2304004,Coreaú,230015,Sobral,2306,Sobral,23,Ceará,CE,2,Nordeste,NE,,,750.333,-3.641520103623108,-40.72636327357675
3509007,Caieiras,350001,São Paulo,3501,São Paulo,35,São Paulo,SP,3,Sudeste,SE,3550308,São Paulo/SP,97.745,-23.37597244480866,-46.74519788321172
3533403,Nova Odessa,350038,Campinas,3510,Campinas,35,São Paulo,SP,3,Sudeste,SE,3501608,Americana - Santa Bárbara d´Oeste/SP,73.788,-22.784110598325846,-47.285157572311064
5103056,Cláudia,510007,Sinop,5103,Sinop,51,Mato Grosso,MT,5,Centro-oeste,CO,,,3843.562,-11.448154663922098,-55.04769829672833
1301803,Ipixuna,130007,Eirunepé,1302,Tefé,13,Amazonas,AM,1,Norte,N,,,12437.643,-7.1724244921971865,-71.41718632949298
4322558,Vanini,430030,Marau,4306,Passo Fundo,43,Rio Grande do Sul,RS,4,Sul,S,,,64.905,-28.490297675517194,-51.83513878002773
2708501,São Luís do Quitunde,270002,Porto Calvo - São Luís do Quitunde,2701,Maceió,27,Alagoas,AL,2,Nordeste,NE,,,397.257,-9.249743507587311,-35.63418362432368
3125705,Felixlândia,310004,Curvelo,3101,Belo Horizonte,31,Minas Gerais,MG,3,Sudeste,SE,,,1554.627,-18.70308887812276,-44.95819233602377
3134004,Itinga,310017,Araçuaí,3103,Teófilo Otoni,31,Minas Gerais,MG,3,Sudeste,SE,,,1649.622,-16.58658542189405,-41.83552810507512
2912905,Ibirataia,290014,Ipiaú,2904,Vitória da Conquista,29,Bahia,BA,2,Nordeste,NE,,,318.129,-13.975981118866677,-39.6261674838655
3541703,Quatá,350018,Presidente Prudente,3505,Presidente Prudente,35,São Paulo,SP,3,Sudeste,SE,,,651.341,-22.2059353603184,-50.645285190933514
3304755,São Francisco de Itabapoana,330010,Campos dos Goytacazes,3304,Campos dos Goytacazes,33,Rio de Janeiro,RJ,3,Sudeste,SE,,,1118.037,-21.41665158408615,-41.13568215391738
4208906,Jaraguá do Sul,420016,Joinville,4206,Joinville,42,Santa Catarina,SC,4,Sul,S,4208906,Jaraguá do Sul/SC,530.825,-26.4819379850802,-49.15996115280397
3166709,Serra dos Aimorés,310013,Teófilo Otoni,3103,Teófilo Otoni,31,Minas Gerais,MG,3,Sudeste,SE,,,213.574,-17.784090146705246,-40.26443193929003
4322541,Vale Real,430036,Caxias do Sul,4307,Caxias do Sul,43,Rio Grande do Sul,RS,4,Sul,S,4305108,Caxias do Sul/RS,44.688,-29.362442307809555,-51.24841347432257
3550001,São Luiz do Paraitinga,350050,Taubaté - Pindamonhangaba,3511,São José dos Campos,35,São Paulo,SP,3,Sudeste,SE,,,618.126,-23.23972775188136,-45.25373335345533
4127007,Teixeira Soares,410029,Irati,4106,Ponta Grossa,41,Paraná,PR,4,Sul,S,,,902.334,-25.313889351859782,-50.40824904624276
4110656,Iracema do Oeste,410008,Toledo,4103,Cascavel,41,Paraná,PR,4,Sul,S,,,81.538,-24.438545536504588,-53.351752386806105
4322533,Vale do Sol,430040,Santa Cruz do Sul,4308,Santa Cruz do Sul - Lajeado,43,Rio Grande do Sul,RS,4,Sul,S,,,329.389,-29.58334147403006,-52.68951284985127
2614006,Serrita,260017,Salgueiro,2604,Petrolina,26,Pernambuco,PE,2,Nordeste,NE,,,1535.19,-7.850019543361875,-39.381569347898235
3525201,Jarinu,350039,Jundiaí,3510,Campinas,35,São Paulo,SP,3,Sudeste,SE,3525904,Jundiaí/SP,207.549,-23.111982118460947,-46.72130660049778
2700300,Arapiraca,270007,Arapiraca,2702,Arapiraca,27,Alagoas,AL,2,Nordeste,NE,2700300,Arapiraca,346.188,-9.74918355915485,-36.640933269570084
4322525,Vale Verde,430040,Santa Cruz do Sul,4308,Santa Cruz do Sul - Lajeado,43,Rio Grande do Sul,RS,4,Sul,S,,,329.727,-29.83078691336087,-52.11244480921168
3533502,Novo Horizonte,350025,São José do Rio Preto,3507,São José do Rio Preto,35,São Paulo,SP,3,Sudeste,SE,,,931.743,-21.469169120594014,-49.283796897679736
3125804,Fernandes Tourinho,310020,Governador Valadares,3104,Governador Valadares,31,Minas Gerais,MG,3,Sudeste,SE,,,151.875,-19.101902691223927,-42.09654813461502
2400901,Antônio Martins,240010,Pau dos Ferros,2403,Mossoró,24,Rio Grande do Norte,RN,2,Nordeste,NE,,,244.897,-6.219616540592212,-37.92478302333062
1706258,Crixás do Tocantins,170010,Gurupi,1703,Gurupi,17,Tocantins,TO,1,Norte,N,,,983.766,-11.171861806368138,-49.07274689035841
2303956,Chorozinho,230001,Fortaleza,2301,Fortaleza,23,Ceará,CE,2,Nordeste,NE,,,296.431,-4.302326433433266,-38.46833822875818
3158508,Santana de Pirapama,310002,Sete Lagoas,3101,Belo Horizonte,31,Minas Gerais,MG,3,Sudeste,SE,,,1255.832,-18.91576837334994,-43.901122241449
2929057,São Félix do Coribe,290019,Santa Maria da Vitoria,2906,Barreiras,29,Bahia,BA,2,Nordeste,NE,,,1751.671,-13.55160442376044,-44.029785329980264
1714302,Nazaré,170008,Tocantinópolis,1702,Araguaína,17,Tocantins,TO,1,Norte,N,,,395.997,-6.330341731679279,-47.78145161575198
2515609,Serra da Raiz,250002,Guarabira,2501,João Pessoa,25,Paraíba,PB,2,Nordeste,NE,,,31.679,-6.705197588491243,-35.452814327541915
3541802,Queiroz,350016,Tupã,3504,Marília,35,São Paulo,SP,3,Sudeste,SE,,,234.914,-21.800554193643794,-50.24525944050772
4118808,Peabiru,410015,Campo Mourão,4104,Maringá,41,Paraná,PR,4,Sul,S,,,467.542,-23.931866112844585,-52.32629701022318
4322509,Vacaria,430039,Vacaria,4307,Caxias do Sul,43,Rio Grande do Sul,RS,4,Sul,S,,,2124.492,-28.37036778911409,-50.92375388870872
1506005,Prainha,150015,Santarém,1505,Santarém,15,Pará,PA,1,Norte,N,,,14788.187,-2.1202532567679584,-53.660206348539184
3142007,Mirabela,310006,Montes Claros,3102,Montes Claros,31,Minas Gerais,MG,3,Sudeste,SE,,,723.278,-16.259395726704078,-44.15769932396106
2605806,Frei Miguelinho,260008,Surubim,2601,Recife,26,Pernambuco,PE,2,Nordeste,NE,,,213.735,-7.935428250471474,-35.88507799667258
5005707,Naviraí,500006,Naviraí - Mundo Novo,5002,Dourados,50,Mato Grosso do Sul,MS,5,Centro-oeste,CO,,,3189.667,-23.022538010546956,-54.02566575583296
3517000,Getulina,350013,Marília,3504,Marília,35,São Paulo,SP,3,Sudeste,SE,,,676.755,-21.78327630005812,-50.02791570122009
4216909,São Lourenço do Oeste,420013,São Lourenço do Oeste,4204,Chapecó,42,Santa Catarina,SC,4,Sul,S,,,356.193,-26.46548822204505,-52.859772865104645
4200556,Águas Frias,420007,Chapecó,4204,Chapecó,42,Santa Catarina,SC,4,Sul,S,,,76.631,-26.85163885084591,-52.85231123395814
2204808,Ipiranga do Piauí,220004,Valença do Piauí,2201,Teresina,22,Piauí,PI,2,Nordeste,NE,,,529.417,-6.818992131126337,-41.79101650298682
3525300,Jaú,350010,Jaú,3503,Bauru,35,São Paulo,SP,3,Sudeste,SE,3525300,Jaú,687.103,-22.296069977376078,-48.55603467481672
5209952,Indiara,520015,Palmeiras de Goiás,5204,São Luís de Montes Belos - Iporá,52,Goiás,GO,5,Centro-oeste,CO,,,955.419,-17.185196292929543,-49.96815024438241
3117603,Conceição do Pará,310065,Divinópolis,3113,Divinópolis,31,Minas Gerais,MG,3,Sudeste,SE,,,250.306,-19.785664830847146,-44.871733549950626
2515971,Sobrado,250001,João Pessoa,2501,João Pessoa,25,Paraíba,PB,2,Nordeste,NE,,,61.953,-7.179799350207048,-35.255986509517975
3150307,Piedade do Rio Grande,310039,São João del Rei,3107,Barbacena,31,Minas Gerais,MG,3,Sudeste,SE,,,322.814,-21.48403559686394,-44.15547592818433
1706100,Cristalândia,170003,Paraíso do Tocantins,1701,Palmas,17,Tocantins,TO,1,Norte,N,,,1850.75,-10.636381779538727,-49.31240844942655
2507408,Jericó,250011,Catolé do Rocha - São Bento,2503,Patos,25,Paraíba,PB,2,Nordeste,NE,,,177.356,-6.508703416335544,-37.81721503708536
1506112,Quatipuru,150006,Capanema,1502,Castanhal,15,Pará,PA,1,Norte,N,,,302.586,-0.860086804967959,-47.015450780575954
4110607,Iporã,410016,Umuarama,4104,Maringá,41,Paraná,PR,4,Sul,S,,,648.624,-24.045321887161425,-53.720155087886944
2708303,São José da Laje,270005,União dos Palmares,2701,Maceió,27,Alagoas,AL,2,Nordeste,NE,,,256.603,-8.98748736668828,-36.040000009406086
3517109,Glicério,350023,Birigui - Penápolis,3506,Araçatuba,35,São Paulo,SP,3,Sudeste,SE,,,272.8,-21.340260553312675,-50.1988808615184
5209937,Inaciolândia,520012,Quirinópolis,5203,Rio Verde,52,Goiás,GO,5,Centro-oeste,CO,,,689.201,-18.50935216620137,-49.915558679204004
4322608,Venâncio Aires,430040,Santa Cruz do Sul,4308,Santa Cruz do Sul - Lajeado,43,Rio Grande do Sul,RS,4,Sul,S,,,772.701,-29.57855739679526,-52.194951905546
1506104,Primavera,150006,Capanema,1502,Castanhal,15,Pará,PA,1,Norte,N,,,259.331,-0.9524141250905842,-47.13137222297383
3133808,Itaúna,310065,Divinópolis,3113,Divinópolis,31,Minas Gerais,MG,3,Sudeste,SE,,,494.559,-20.078197058197816,-44.58907083240504
4306130,Cruzaltense,430026,Erechim,4306,Passo Fundo,43,Rio Grande do Sul,RS,4,Sul,S,,,166.883,-27.627340147800076,-52.644017771892564
4314423,Picada Café,430036,Caxias do Sul,4307,Caxias do Sul,43,Rio Grande do Sul,RS,4,Sul,S,4314902,Porto Alegre/RS,84.322,-29.46070885923916,-51.10916772349201
3304557,Rio de Janeiro,330001,Rio de Janeiro,3301,Rio de Janeiro,33,Rio de Janeiro,RJ,3,Sudeste,SE,3304557,Rio de Janeiro/RJ,1200.329,-22.925478901571253,-43.458042676403004
3500758,Alambari,350006,Itapetininga,3502,Sorocaba,35,São Paulo,SP,3,Sudeste,SE,3522307,Itapetininga/SP,159.6,-23.548927026411178,-47.86905505968797
3549805,São José do Rio Preto,350025,São José do Rio Preto,3507,São José do Rio Preto,35,São Paulo,SP,3,Sudeste,SE,3549805,São José do Rio Preto/SP,431.944,-20.797233671885238,-49.35810650088797
4217006,São Ludgero,420003,Tubarão,4202,Criciúma,42,Santa Catarina,SC,4,Sul,S,,,106.765,-28.353134611445572,-49.168162307708535
2905156,Caetanos,290011,Vitória da Conquista,2904,Vitória da Conquista,29,Bahia,BA,2,Nordeste,NE,,,767.144,-14.313668661568359,-40.92674891082979
2312205,Santa Quitéria,230015,Sobral,2306,Sobral,23,Ceará,CE,2,Nordeste,NE,,,4262.293,-4.3407067646941115,-40.0419131383104
2205151,Jacobina do Piauí,220010,Paulistana,2203,Picos,22,Piauí,PI,2,Nordeste,NE,,,1333.796,-7.896739647258852,-41.2525206839593
3150406,Piedade dos Gerais,310069,Oliveira,3113,Divinópolis,31,Minas Gerais,MG,3,Sudeste,SE,,,259.638,-20.47405243926496,-44.24643948147335
4314407,Pelotas,430009,Pelotas,4302,Pelotas,43,Rio Grande do Sul,RS,4,Sul,S,4314407,Pelotas/RS,1608.78,-31.571004198017015,-52.345245255475774
4126801,Tapejara,410018,Cianorte,4104,Maringá,41,Paraná,PR,4,Sul,S,,,590.927,-23.658462677226908,-52.890287051102476
4208807,Jaguaruna,420003,Tubarão,4202,Criciúma,42,Santa Catarina,SC,4,Sul,S,,,326.362,-28.65789586154517,-49.044748317256975
3508900,Caiabu,350018,Presidente Prudente,3505,Presidente Prudente,35,São Paulo,SP,3,Sudeste,SE,3541406,Presidente Prudente/SP,252.704,-21.949569222951556,-51.22396828194282
2708402,São José da Tapera,270011,Pão de Açúcar - Olho d'Água das Flores - Batalha,2702,Arapiraca,27,Alagoas,AL,2,Nordeste,NE,,,490.88,-9.533100011779863,-37.48985518911679
2515930,Sertãozinho,250002,Guarabira,2501,João Pessoa,25,Paraíba,PB,2,Nordeste,NE,,,32.455,-6.7423930882441745,-35.42141646960268
3125606,Felisburgo,310015,Almenara,3103,Teófilo Otoni,31,Minas Gerais,MG,3,Sudeste,SE,,,596.215,-16.63606085161833,-40.73312734620918
3533809,Óleo,350007,Avaré,3502,Sorocaba,35,São Paulo,SP,3,Sudeste,SE,,,198.938,-22.953659996853077,-49.383042084932356
3109006,Brumadinho,310001,Belo Horizonte,3101,Belo Horizonte,31,Minas Gerais,MG,3,Sudeste,SE,3106200,Belo Horizonte/MG,640.63,-20.17810353221572,-44.12279665723755
3541604,Promissão,350012,Lins,3503,Bauru,35,São Paulo,SP,3,Sudeste,SE,,,779.2,-21.524519971867708,-49.87046505893561
3304524,Rio das Ostras,330014,Macaé - Rio das Ostras,3305,Macaé - Rio das Ostras - Cabo Frio,33,Rio de Janeiro,RJ,3,Sudeste,SE,3302403,Macaé - Rio das Ostras/RJ,228.044,-22.45421565855404,-41.94651878815807
2107803,Parnarama,210014,Timon,2103,Caxias,21,Maranhão,MA,2,Nordeste,NE,,,3246.503,-5.6377744682987805,-43.46295943821127
2913309,Ichu,290029,Feira de Santana,2910,Feira de Santana,29,Bahia,BA,2,Nordeste,NE,,,138.016,-11.731510994489577,-39.152340586462444
5005004,Jardim,500011,Jardim,5003,Corumbá,50,Mato Grosso do Sul,MS,5,Centro-oeste,CO,,,2130.068,-21.582139330733664,-56.35353382786366
4118600,Paula Freitas,410003,União da Vitória,4101,Curitiba,41,Paraná,PR,4,Sul,S,,,417.829,-26.17802175724085,-50.86043021662335
4126900,Tapira,410016,Umuarama,4104,Maringá,41,Paraná,PR,4,Sul,S,,,434.371,-23.329103710659865,-53.13408530626752
3100807,Aguanil,310048,Campo Belo,3108,Varginha,31,Minas Gerais,MG,3,Sudeste,SE,,,232.091,-20.973778934790847,-45.42202415220381
2205250,Jardim do Mulato,220002,Amarante - Água Branca - Regeneração,2201,Teresina,22,Piauí,PI,2,Nordeste,NE,,,511.42,-6.1456828421337155,-42.52729651793351
4306205,Cruzeiro do Sul,430041,Lajeado,4308,Santa Cruz do Sul - Lajeado,43,Rio Grande do Sul,RS,4,Sul,S,4311403,Lajeado/RS,155.482,-29.540440563002228,-52.03346720095375
2700201,Anadia,270004,São Miguel dos Campos,2701,Maceió,27,Alagoas,AL,2,Nordeste,NE,,,186.074,-9.662962612102724,-36.313497136761015
3525607,João Ramalho,350018,Presidente Prudente,3505,Presidente Prudente,35,São Paulo,SP,3,Sudeste,SE,,,415.452,-22.27792028781503,-50.799136345186135
3117405,Conceição de Ipanema,310028,Manhuaçu,3106,Juíz de Fora,31,Minas Gerais,MG,3,Sudeste,SE,,,253.935,-19.913520428655975,-41.68672726828818
4200606,Águas Mornas,420001,Florianópolis,4201,Florianópolis,42,Santa Catarina,SC,4,Sul,S,4205407,Florianópolis/SC,326.66,-27.733480957503126,-48.93602693546736
5210000,Inhumas,520003,Inhumas - Itaberaí - Anicuns,5201,Goiânia,52,Goiás,GO,5,Centro-oeste,CO,,,614.889,-16.307606851684135,-49.51592092665446
5217401,Pires do Rio,520006,Pires do Rio,5201,Goiânia,52,Goiás,GO,5,Centro-oeste,CO,,,1077.641,-17.271662936827315,-48.3888657425956
2409100,Passa e Fica,240002,Santo Antônio - Passa e Fica - Nova Cruz,2401,Natal,24,Rio Grande do Norte,RN,2,Nordeste,NE,,,44.105,-6.442240480976017,-35.614495031563735
2905107,Caém,290030,Jacobina,2910,Feira de Santana,29,Bahia,BA,2,Nordeste,NE,,,540.909,-11.14306662949704,-40.29110415214943
3509254,Cajati,350005,Registro,3502,Sorocaba,35,São Paulo,SP,3,Sudeste,SE,,,454.489,-24.77204177188834,-48.1950152267428
4110409,Indianópolis,410018,Cianorte,4104,Maringá,41,Paraná,PR,4,Sul,S,,,122.392,-23.487022471701746,-52.67316431938734
4209151,José Boiteux,420023,Ibirama - Presidente Getúlio,4207,Blumenau,42,Santa Catarina,SC,4,Sul,S,,,405.552,-26.859487338021797,-49.646306445779295
1505908,Porto de Moz,150019,Almeirim - Porto de Moz,1506,Altamira,15,Pará,PA,1,Norte,N,,,17422.329,-2.184613807525294,-52.547734319852374
4118709,Paulo Frontin,410003,União da Vitória,4101,Curitiba,41,Paraná,PR,4,Sul,S,,,363.169,-26.062488855572838,-50.74946604413743
5005103,Jateí,500005,Dourados,5002,Dourados,50,Mato Grosso do Sul,MS,5,Centro-oeste,CO,,,1933.316,-22.706725782476703,-53.95730926907783
1301654,Guajará,130007,Eirunepé,1302,Tefé,13,Amazonas,AM,1,Norte,N,,,7427.071,-7.236832386878604,-72.82918023990172
4322400,Uruguaiana,430015,Uruguaiana,4304,Uruguaiana,43,Rio Grande do Sul,RS,4,Sul,S,4322400,Internacional de Uruguaiana/Brasil,5702.098,-29.84058986792862,-56.729402217592565
2516003,Solânea,250002,Guarabira,2501,João Pessoa,25,Paraíba,PB,2,Nordeste,NE,,,233.043,-6.752228208342127,-35.72487229137802
3117504,Conceição do Mato Dentro,310002,Sete Lagoas,3101,Belo Horizonte,31,Minas Gerais,MG,3,Sudeste,SE,,,1720.04,-18.93696329035414,-43.50788957706019
3304607,Santa Maria Madalena,330008,Nova Friburgo,3303,Petrópolis,33,Rio de Janeiro,RJ,3,Sudeste,SE,,,810.962,-21.969634393787913,-41.91347792326312
3500808,Alfredo Marcondes,350018,Presidente Prudente,3505,Presidente Prudente,35,São Paulo,SP,3,Sudeste,SE,3541406,Presidente Prudente/SP,118.915,-21.93497295298787,-51.39565497565402
2312007,Santana do Acaraú,230015,Sobral,2306,Sobral,23,Ceará,CE,2,Nordeste,NE,,,972.551,-3.461027479195232,-40.16469329451701
3150208,Piedade de Ponte Nova,310030,Ponte Nova,3106,Juíz de Fora,31,Minas Gerais,MG,3,Sudeste,SE,,,83.733,-20.241710042920772,-42.718066618881195
5201801,Aragoiânia,520001,Goiânia,5201,Goiânia,52,Goiás,GO,5,Centro-oeste,CO,5208707,Goiânia/GO,218.125,-16.95147008151424,-49.418744074816786
3517406,Guaíra,350032,Barretos,3508,Ribeirão Preto,35,São Paulo,SP,3,Sudeste,SE,,,1258.465,-20.31403748131032,-48.364137109272406
2707701,Rio Largo,270001,Maceió,2701,Maceió,27,Alagoas,AL,2,Nordeste,NE,2704302,Maceió/AL,293.832,-9.480043968008177,-35.86444378983919
4217303,Saudades,420007,Chapecó,4204,Chapecó,42,Santa Catarina,SC,4,Sul,S,,,205.78,-26.89720681896866,-53.0400144076288
4110508,Ipiranga,410027,Ponta Grossa,4106,Ponta Grossa,41,Paraná,PR,4,Sul,S,,,902.385,-24.992945705191268,-50.588078570150685
4314209,Pedro Osório,430009,Pelotas,4302,Pelotas,43,Rio Grande do Sul,RS,4,Sul,S,,,603.757,-31.95973037665723,-52.87250220767168
5103007,Chapada dos Guimarães,510001,Cuiabá,5101,Cuiabá,51,Mato Grosso,MT,5,Centro-oeste,CO,,,6603.253,-15.12100897080265,-55.552146467431264
2205201,Jaicós,220009,Picos,2203,Picos,22,Piauí,PI,2,Nordeste,NE,,,866.788,-7.391460087248892,-41.20666579328167
2928406,Santa Rita de Cássia,290018,Barreiras,2906,Barreiras,29,Bahia,BA,2,Nordeste,NE,,,6030.491,-11.007986903864424,-44.55580922750363
4322376,Unistalda,430014,Santiago,4303,Santa Maria,43,Rio Grande do Sul,RS,4,Sul,S,,,602.26,-29.068199084667786,-55.15876937611843
2107100,Morros,210001,São Luís,2101,São Luís,21,Maranhão,MA,2,Nordeste,NE,,,1712.121,-2.9740567656556074,-43.77674058125881
2507804,Junco do Seridó,250005,Campina Grande,2502,Campina Grande,25,Paraíba,PB,2,Nordeste,NE,,,180.425,-6.991289390566002,-36.7744768174833
1302009,Itapiranga,130011,Itacoatiara,1304,Parintins,13,Amazonas,AM,1,Norte,N,,,4287.62,-2.496799021949695,-58.61583182292463
3509205,Cajamar,350001,São Paulo,3501,São Paulo,35,São Paulo,SP,3,Sudeste,SE,3550308,São Paulo/SP,131.521,-23.35148984068517,-46.87203040017087
2303931,Choró,230006,Quixadá,2302,Quixadá,23,Ceará,CE,2,Nordeste,NE,,,815.268,-4.772315672130918,-39.19108453118567
3517505,Guapiaçu,350025,São José do Rio Preto,3507,São José do Rio Preto,35,São Paulo,SP,3,Sudeste,SE,3549805,São José do Rio Preto/SP,324.752,-20.742757046622916,-49.18995452457726
3541653,Quadra,350008,Tatuí,3502,Sorocaba,35,São Paulo,SP,3,Sudeste,SE,,,205.672,-23.301017554648467,-48.03861690724765
4102307,Balsa Nova,410001,Curitiba,4101,Curitiba,41,Paraná,PR,4,Sul,S,4106902,Curitiba/PR,347.588,-25.522294394582335,-49.68852685482791
3550209,São Miguel Arcanjo,350006,Itapetininga,3502,Sorocaba,35,São Paulo,SP,3,Sudeste,SE,,,930.339,-23.913948093502068,-47.99334825888515
2312106,Santana do Cariri,230011,Juazeiro do Norte,2304,Juazeiro do Norte,23,Ceará,CE,2,Nordeste,NE,,,855.159,-7.221915759489747,-39.756529470710966
4306007,Crissiumal,430021,Três Passos,4305,Ijuí,43,Rio Grande do Sul,RS,4,Sul,S,,,362.032,-27.487456252664394,-54.13658639849613
2913101,Ibititá,290020,Irecê,2907,Irecê,29,Bahia,BA,2,Nordeste,NE,,,573.033,-11.579049511784682,-41.91512493390132
4209102,Joinville,420016,Joinville,4206,Joinville,42,Santa Catarina,SC,4,Sul,S,4209102,Joinville/SC,1127.837,-26.244289883847344,-48.95138426684778
4314308,Pejuçara,430018,Ijuí,4305,Ijuí,43,Rio Grande do Sul,RS,4,Sul,S,,,414.106,-28.45383743168929,-53.59373196142687
4217402,Schroeder,420016,Joinville,4206,Joinville,42,Santa Catarina,SC,4,Sul,S,4208906,Jaraguá do Sul/SC,165.237,-26.3679523105025,-49.06045571404361
2920205,Malhada,290016,Guanambi,2905,Guanambi,29,Bahia,BA,2,Nordeste,NE,,,1971.632,-14.215215204802044,-43.64592874141634
5209291,Guaraíta,520005,Goiás - Itapuranga,5201,Goiânia,52,Goiás,GO,5,Centro-oeste,CO,,,205.533,-15.672772333345872,-50.05016960550698
4127205,Terra Boa,410018,Cianorte,4104,Maringá,41,Paraná,PR,4,Sul,S,,,323.63,-23.69574883216389,-52.38822334034009
2303907,Chaval,230018,Camocim,2306,Sobral,23,Ceará,CE,2,Nordeste,NE,,,237.239,-3.0926473853000602,-41.23256173456454
2806800,São Domingos,280004,Itabaiana,2802,Itabaiana,28,Sergipe,SE,2,Nordeste,NE,,,101.999,-10.782379237546703,-37.574755783932446
3509304,Cajobi,350032,Barretos,3508,Ribeirão Preto,35,São Paulo,SP,3,Sudeste,SE,,,176.929,-20.873676046374555,-48.83876505100046
5004908,Jaraguari,500001,Campo Grande,5001,Campo Grande,50,Mato Grosso do Sul,MS,5,Centro-oeste,CO,,,2913.558,-20.227289475548634,-54.34829808630526
5201108,Anápolis,520002,Anápolis,5201,Goiânia,52,Goiás,GO,5,Centro-oeste,CO,5201108,Anápolis,935.671,-16.290579769119688,-48.97288603765884
3533700,Ocauçu,350013,Marília,3504,Marília,35,São Paulo,SP,3,Sudeste,SE,,,301.036,-22.438088374571976,-49.93793853492433
3150158,Piedade de Caratinga,310025,Caratinga,3105,Ipatinga,31,Minas Gerais,MG,3,Sudeste,SE,,,109.345,-19.76302678320648,-42.04471368084809
4200903,Angelina,420001,Florianópolis,4201,Florianópolis,42,Santa Catarina,SC,4,Sul,S,,,499.998,-27.543005690198232,-49.06722369660433
3116803,Coluna,310021,Guanhães,3104,Governador Valadares,31,Minas Gerais,MG,3,Sudeste,SE,,,347.716,-18.24826469949614,-42.83932490251191
5209408,Guarani de Goiás,520021,Posse-Campos Belos,5206,Luziânia - Águas Lindas de Goiás,52,Goiás,GO,5,Centro-oeste,CO,,,1221.054,-13.889451408345987,-46.43239407377181
3542008,Quintana,350013,Marília,3504,Marília,35,São Paulo,SP,3,Sudeste,SE,,,318.937,-22.10019502273322,-50.36927536128799
2913200,Ibotirama,290021,Xique-Xique - Barra,2907,Irecê,29,Bahia,BA,2,Nordeste,NE,,,1740.113,-12.038556322691301,-43.20476456997341
2515807,Serra Redonda,250005,Campina Grande,2502,Campina Grande,25,Paraíba,PB,2,Nordeste,NE,,,55.197,-7.171541694163073,-35.663269189492716
3109402,Buritizeiro,310010,Pirapora,3102,Montes Claros,31,Minas Gerais,MG,3,Sudeste,SE,,,7218.401,-17.286053346049417,-45.19181003091835
4209201,Lacerdópolis,420008,Joaçaba - Herval d'Oeste,4204,Chapecó,42,Santa Catarina,SC,4,Sul,S,,,69.036,-27.25088231235005,-51.59031112535503
4306106,Cruz Alta,430027,Cruz Alta,4306,Passo Fundo,43,Rio Grande do Sul,RS,4,Sul,S,,,1360.548,-28.70297461397732,-53.56257040127695
3525508,Joanópolis,350041,Bragança Paulista,3510,Campinas,35,São Paulo,SP,3,Sudeste,SE,,,374.346,-22.93881349782053,-46.209168121130155
4119004,Pérola d'Oeste,410009,Francisco Beltrão,4103,Cascavel,41,Paraná,PR,4,Sul,S,,,204.331,-25.84928141582101,-53.75871865822784
2905008,Caculé,290016,Guanambi,2905,Guanambi,29,Bahia,BA,2,Nordeste,NE,,,610.47,-14.482918261471434,-42.28514862275673
5201207,Anhanguera,520004,Catalão,5201,Goiânia,52,Goiás,GO,5,Centro-oeste,CO,,,55.569,-18.312361980762667,-48.225379349276885
2205003,Itainópolis,220009,Picos,2203,Picos,22,Piauí,PI,2,Nordeste,NE,,,827.62,-7.410115619499443,-41.48149171624021
3109253,Bugre,310024,Ipatinga,3105,Ipatinga,31,Minas Gerais,MG,3,Sudeste,SE,3131307,Ipatinga/MG,161.491,-19.357673010852718,-42.310999992619934
2928208,Santana,290018,Barreiras,2906,Barreiras,29,Bahia,BA,2,Nordeste,NE,,,1909.353,-13.065656845330945,-43.94238275959808
3304904,São Gonçalo,330001,Rio de Janeiro,3301,Rio de Janeiro,33,Rio de Janeiro,RJ,3,Sudeste,SE,3304557,Rio de Janeiro/RJ,248.159,-22.82559182718814,-42.9964951952704
2409506,Pedra Grande,240005,João Câmara,2401,Natal,24,Rio Grande do Norte,RN,2,Nordeste,NE,,,221.167,-5.146043628067511,-35.87350606520615
3166600,Serra da Saudade,310067,Dores do Indaiá,3113,Divinópolis,31,Minas Gerais,MG,3,Sudeste,SE,,,335.659,-19.385546923179025,-45.77724720517873
3101201,Aiuruoca,310054,Caxambu - Baependi,3109,Pouso Alegre,31,Minas Gerais,MG,3,Sudeste,SE,,,649.68,-21.95461207871783,-44.64758707447246
2613909,Serra Talhada,260013,Serra Talhada,2603,Serra Talhada,26,Pernambuco,PE,2,Nordeste,NE,,,2980.007,-8.036099952607804,-38.36972810395618
4201000,Anita Garibaldi,420005,Lages,4203,Lages,42,Santa Catarina,SC,4,Sul,S,,,589.812,-27.730321790077927,-51.07955798655442
4209177,Jupiá,420013,São Lourenço do Oeste,4204,Chapecó,42,Santa Catarina,SC,4,Sul,S,,,91.448,-26.394105626930006,-52.72092006281102
3517307,Guaimbê,350013,Marília,3504,Marília,35,São Paulo,SP,3,Sudeste,SE,,,217.811,-21.87850506614026,-49.860641134103375
2507606,Juarez Távora,250001,João Pessoa,2501,João Pessoa,25,Paraíba,PB,2,Nordeste,NE,,,75.678,-7.159223569575269,-35.570587823703065
4110805,Iretama,410015,Campo Mourão,4104,Maringá,41,Paraná,PR,4,Sul,S,,,570.716,-24.3523129230958,-52.111091487683645
4119103,Piên,410001,Curitiba,4101,Curitiba,41,Paraná,PR,4,Sul,S,,,256.501,-26.09038705707564,-49.452905263323046
2515906,Serraria,250002,Guarabira,2501,João Pessoa,25,Paraíba,PB,2,Nordeste,NE,,,65.062,-6.8331745449307375,-35.64414331505234
3500709,Agudos,350009,Bauru,3503,Bauru,35,São Paulo,SP,3,Sudeste,SE,,,966.708,-22.57193420105576,-49.108767539822125
4306072,Cristal do Sul,430029,Frederico Westphalen,4306,Passo Fundo,43,Rio Grande do Sul,RS,4,Sul,S,,,97.073,-27.432423542004297,-53.24855580392226
4322806,Veranópolis,430037,Bento Gonçalves,4307,Caxias do Sul,43,Rio Grande do Sul,RS,4,Sul,S,,,289.361,-28.96339321075849,-51.551568203914826
1506302,Salvaterra,150021,Soure-Salvaterra,1507,Breves,15,Pará,PA,1,Norte,N,,,918.563,-0.7966236535217668,-48.629983853990396
3158409,Santana de Cataguases,310032,Cataguases,3106,Juíz de Fora,31,Minas Gerais,MG,3,Sudeste,SE,,,161.486,-21.28211469432324,-42.55614562783829
4217204,São Miguel do Oeste,420009,São Miguel do Oeste,4204,Chapecó,42,Santa Catarina,SC,4,Sul,S,,,233.83,-26.72726473083578,-53.51224003443319
2920007,Maiquinique,290015,Itapetinga,2904,Vitória da Conquista,29,Bahia,BA,2,Nordeste,NE,,,588.296,-15.673999951392732,-40.269102587786875
3141405,Medina,310018,Pedra Azul,3103,Teófilo Otoni,31,Minas Gerais,MG,3,Sudeste,SE,,,1435.903,-16.27052046277589,-41.51006633371231
2928307,Santanópolis,290029,Feira de Santana,2910,Feira de Santana,29,Bahia,BA,2,Nordeste,NE,,,222.686,-11.975172489418679,-38.86225925699037
2401305,Campo Grande,240009,Mossoró,2403,Mossoró,24,Rio Grande do Norte,RN,2,Nordeste,NE,,,890.89,-5.880327252733378,-37.324288455037376
2605707,Floresta,260013,Serra Talhada,2603,Serra Talhada,26,Pernambuco,PE,2,Nordeste,NE,,,3637.243,-8.566278928858699,-38.30534191301938
2912509,Ibipitanga,290017,Bom Jesus da Lapa,2905,Guanambi,29,Bahia,BA,2,Nordeste,NE,,,954.373,-12.859346561128161,-42.359693310284754
2205102,Itaueira,220017,Floriano,2206,Floriano,22,Piauí,PI,2,Nordeste,NE,,,2554.178,-7.50498827182619,-43.133712264500616
4306056,Cristal,430005,Camaquã,4301,Porto Alegre,43,Rio Grande do Sul,RS,4,Sul,S,,,679.743,-31.00868729698949,-52.03048103236988
3305000,São João da Barra,330010,Campos dos Goytacazes,3304,Campos dos Goytacazes,33,Rio de Janeiro,RJ,3,Sudeste,SE,3301009,Campos dos Goytacazes/RJ,452.396,-21.782256074706503,-41.08082478412263
2107001,Montes Altos,210019,Imperatriz,2105,Imperatriz,21,Maranhão,MA,2,Nordeste,NE,,,1489.198,-5.857910119766884,-47.04149253081406
4102604,Barracão,410009,Francisco Beltrão,4103,Cascavel,41,Paraná,PR,4,Sul,S,,,161.806,-26.246380276053852,-53.53202688578746
2507705,Juazeirinho,250005,Campina Grande,2502,Campina Grande,25,Paraíba,PB,2,Nordeste,NE,,,474.606,-7.054930284542052,-36.558472713142365
4110904,Itaguajé,410019,Paranacity - Colorado,4104,Maringá,41,Paraná,PR,4,Sul,S,,,195.493,-22.659805158322524,-51.96754865153907
2806602,Santo Amaro das Brotas,280001,Aracaju,2801,Aracaju,28,Sergipe,SE,2,Nordeste,NE,,,236.965,-10.773651451737758,-36.98260569749735
2311405,Quixeramobim,230006,Quixadá,2302,Quixadá,23,Ceará,CE,2,Nordeste,NE,,,3302.144,-5.244547677313111,-39.3315092467732
3509106,Caiuá,350021,Presidente Epitácio-Presidente Venceslau,3505,Presidente Prudente,35,São Paulo,SP,3,Sudeste,SE,,,551.159,-21.80145657191565,-51.98663847314577
4314605,Piratini,430009,Pelotas,4302,Pelotas,43,Rio Grande do Sul,RS,4,Sul,S,,,3539.343,-31.438483150510276,-53.10319132832608
2409332,Santa Maria,240006,São Paulo do Potengi,2401,Natal,24,Rio Grande do Norte,RN,2,Nordeste,NE,,,219.57,-5.7889229443235894,-35.72048050806177
4306429,Dois Irmãos das Missões,430034,Palmeira das Missões,4306,Passo Fundo,43,Rio Grande do Sul,RS,4,Sul,S,,,226.072,-27.676191796949016,-53.495961177965995
3109204,Buenópolis,310004,Curvelo,3101,Belo Horizonte,31,Minas Gerais,MG,3,Sudeste,SE,,,1599.881,-17.880520163832355,-44.04138025078252
4209003,Joaçaba,420008,Joaçaba - Herval d'Oeste,4204,Chapecó,42,Santa Catarina,SC,4,Sul,S,,,241.637,-27.151796129590167,-51.59293464056563
3133204,Itanhomi,310020,Governador Valadares,3104,Governador Valadares,31,Minas Gerais,MG,3,Sudeste,SE,,,488.843,-19.160956890697452,-41.82033230276942
5209200,Guapó,520001,Goiânia,5201,Goiânia,52,Goiás,GO,5,Centro-oeste,CO,5208707,Goiânia/GO,514.178,-16.911529164128172,-49.57183149027986
2904308,Brejões,290003,Santo Antônio de Jesus,2902,Santo Antônio de Jesus,29,Bahia,BA,2,Nordeste,NE,,,518.566,-13.075373935571262,-39.85078352347754
1706506,Darcinópolis,170005,Araguaína,1702,Araguaína,17,Tocantins,TO,1,Norte,N,,,1641.77,-6.763412861081505,-47.767877513703574
3165909,Senador Modestino Gonçalves,310016,Diamantina,3103,Teófilo Otoni,31,Minas Gerais,MG,3,Sudeste,SE,,,952.055,-17.855245177488307,-43.240950923090374
2920106,Mairi,290029,Feira de Santana,2910,Feira de Santana,29,Bahia,BA,2,Nordeste,NE,,,906.679,-11.731683736934963,-40.18063338946553
4127106,Telêmaco Borba,410028,Telêmaco Borba,4106,Ponta Grossa,41,Paraná,PR,4,Sul,S,,,1379.02,-24.249648666651836,-50.52255789315895
4102703,Barra do Jacaré,410022,Santo Antônio da Platina,4105,Londrina,41,Paraná,PR,4,Sul,S,,,115.855,-23.10575626984975,-50.15915953970243
2303204,Caririaçu,230011,Juazeiro do Norte,2304,Juazeiro do Norte,23,Ceará,CE,2,Nordeste,NE,,,634.179,-7.021812981003073,-39.2748798950292
4306403,Dois Irmãos,430002,Novo Hamburgo - São Leopoldo,4301,Porto Alegre,43,Rio Grande do Sul,RS,4,Sul,S,4314902,Porto Alegre/RS,67.509,-29.59901671834289,-51.08951170086791
2806701,São Cristóvão,280001,Aracaju,2801,Aracaju,28,Sergipe,SE,2,Nordeste,NE,2800308,Aracaju/SE,438.037,-10.962216427170361,-37.22043099193547
2409308,Patu,240010,Pau dos Ferros,2403,Mossoró,24,Rio Grande do Norte,RN,2,Nordeste,NE,,,319.136,-6.0868856914768275,-37.62133734659755
3101003,Águas Vermelhas,310018,Pedra Azul,3103,Teófilo Otoni,31,Minas Gerais,MG,3,Sudeste,SE,,,1256.607,-15.683155079250145,-41.52151143203262
2515203,São Sebastião do Umbuzeiro,250007,Monteiro,2502,Campina Grande,25,Paraíba,PB,2,Nordeste,NE,,,464.327,-8.158186291972504,-37.01500277305949
3109303,Buritis,310063,Unaí,3112,Patos de Minas,31,Minas Gerais,MG,3,Sudeste,SE,,,5225.186,-15.453171716702762,-46.60436827785339
4200804,Anchieta,420009,São Miguel do Oeste,4204,Chapecó,42,Santa Catarina,SC,4,Sul,S,,,232.348,-26.532948184742406,-53.33310865018927
3157708,Santa Juliana,310055,Uberaba,3110,Uberaba,31,Minas Gerais,MG,3,Sudeste,SE,,,723.784,-19.38027458796407,-47.50910180557926
4118907,Pérola,410016,Umuarama,4104,Maringá,41,Paraná,PR,4,Sul,S,,,236.07,-23.832487910670412,-53.70638238881429
3125002,Ewbank da Câmara,310027,Juiz de Fora,3106,Juíz de Fora,31,Minas Gerais,MG,3,Sudeste,SE,3136702,Juiz de Fora/MG,103.834,-21.575050291170296,-43.56054990172159
3166006,Senhora de Oliveira,310038,Conselheiro Lafaiete,3107,Barbacena,31,Minas Gerais,MG,3,Sudeste,SE,,,170.749,-20.80099993965381,-43.34944902451841
4306379,Dilermando de Aguiar,430011,Santa Maria,4303,Santa Maria,43,Rio Grande do Sul,RS,4,Sul,S,,,600.518,-29.813445408173283,-54.16323321219792
2204402,Gilbués,220015,Corrente,2205,Corrente - Bom Jesus,22,Piauí,PI,2,Nordeste,NE,,,3495.692,-9.621890027256606,-45.40777559083433
2401107,Areia Branca,240009,Mossoró,2403,Mossoró,24,Rio Grande do Norte,RN,2,Nordeste,NE,,,342.749,-5.001190737584745,-37.04625375791135
3141207,Matutina,310062,Patos de Minas,3112,Patos de Minas,31,Minas Gerais,MG,3,Sudeste,SE,,,260.957,-19.193623326514235,-45.99553786142556
2920452,Mansidão,290018,Barreiras,2906,Barreiras,29,Bahia,BA,2,Nordeste,NE,,,3129.588,-11.128090466734276,-44.10836632519018
4322855,Vespasiano Corrêa,430043,Encantado,4308,Santa Cruz do Sul - Lajeado,43,Rio Grande do Sul,RS,4,Sul,S,,,113.622,-29.06678157163936,-51.86048027305182
1506351,Santa Bárbara do Pará,150001,Belém,1501,Belém,15,Pará,PA,1,Norte,N,,,278.154,-1.1943355628401802,-48.25051695674231
2409407,Pau dos Ferros,240010,Pau dos Ferros,2403,Mossoró,24,Rio Grande do Norte,RN,2,Nordeste,NE,,,259.959,-6.1174056280472255,-38.16975122798835
3501004,Altinópolis,350031,Ribeirão Preto,3508,Ribeirão Preto,35,São Paulo,SP,3,Sudeste,SE,,,928.956,-21.01804725148105,-47.38624830627338
4306502,Dom Feliciano,430005,Camaquã,4301,Porto Alegre,43,Rio Grande do Sul,RS,4,Sul,S,,,1355.195,-30.604379820674538,-52.20147614725561
3304805,São Fidélis,330010,Campos dos Goytacazes,3304,Campos dos Goytacazes,33,Rio de Janeiro,RJ,3,Sudeste,SE,,,1034.833,-21.6599018957131,-41.78698199350572
2507002,Itaporanga,250010,Itaporanga,2503,Patos,25,Paraíba,PB,2,Nordeste,NE,,,460.21,-7.286483548899881,-38.18641932679452
4217253,São Pedro de Alcântara,420001,Florianópolis,4201,Florianópolis,42,Santa Catarina,SC,4,Sul,S,4205407,Florianópolis/SC,139.196,-27.591567379026444,-48.83713076251136
3101102,Aimorés,310023,Aimorés - Resplendor,3104,Governador Valadares,31,Minas Gerais,MG,3,Sudeste,SE,,,1348.913,-19.625175847268046,-41.21394044376986
3157807,Santa Luzia,310001,Belo Horizonte,3101,Belo Horizonte,31,Minas Gerais,MG,3,Sudeste,SE,3106200,Belo Horizonte/MG,235.166,-19.744869716633364,-43.836653855401195
4110706,Irati,410029,Irati,4106,Ponta Grossa,41,Paraná,PR,4,Sul,S,,,1000.188,-25.488266240914914,-50.82499242574052
2928604,Santo Amaro,290001,Salvador,2901,Salvador,29,Bahia,BA,2,Nordeste,NE,,,494.502,-12.561824685195242,-38.7643911009254
2614303,Moreilândia,260016,Araripina,2604,Petrolina,26,Pernambuco,PE,2,Nordeste,NE,,,404.288,-7.618141047506334,-39.52255058542003
1301951,Itamarati,130007,Eirunepé,1302,Tefé,13,Amazonas,AM,1,Norte,N,,,25509.236,-6.680134374901168,-68.11400162258981
2806008,Ribeirópolis,280004,Itabaiana,2802,Itabaiana,28,Sergipe,SE,2,Nordeste,NE,,,259.057,-10.503998055116886,-37.429372926467344
3133006,Itamonte,310053,São Lourenço,3109,Pouso Alegre,31,Minas Gerais,MG,3,Sudeste,SE,,,431.792,-22.28927182328962,-44.75768743116726
2401206,Arez,240003,Canguaretama,2401,Natal,24,Rio Grande do Norte,RN,2,Nordeste,NE,,,115.407,-6.193686705974667,-35.20817559799867
3141306,Medeiros,310066,Formiga,3113,Divinópolis,31,Minas Gerais,MG,3,Sudeste,SE,,,946.437,-19.98915150571673,-46.33972580299898
3501103,Alto Alegre,350023,Birigui - Penápolis,3506,Araçatuba,35,São Paulo,SP,3,Sudeste,SE,,,318.574,-21.612539783312965,-50.19211677311364
4118857,Perobal,410016,Umuarama,4104,Maringá,41,Paraná,PR,4,Sul,S,,,409.062,-23.922996594065236,-53.36502844949291
4102505,Barbosa Ferraz,410015,Campo Mourão,4104,Maringá,41,Paraná,PR,4,Sul,S,,,536.101,-24.082089634427927,-52.046795410811
3149606,Pequi,310068,Pará de Minas,3113,Divinópolis,31,Minas Gerais,MG,3,Sudeste,SE,,,203.991,-19.604757157362606,-44.63578742539468
3108602,Brasília de Minas,310006,Montes Claros,3102,Montes Claros,31,Minas Gerais,MG,3,Sudeste,SE,,,1399.484,-16.242705993063513,-44.43912083136045
2920403,Manoel Vitorino,290012,Jequié,2904,Vitória da Conquista,29,Bahia,BA,2,Nordeste,NE,,,2201.763,-14.05087471047856,-40.547598168131586
3124807,Estrela do Sul,310061,Monte Carmelo,3111,Uberlândia,31,Minas Gerais,MG,3,Sudeste,SE,,,822.454,-18.715129519290837,-47.72642265785888
2928703,Santo Antônio de Jesus,290003,Santo Antônio de Jesus,2902,Santo Antônio de Jesus,29,Bahia,BA,2,Nordeste,NE,,,261.74,-13.00829659159349,-39.22662127069671
4306452,Dois Lajeados,430038,Nova Prata - Guaporé,4307,Caxias do Sul,43,Rio Grande do Sul,RS,4,Sul,S,,,133.535,-28.976630545505053,-51.84317520107378
3533007,Nova Granada,350025,São José do Rio Preto,3507,São José do Rio Preto,35,São Paulo,SP,3,Sudeste,SE,,,531.796,-20.476001611894134,-49.33110547497764
2707602,Quebrangulo,270008,Palmeira dos Índios,2702,Arapiraca,27,Alagoas,AL,2,Nordeste,NE,,,319.829,-9.303267876117404,-36.46122935375279
2606101,Glória do Goitá,260005,Vitória de Santo Antão,2601,Recife,26,Pernambuco,PE,2,Nordeste,NE,,,234.486,-8.012755217766506,-35.338293863045614
3133105,Itanhandu,310053,São Lourenço,3109,Pouso Alegre,31,Minas Gerais,MG,3,Sudeste,SE,,,143.363,-22.32009769232048,-44.92104709413471
4314498,Pinheirinho do Vale,430029,Frederico Westphalen,4306,Passo Fundo,43,Rio Grande do Sul,RS,4,Sul,S,,,105.385,-27.22168452384681,-53.63430130481696
1722107,Xambioá,170005,Araguaína,1702,Araguaína,17,Tocantins,TO,1,Norte,N,,,1190.489,-6.545436606697455,-48.45103512090587
1506161,Rio Maria,150014,Xinguara,1504,Redenção,15,Pará,PA,1,Norte,N,,,4114.652,-7.3406328041906574,-49.89514347556664
5209606,Heitoraí,520003,Inhumas - Itaberaí - Anicuns,5201,Goiânia,52,Goiás,GO,5,Centro-oeste,CO,,,228.615,-15.743641705806331,-49.78393929333284
2408706,Paraú,240011,Assú,2403,Mossoró,24,Rio Grande do Norte,RN,2,Nordeste,NE,,,383.214,-5.784387068891708,-37.11055691493955
3165800,Senador José Bento,310050,Pouso Alegre,3109,Pouso Alegre,31,Minas Gerais,MG,3,Sudeste,SE,,,93.892,-22.156763654543372,-46.14107671281079
3100401,Acaiaca,310030,Ponte Nova,3106,Juíz de Fora,31,Minas Gerais,MG,3,Sudeste,SE,,,101.886,-20.399832016561344,-43.101202042658144
2303105,Cariré,230015,Sobral,2306,Sobral,23,Ceará,CE,2,Nordeste,NE,,,755.597,-3.951874311429566,-40.521688384762044
4306304,David Canabarro,430030,Marau,4306,Passo Fundo,43,Rio Grande do Sul,RS,4,Sul,S,,,174.172,-28.416345927895865,-51.81255218478246
1301902,Itacoatiara,130011,Itacoatiara,1304,Parintins,13,Amazonas,AM,1,Norte,N,,,8882.186,-3.17354384401476,-58.77560345368457
3524808,Jales,350028,Jales,3507,São José do Rio Preto,35,São Paulo,SP,3,Sudeste,SE,,,368.574,-20.285814140389107,-50.554095755046475
2920502,Maracás,290012,Jequié,2904,Vitória da Conquista,29,Bahia,BA,2,Nordeste,NE,,,2413.27,-13.495182070164105,-40.55523301403806
4314472,Pinhal Grande,430011,Santa Maria,4303,Santa Maria,43,Rio Grande do Sul,RS,4,Sul,S,,,478.11,-29.291459594132764,-53.33563184806139
3124906,Eugenópolis,310031,Muriaé,3106,Juíz de Fora,31,Minas Gerais,MG,3,Sudeste,SE,,,309.395,-21.0140215875589,-42.22327997257569
2311264,Quiterianópolis,230013,Crateús,2305,Crateús,23,Ceará,CE,2,Nordeste,NE,,,1022.896,-5.875230379902743,-40.762162561702596
3157609,Santa Fé de Minas,310010,Pirapora,3102,Montes Claros,31,Minas Gerais,MG,3,Sudeste,SE,,,2917.448,-16.70146997155589,-45.557072059600564
4314464,Pinhal da Serra,430039,Vacaria,4307,Caxias do Sul,43,Rio Grande do Sul,RS,4,Sul,S,,,438.11,-27.8535810135279,-51.2194098296018
3550100,São Manuel,350011,Botucatu,3503,Bauru,35,São Paulo,SP,3,Sudeste,SE,,,650.734,-22.68225999814406,-48.540426679044955
3533106,Nova Guataporanga,350020,Dracena,3505,Presidente Prudente,35,São Paulo,SP,3,Sudeste,SE,,,34.675,-21.322283575724043,-51.64502470265013
1506138,Redenção,150012,Redenção,1504,Redenção,15,Pará,PA,1,Norte,N,,,3823.809,-8.06932896490924,-50.198124051412975
3108552,Brasilândia de Minas,310062,Patos de Minas,3112,Patos de Minas,31,Minas Gerais,MG,3,Sudeste,SE,,,2509.694,-16.956983400168536,-45.90247805763569
5201405,Aparecida de Goiânia,520001,Goiânia,5201,Goiânia,52,Goiás,GO,5,Centro-oeste,CO,5208707,Goiânia/GO,279.954,-16.809987396666436,-49.26248206018496
2400505,Alexandria,240010,Pau dos Ferros,2403,Mossoró,24,Rio Grande do Norte,RN,2,Nordeste,NE,,,381.205,-6.364493410806078,-37.98919514914809
1722081,Wanderlândia,170005,Araguaína,1702,Araguaína,17,Tocantins,TO,1,Norte,N,,,1365.432,-6.910060112481688,-48.00198176003239
4314456,Pinhal,430029,Frederico Westphalen,4306,Passo Fundo,43,Rio Grande do Sul,RS,4,Sul,S,,,68.222,-27.528956286942925,-53.23505804124131
2107357,Nova Olinda do Maranhão,210009,Santa Inês,2102,Santa Inês - Bacabal,21,Maranhão,MA,2,Nordeste,NE,,,2452.615,-2.8960415416775573,-45.95527653236325
2614105,Sertânia,260011,Arcoverde,2602,Caruaru,26,Pernambuco,PE,2,Nordeste,NE,,,2409.511,-8.210170586771724,-37.335921140820346
5217609,Planaltina,520020,Águas Lindas de Goiás,5206,Luziânia - Águas Lindas de Goiás,52,Goiás,GO,5,Centro-oeste,CO,5300108,Brasília/DF,2558.922,-15.284479022411208,-47.750367409549746
3500907,Altair,350025,São José do Rio Preto,3507,São José do Rio Preto,35,São Paulo,SP,3,Sudeste,SE,,,313.007,-20.533337783975334,-49.09386081622455
3116704,Coimbra,310033,Viçosa,3106,Juíz de Fora,31,Minas Gerais,MG,3,Sudeste,SE,,,106.875,-20.843830471211987,-42.79149283523918
3524907,Jambeiro,350049,São José dos Campos,3511,São José dos Campos,35,São Paulo,SP,3,Sudeste,SE,3549904,São José dos Campos/SP,184.413,-23.279287999329725,-45.710600424302996
3149408,Pedro Teixeira,310027,Juiz de Fora,3106,Juíz de Fora,31,Minas Gerais,MG,3,Sudeste,SE,,,112.959,-21.725281130275203,-43.729117056286526
3141603,Mercês,310029,Ubá,3106,Juíz de Fora,31,Minas Gerais,MG,3,Sudeste,SE,,,348.271,-21.188267842802656,-43.332842693234426
3541901,Queluz,350053,Cruzeiro,3511,São José dos Campos,35,São Paulo,SP,3,Sudeste,SE,,,249.356,-22.504261556430276,-44.785268385225926
2311355,Quixelô,230009,Iguatu,2303,Iguatu,23,Ceará,CE,2,Nordeste,NE,,,620.242,-6.177457722003689,-39.12418674825832
2928505,Santa Terezinha,290004,Cruz das Almas,2902,Santo Antônio de Jesus,29,Bahia,BA,2,Nordeste,NE,,,719.258,-12.734162234196939,-39.571741473663145
2605905,Gameleira,260003,Palmares,2601,Recife,26,Pernambuco,PE,2,Nordeste,NE,,,257.781,-8.612472694176509,-35.393084662296665
4314555,Pirapó,430022,São Luiz Gonzaga,4305,Ijuí,43,Rio Grande do Sul,RS,4,Sul,S,,,281.794,-28.063462710065412,-55.24305066773431
2107456,Olinda Nova do Maranhão,210005,Viana,2101,São Luís,21,Maranhão,MA,2,Nordeste,NE,,,199.879,-2.9755520983775714,-45.00885052938697
2614204,Sirinhaém,260007,Barreiros - Sirinhaém,2601,Recife,26,Pernambuco,PE,2,Nordeste,NE,,,374.321,-8.571871884785153,-35.17216384215397
4208450,Itapoá,420016,Joinville,4206,Joinville,42,Santa Catarina,SC,4,Sul,S,,,245.529,-26.082427209782313,-48.65234058634795
5217708,Pontalina,520009,Piracanjuba,5202,Itumbiara,52,Goiás,GO,5,Centro-oeste,CO,,,1434.289,-17.531073230974354,-49.53769059657559
1301209,Coari,130003,Coari,1301,Manaus,13,Amazonas,AM,1,Norte,N,,,57894.132,-4.441841627212293,-64.12792060400811
4314548,Pinto Bandeira,430037,Bento Gonçalves,4307,Caxias do Sul,43,Rio Grande do Sul,RS,4,Sul,S,4302105,Bento Gonçalves/RS,104.802,-29.092951855319733,-51.46169327071241
4110078,Imbaú,410028,Telêmaco Borba,4106,Ponta Grossa,41,Paraná,PR,4,Sul,S,,,331.94,-24.438319934405264,-50.741739114112086
3149507,Pequeri,310035,São João Nepomuceno - Bicas,3106,Juíz de Fora,31,Minas Gerais,MG,3,Sudeste,SE,,,90.833,-21.825873122100013,-43.13209847040982
3516705,Garça,350013,Marília,3504,Marília,35,São Paulo,SP,3,Sudeste,SE,,,555.807,-22.2310419996057,-49.689635453906575
3549409,São Joaquim da Barra,350034,São Joaquim da Barra - Orlândia,3508,Ribeirão Preto,35,São Paulo,SP,3,Sudeste,SE,,,410.863,-20.550515859330456,-47.93854919153771
5005152,Juti,500005,Dourados,5002,Dourados,50,Mato Grosso do Sul,MS,5,Centro-oeste,CO,,,1569.176,-22.776282666310042,-54.48888915766469
3304151,Quissamã,330014,Macaé - Rio das Ostras,3305,Macaé - Rio das Ostras - Cabo Frio,33,Rio de Janeiro,RJ,3,Sudeste,SE,,,719.643,-22.104799083811088,-41.44440496052838
4322707,Vera Cruz,430040,Santa Cruz do Sul,4308,Santa Cruz do Sul - Lajeado,43,Rio Grande do Sul,RS,4,Sul,S,4316808,Santa Cruz do Sul/RS,309.994,-29.713010879140032,-52.538706045876346
3133402,Itapagipe,310057,Frutal,3110,Uberaba,31,Minas Gerais,MG,3,Sudeste,SE,,,1802.438,-19.794853043289127,-49.42345465691132
2920304,Malhada de Pedras,290013,Brumado,2904,Vitória da Conquista,29,Bahia,BA,2,Nordeste,NE,,,550.82,-14.352465413106927,-41.845260947771955
1506203,Salinópolis,150006,Capanema,1502,Castanhal,15,Pará,PA,1,Norte,N,,,226.12,-0.6839545580711278,-47.35170229249325
3141702,Mesquita,310024,Ipatinga,3105,Ipatinga,31,Minas Gerais,MG,3,Sudeste,SE,,,274.938,-19.24795062733447,-42.612132120055186
4216602,São José,420001,Florianópolis,4201,Florianópolis,42,Santa Catarina,SC,4,Sul,S,4205407,Florianópolis/SC,150.499,-27.578471106732305,-48.656255771985144
4306353,Dezesseis de Novembro,430022,São Luiz Gonzaga,4305,Ijuí,43,Rio Grande do Sul,RS,4,Sul,S,,,216.341,-28.204816206038597,-55.07971267461792
3304144,Queimados,330001,Rio de Janeiro,3301,Rio de Janeiro,33,Rio de Janeiro,RJ,3,Sudeste,SE,3304557,Rio de Janeiro/RJ,75.927,-22.725415108098446,-43.584922419591976
1506195,Rurópolis,150016,Itaituba,1505,Santarém,15,Pará,PA,1,Norte,N,,,7021.322,-4.241042511098933,-55.21074007159901
2606002,Garanhuns,260010,Garanhuns,2602,Caruaru,26,Pernambuco,PE,2,Nordeste,NE,2606002,Garanhuns,458.964,-8.928980377367413,-36.50109818510988
1301308,Codajás,130003,Coari,1301,Manaus,13,Amazonas,AM,1,Norte,N,,,19038.052,-3.279641136026426,-62.98534389314861
4110052,Iguatu,410006,Cascavel,4103,Cascavel,41,Paraná,PR,4,Sul,S,,,106.937,-24.687840308692987,-53.08691232373177
3508504,Caçapava,350049,São José dos Campos,3511,São José dos Campos,35,São Paulo,SP,3,Sudeste,SE,3549904,São José dos Campos/SP,369.558,-23.103595177871323,-45.71344487792868
2708006,Santana do Ipanema,270010,Santana do Ipanema,2702,Arapiraca,27,Alagoas,AL,2,Nordeste,NE,,,436.087,-9.359012837724064,-37.211112970304555
3532900,Nova Europa,350036,Araraquara,3509,Araraquara,35,São Paulo,SP,3,Sudeste,SE,,,160.25,-21.774335753814018,-48.54967123941517
1506187,Rondon do Pará,150009,Marabá,1503,Marabá,15,Pará,PA,1,Norte,N,,,8246.394,-4.5169274797595556,-48.46003671047873
3541208,Presidente Bernardes,350018,Presidente Prudente,3505,Presidente Prudente,35,São Paulo,SP,3,Sudeste,SE,3541406,Presidente Prudente/SP,749.234,-22.107272762860386,-51.620341968983155
3157658,Santa Helena de Minas,310019,Águas Formosas,3103,Teófilo Otoni,31,Minas Gerais,MG,3,Sudeste,SE,,,276.433,-16.90197841229475,-40.658835779382024
3549508,São José da Bela Vista,350033,Franca,3508,Ribeirão Preto,35,São Paulo,SP,3,Sudeste,SE,,,276.952,-20.587530152242433,-47.62717365625739
3125200,Fama,310042,Alfenas,3108,Varginha,31,Minas Gerais,MG,3,Sudeste,SE,,,86.024,-21.465265203226515,-45.8141687878174
5005251,Laguna Carapã,500005,Dourados,5002,Dourados,50,Mato Grosso do Sul,MS,5,Centro-oeste,CO,,,1725.78,-22.677515602193473,-55.13209523179006
1713957,Muricilândia,170005,Araguaína,1702,Araguaína,17,Tocantins,TO,1,Norte,N,,,1194.368,-7.0033429514489836,-48.78650621805518
2912400,Ibipeba,290020,Irecê,2907,Irecê,29,Bahia,BA,2,Nordeste,NE,,,1382.009,-11.570748187235314,-42.18177021096495
2204352,Geminiano,220009,Picos,2203,Picos,22,Piauí,PI,2,Nordeste,NE,,,440.606,-7.187692262681946,-41.33289280468681
2107407,Olho d'Água das Cunhãs,210010,Bacabal,2102,Santa Inês - Bacabal,21,Maranhão,MA,2,Nordeste,NE,,,695.333,-4.094632517115888,-45.12034869385524
5201454,Aparecida do Rio Doce,520010,Rio Verde,5203,Rio Verde,52,Goiás,GO,5,Centro-oeste,CO,,,603.254,-18.21610725344696,-51.26293933307894
3133501,Itapecerica,310065,Divinópolis,3113,Divinópolis,31,Minas Gerais,MG,3,Sudeste,SE,,,1040.519,-20.458490511900187,-45.107917461420875
4208401,Itapiranga,420009,São Miguel do Oeste,4204,Chapecó,42,Santa Catarina,SC,4,Sul,S,,,281.782,-27.112222407871407,-53.711674148290726
2311306,Quixadá,230006,Quixadá,2302,Quixadá,23,Ceará,CE,2,Nordeste,NE,,,2020.587,-4.954480824629289,-38.94703256405061
1505536,Parauapebas,150010,Parauapebas,1503,Marabá,15,Pará,PA,1,Norte,N,1505536,Parauapebas,6885.865,-6.151735424995419,-50.48976932950644
3166204,Senhora dos Remédios,310037,Barbacena,3107,Barbacena,31,Minas Gerais,MG,3,Sudeste,SE,,,237.815,-21.031243797577655,-43.60022259397154
4314506,Pinheiro Machado,430010,Bagé,4302,Pelotas,43,Rio Grande do Sul,RS,4,Sul,S,,,2249.324,-31.40489610786891,-53.41341823827635
3524709,Jaguariúna,350038,Campinas,3510,Campinas,35,São Paulo,SP,3,Sudeste,SE,,,141.391,-22.69198096137879,-47.012781523634935
4101853,Ariranha do Ivaí,410025,Ivaiporã,4105,Londrina,41,Paraná,PR,4,Sul,S,,,236.039,-24.37744094635528,-51.5383187566966
4126504,Sertanópolis,410021,Londrina,4105,Londrina,41,Paraná,PR,4,Sul,S,,,505.489,-23.05668689345239,-51.07182371590382
2613503,São José do Belmonte,260013,Serra Talhada,2603,Serra Talhada,26,Pernambuco,PE,2,Nordeste,NE,,,1474.086,-7.865761471768171,-38.74566701706786
4306320,Derrubadas,430021,Três Passos,4305,Ijuí,43,Rio Grande do Sul,RS,4,Sul,S,,,360.851,-27.240269865037533,-53.89343958180227
3117009,Comercinho,310018,Pedra Azul,3103,Teófilo Otoni,31,Minas Gerais,MG,3,Sudeste,SE,,,654.961,-16.285007886180892,-41.76749623938658
2904209,Botuporã,290016,Guanambi,2905,Guanambi,29,Bahia,BA,2,Nordeste,NE,,,627.613,-13.326230030337143,-42.53470602613958
3125309,Faria Lemos,310034,Carangola,3106,Juíz de Fora,31,Minas Gerais,MG,3,Sudeste,SE,,,165.224,-20.781174384879026,-42.035655259869365
3541307,Presidente Epitácio,350021,Presidente Epitácio-Presidente Venceslau,3505,Presidente Prudente,35,São Paulo,SP,3,Sudeste,SE,,,1260.281,-21.910657934520586,-52.174917843648856
4200200,Agrolândia,420022,Rio do Sul,4207,Blumenau,42,Santa Catarina,SC,4,Sul,S,,,206.815,-27.45511639263582,-49.82477985584995
2107258,Nova Colinas,210022,Balsas,2105,Imperatriz,21,Maranhão,MA,2,Nordeste,NE,,,743.11,-7.1443114739642875,-46.264520410072066
3158003,Santa Maria de Itabira,310005,Itabira,3101,Belo Horizonte,31,Minas Gerais,MG,3,Sudeste,SE,,,597.441,-19.435293422691174,-43.044926927853005
3516507,Gabriel Monteiro,350023,Birigui - Penápolis,3506,Araçatuba,35,São Paulo,SP,3,Sudeste,SE,,,138.681,-21.49959041703317,-50.56474744114015
2515104,São Sebastião de Lagoa de Roça,250005,Campina Grande,2502,Campina Grande,25,Paraíba,PB,2,Nordeste,NE,,,46.372,-7.089178175922762,-35.85393523898263
4118303,Paranapoema,410019,Paranacity - Colorado,4104,Maringá,41,Paraná,PR,4,Sul,S,,,175.875,-22.660472079171978,-52.102677650614076
5102637,Campo Novo do Parecis,510002,Tangará da Serra,5101,Cuiabá,51,Mato Grosso,MT,5,Centro-oeste,CO,,,9428.585,-13.688299609940243,-57.9309533478897
4322004,Triunfo,430006,Charqueadas - Triunfo - São Jerônimo,4301,Porto Alegre,43,Rio Grande do Sul,RS,4,Sul,S,,,818.221,-29.84477654042336,-51.570923177688194
1505502,Paragominas,150007,Paragominas,1502,Castanhal,15,Pará,PA,1,Norte,N,,,19342.565,-3.2034500119956455,-47.603151462482465
3117108,Conceição da Aparecida,310042,Alfenas,3108,Varginha,31,Minas Gerais,MG,3,Sudeste,SE,,,352.521,-21.096958333976154,-46.225935656284214
5209457,Guarinos,520018,Ceres - Rialma - Goianésia,5205,Porangatu - Uruaçu,52,Goiás,GO,5,Centro-oeste,CO,,,593.188,-14.699378748368277,-49.7306273456043
2605301,Exu,260016,Araripina,2604,Petrolina,26,Pernambuco,PE,2,Nordeste,NE,,,1336.786,-7.5160229885386824,-39.748231863647774
3141504,Mendes Pimentel,310022,Mantena,3104,Governador Valadares,31,Minas Gerais,MG,3,Sudeste,SE,,,305.507,-18.629315938900984,-41.35583433810536
4216404,São João do Sul,420004,Araranguá,4202,Criciúma,42,Santa Catarina,SC,4,Sul,S,,,184.375,-29.205566953627706,-49.81346772887213
4200051,Abdon Batista,420008,Joaçaba - Herval d'Oeste,4204,Chapecó,42,Santa Catarina,SC,4,Sul,S,,,237.517,-27.583824899880664,-51.05626283062217
2204303,Fronteiras,220009,Picos,2203,Picos,22,Piauí,PI,2,Nordeste,NE,,,777.179,-7.077189133368796,-40.58374499395258
1505494,Palestina do Pará,150009,Marabá,1503,Marabá,15,Pará,PA,1,Norte,N,,,984.362,-5.927267038491603,-48.37018416002076
5005202,Ladário,500010,Corumbá,5003,Corumbá,50,Mato Grosso do Sul,MS,5,Centro-oeste,CO,5003207,Internacional de Corumbá/Brasil,354.255,-19.103063063837016,-57.568814387044746
3149804,Perdizes,310056,Araxá,3110,Uberaba,31,Minas Gerais,MG,3,Sudeste,SE,,,2451.112,-19.400150879793024,-47.19599173493552
3304201,Resende,330005,Resende,3302,Volta Redonda - Barra Mansa,33,Rio de Janeiro,RJ,3,Sudeste,SE,3304201,Resende/RJ,1099.336,-22.44064134513335,-44.48525771445155
1505486,Pacajá,150011,Tucuruí,1503,Marabá,15,Pará,PA,1,Norte,N,,,11832.318,-3.684125649656109,-50.63168052639627
2506905,Itabaiana,250004,Itabaiana,2501,João Pessoa,25,Paraíba,PB,2,Nordeste,NE,,,210.572,-7.348409860337653,-35.354267325638844
3508306,Cabrália Paulista,350009,Bauru,3503,Bauru,35,São Paulo,SP,3,Sudeste,SE,,,239.974,-22.489451244759,-49.37299065133174
2707800,Roteiro,270004,São Miguel dos Campos,2701,Maceió,27,Alagoas,AL,2,Nordeste,NE,,,128.869,-9.868769497256784,-35.98041943352633
5102603,Campinápolis,510015,Água Boa,5104,Barra do Garças,51,Mato Grosso,MT,5,Centro-oeste,CO,,,5978.984,-14.374608011930475,-53.128380974851446
1301100,Careiro,130001,Manaus,1301,Manaus,13,Amazonas,AM,1,Norte,N,,,6100.302,-3.772707929544338,-60.18518156044406
4313805,Palmitinho,430029,Frederico Westphalen,4306,Passo Fundo,43,Rio Grande do Sul,RS,4,Sul,S,,,144.181,-27.327816122039966,-53.58784636504827
4322103,Tucunduva,430019,Santa Rosa,4305,Ijuí,43,Rio Grande do Sul,RS,4,Sul,S,,,181.198,-27.639358384851867,-54.43099261520986
3516606,Gália,350013,Marília,3504,Marília,35,São Paulo,SP,3,Sudeste,SE,,,355.914,-22.320479986310232,-49.57777019496973
4110102,Imbituva,410029,Irati,4106,Ponta Grossa,41,Paraná,PR,4,Sul,S,,,758.099,-25.225383334180805,-50.65462396393379
3133303,Itaobim,310013,Teófilo Otoni,3103,Teófilo Otoni,31,Minas Gerais,MG,3,Sudeste,SE,,,679.024,-16.583042475183582,-41.5343734277169
4208203,Itajaí,420020,Itajaí,4207,Blumenau,42,Santa Catarina,SC,4,Sul,S,4208203,Itajaí - Balneário Camboriú/SC,289.215,-26.969012973653292,-48.75341716487721
1505601,Peixe-Boi,150006,Capanema,1502,Castanhal,15,Pará,PA,1,Norte,N,,,450.224,-1.1307113564883668,-47.2719822978646
4216503,São Joaquim,420005,Lages,4203,Lages,42,Santa Catarina,SC,4,Sul,S,,,1888.627,-28.298348477782113,-50.01398677299857
2107209,Nina Rodrigues,210004,Itapecuru Mirim,2101,São Luís,21,Maranhão,MA,2,Nordeste,NE,,,570.938,-3.4288292605346076,-43.81293690594276
2204659,Ilha Grande,220006,Parnaíba,2202,Parnaíba,22,Piauí,PI,2,Nordeste,NE,,,129.696,-2.8288611991250203,-41.81416246797932
3549300,São João do Pau d'Alho,350020,Dracena,3505,Presidente Prudente,35,São Paulo,SP,3,Sudeste,SE,,,117.514,-21.22334745095608,-51.6730349928516
4101903,Assaí,410021,Londrina,4105,Londrina,41,Paraná,PR,4,Sul,S,,,440.347,-23.40543007413879,-50.875553551147725
4126306,Sengés,410027,Ponta Grossa,4106,Ponta Grossa,41,Paraná,PR,4,Sul,S,,,1438.17,-24.24882647835282,-49.455871746660044
2707909,Santa Luzia do Norte,270001,Maceió,2701,Maceió,27,Alagoas,AL,2,Nordeste,NE,2704302,Maceió/AL,28.857,-9.61207364016809,-35.829899281798255
2805901,Riachuelo,280001,Aracaju,2801,Aracaju,28,Sergipe,SE,2,Nordeste,NE,2800308,Aracaju/SE,78.308,-10.73062339963842,-37.22528490998412
3508405,Cabreúva,350039,Jundiaí,3510,Campinas,35,São Paulo,SP,3,Sudeste,SE,3525904,Jundiaí/SP,260.234,-23.30130622166111,-47.08020582790006
4313904,Panambi,430018,Ijuí,4305,Ijuí,43,Rio Grande do Sul,RS,4,Sul,S,,,491.57,-28.32955053384742,-53.50742665144183
3108503,Botumirim,310006,Montes Claros,3102,Montes Claros,31,Minas Gerais,MG,3,Sudeste,SE,,,1568.884,-16.93784935471731,-43.00563895341924
1705557,Combinado,170011,Dianópolis,1703,Gurupi,17,Tocantins,TO,1,Norte,N,,,208.791,-12.846283002548164,-46.503748657954205
3541109,Presidente Alves,350009,Bauru,3503,Bauru,35,São Paulo,SP,3,Sudeste,SE,,,286.642,-22.12217038486519,-49.43176060810366
3125101,Extrema,310050,Pouso Alegre,3109,Pouso Alegre,31,Minas Gerais,MG,3,Sudeste,SE,,,244.575,-22.825232457926262,-46.289655559428404
3533304,Nova Luzitânia,350022,Araçatuba,3506,Araçatuba,35,São Paulo,SP,3,Sudeste,SE,,,73.69,-20.868606840800897,-50.249371859930285
2107308,Nova Iorque,210017,São João dos Patos,2104,Presidente Dutra,21,Maranhão,MA,2,Nordeste,NE,,,978.342,-6.749951953022652,-44.04004837794557
4208302,Itapema,420020,Itajaí,4207,Blumenau,42,Santa Catarina,SC,4,Sul,S,,,58.21,-27.108583389594163,-48.63442701181899
4118105,Paranacity,410019,Paranacity - Colorado,4104,Maringá,41,Paraná,PR,4,Sul,S,,,348.152,-22.84714981121707,-52.14461798894373
2912806,Ibirapuã,290008,Teixeira de Freitas,2903,Ilhéus - Itabuna,29,Bahia,BA,2,Nordeste,NE,,,770.866,-17.743034317119655,-40.01273473422216
5004502,Itaporã,500005,Dourados,5002,Dourados,50,Mato Grosso do Sul,MS,5,Centro-oeste,CO,,,1342.389,-22.005327438147457,-54.87347891102961
4126405,Sertaneja,410024,Cornélio Procópio - Bandeirantes,4105,Londrina,41,Paraná,PR,4,Sul,S,,,444.492,-22.93419503878005,-50.87500191833044
1505551,Pau D'Arco,150012,Redenção,1504,Redenção,15,Pará,PA,1,Norte,N,,,1671.418,-7.736975191338394,-50.12362229654794
2408607,Paraná,240010,Pau dos Ferros,2403,Mossoró,24,Rio Grande do Norte,RN,2,Nordeste,NE,,,81.39,-6.451044017734329,-38.284203707168224
2311702,Reriutaba,230015,Sobral,2306,Sobral,23,Ceará,CE,2,Nordeste,NE,,,372.949,-4.120857444776865,-40.61327648060336
2515401,São Vicente do Seridó,250005,Campina Grande,2502,Campina Grande,25,Paraíba,PB,2,Nordeste,NE,,,262.751,-6.9090004140609365,-36.450337864156964
4305702,Condor,430018,Ijuí,4305,Ijuí,43,Rio Grande do Sul,RS,4,Sul,S,,,463.568,-28.165502815017543,-53.49390796042053
3116902,Comendador Gomes,310057,Frutal,3110,Uberaba,31,Minas Gerais,MG,3,Sudeste,SE,,,1041.047,-19.67218342198895,-49.07093063188149
3100302,Abre Campo,310028,Manhuaçu,3106,Juíz de Fora,31,Minas Gerais,MG,3,Sudeste,SE,,,470.551,-20.27317184931588,-42.4426343146233
3304128,Quatis,330005,Resende,3302,Volta Redonda - Barra Mansa,33,Rio de Janeiro,RJ,3,Sudeste,SE,3304201,Resende/RJ,284.826,-22.355151509628953,-44.237102904275645
4200101,Abelardo Luz,420011,Xanxerê,4204,Chapecó,42,Santa Catarina,SC,4,Sul,S,,,953.991,-26.562426867253407,-52.255719111810855
3525102,Jardinópolis,350031,Ribeirão Preto,3508,Ribeirão Preto,35,São Paulo,SP,3,Sudeste,SE,3543402,Ribeirão Preto/SP,501.87,-20.992054498493328,-47.82603057494245
1301159,Careiro da Várzea,130001,Manaus,1301,Manaus,13,Amazonas,AM,1,Norte,N,,,2655.729,-3.2874893865089714,-59.602603165386824
2904605,Brumado,290013,Brumado,2904,Vitória da Conquista,29,Bahia,BA,2,Nordeste,NE,,,2207.613,-14.167942901143906,-41.68907653934012
4321907,Três Passos,430021,Três Passos,4305,Ijuí,43,Rio Grande do Sul,RS,4,Sul,S,,,268.902,-27.441015945744574,-53.92927733107625
4109906,Icaraíma,410016,Umuarama,4104,Maringá,41,Paraná,PR,4,Sul,S,,,675.24,-23.37360919278745,-53.58561866276323
1505403,Ourém,150008,Capitão Poço,1502,Castanhal,15,Pará,PA,1,Norte,N,,,561.71,-1.4959193860171638,-47.13919608637891
4118204,Paranaguá,410002,Paranaguá,4101,Curitiba,41,Paraná,PR,4,Sul,S,4118204,Paranaguá,821.427,-25.527080000506906,-48.51778392391951
5004601,Itaquiraí,500006,Naviraí - Mundo Novo,5002,Dourados,50,Mato Grosso do Sul,MS,5,Centro-oeste,CO,,,2063.717,-23.341568379537797,-54.11916676654707
2303501,Cascavel,230001,Fortaleza,2301,Fortaleza,23,Ceará,CE,2,Nordeste,NE,,,838.115,-4.239086691884432,-38.29708705864764
1713809,Palmeiras do Tocantins,170008,Tocantinópolis,1702,Araguaína,17,Tocantins,TO,1,Norte,N,,,743.407,-6.600231023504053,-47.642691336108825
3516903,General Salgado,350022,Araçatuba,3506,Araçatuba,35,São Paulo,SP,3,Sudeste,SE,,,493.88,-20.638316136823164,-50.415676698393995
5201306,Anicuns,520003,Inhumas - Itaberaí - Anicuns,5201,Goiânia,52,Goiás,GO,5,Centro-oeste,CO,,,976.038,-16.397063199735037,-49.96785753634967
3304110,Porto Real,330005,Resende,3302,Volta Redonda - Barra Mansa,33,Rio de Janeiro,RJ,3,Sudeste,SE,3304201,Resende/RJ,50.892,-22.441116641069957,-44.326041185921
2515500,Serra Branca,250008,Sumé,2502,Campina Grande,25,Paraíba,PB,2,Nordeste,NE,,,698.105,-7.53529659259229,-36.70789194932049
2400406,Água Nova,240010,Pau dos Ferros,2403,Mossoró,24,Rio Grande do Norte,RN,2,Nordeste,NE,,,50.684,-6.208624616251704,-38.308643806166515
3500303,Aguaí,350044,São João da Boa Vista,3510,Campinas,35,São Paulo,SP,3,Sudeste,SE,,,474.554,-22.04995630167056,-47.04031989340029
2707206,Poço das Trincheiras,270010,Santana do Ipanema,2702,Arapiraca,27,Alagoas,AL,2,Nordeste,NE,,,284.526,-9.2987611403116,-37.32001159735936
2204709,Inhuma,220004,Valença do Piauí,2201,Teresina,22,Piauí,PI,2,Nordeste,NE,,,978.222,-6.6727383732275936,-41.68601883997288
3304102,Porciúncula,330011,Itaperuna,3304,Campos dos Goytacazes,33,Rio de Janeiro,RJ,3,Sudeste,SE,,,291.847,-20.906564274818354,-41.96958325180652
4126355,Serranópolis do Iguaçu,410007,Foz do Iguaçu,4103,Cascavel,41,Paraná,PR,4,Sul,S,,,482.987,-25.476813742321607,-54.02760178662079
2408953,Rio do Fogo,240001,Natal,2401,Natal,24,Rio Grande do Norte,RN,2,Nordeste,NE,,,151.097,-5.377270813001694,-35.39997792068657
4101705,Araruna,410015,Campo Mourão,4104,Maringá,41,Paraná,PR,4,Sul,S,,,492.521,-23.955606335668982,-52.57580466702553
4110003,Iguaraçu,410014,Maringá,4104,Maringá,41,Paraná,PR,4,Sul,S,4115200,Maringá/PR,164.54,-23.226714072079638,-51.847180351609566
4216800,São José do Cerrito,420005,Lages,4203,Lages,42,Santa Catarina,SC,4,Sul,S,,,948.714,-27.598271648018475,-50.65026290267178
2927903,Santa Inês,290012,Jequié,2904,Vitória da Conquista,29,Bahia,BA,2,Nordeste,NE,,,374.526,-13.284157096396514,-39.850290946231624
5102504,Cáceres,510004,Cáceres,5102,Cáceres,51,Mato Grosso,MT,5,Centro-oeste,CO,,,24499.922,-16.53753883897067,-57.83353835694892
4313706,Palmeira das Missões,430034,Palmeira das Missões,4306,Passo Fundo,43,Rio Grande do Sul,RS,4,Sul,S,,,1421.101,-27.94000639899733,-53.382291649967044
2507309,Jacaraú,250003,Mamanguape - Rio Tinto,2501,João Pessoa,25,Paraíba,PB,2,Nordeste,NE,,,256.845,-6.5957550541112555,-35.26828057114927
1705607,Conceição do Tocantins,170011,Dianópolis,1703,Gurupi,17,Tocantins,TO,1,Norte,N,,,2530.647,-12.171034219771052,-47.30367348555532
1301506,Envira,130007,Eirunepé,1302,Tefé,13,Amazonas,AM,1,Norte,N,,,7419.658,-7.575627657350291,-70.05875943994535
2912608,Ibiquera,290031,Itaberaba,2910,Feira de Santana,29,Bahia,BA,2,Nordeste,NE,,,698.245,-12.603191312563338,-40.88478218788323
4208609,Jaborá,420008,Joaçaba - Herval d'Oeste,4204,Chapecó,42,Santa Catarina,SC,4,Sul,S,,,182.483,-27.141510231047835,-51.77266695191442
3508702,Caconde,350047,São José do Rio Pardo - Mococa,3510,Campinas,35,São Paulo,SP,3,Sudeste,SE,,,468.998,-21.539354274246087,-46.61712735336162
3140852,Matias Cardoso,310007,Janaúba,3102,Montes Claros,31,Minas Gerais,MG,3,Sudeste,SE,,,1940.597,-14.902826142548768,-43.760958194408204
5208806,Goianira,520001,Goiânia,5201,Goiânia,52,Goiás,GO,5,Centro-oeste,CO,5208707,Goiânia/GO,213.772,-16.500280038929642,-49.4285971656205
2311504,Quixeré,230007,Russas - Limoeiro do Norte,2302,Quixadá,23,Ceará,CE,2,Nordeste,NE,,,609.438,-5.087206546519463,-37.86390715118855
4101804,Araucária,410001,Curitiba,4101,Curitiba,41,Paraná,PR,4,Sul,S,4106902,Curitiba/PR,469.549,-25.608377362612217,-49.44129889370006
4305504,Ciríaco,430030,Marau,4306,Passo Fundo,43,Rio Grande do Sul,RS,4,Sul,S,,,274.35,-28.346205099226196,-51.91764257419922
2204550,Guaribas,220013,São Raimundo Nonato,2204,São Raimundo Nonato,22,Piauí,PI,2,Nordeste,NE,,,3118.231,-9.063334295903582,-43.67089752951868
2605152,Dormentes,260015,Petrolina,2604,Petrolina,26,Pernambuco,PE,2,Nordeste,NE,,,1543.723,-8.496296524678357,-40.61917818550121
2106607,Matões,210014,Timon,2103,Caxias,21,Maranhão,MA,2,Nordeste,NE,,,2108.672,-5.388663734351793,-43.307247330590066
2919702,Macarani,290015,Itapetinga,2904,Vitória da Conquista,29,Bahia,BA,2,Nordeste,NE,,,1210.106,-15.54581788450823,-40.40096824049241
2806305,Santa Luzia do Itanhy,280002,Estância,2801,Aracaju,28,Sergipe,SE,2,Nordeste,NE,,,325.259,-11.361633473189306,-37.50664029999094
2904407,Brejolândia,290018,Barreiras,2906,Barreiras,29,Bahia,BA,2,Nordeste,NE,,,2247.207,-12.499373878824128,-43.824763593566885
4126702,Tamboara,410017,Paranavaí,4104,Maringá,41,Paraná,PR,4,Sul,S,,,193.316,-23.198387075074166,-52.48403702747581
4200408,Água Doce,420008,Joaçaba - Herval d'Oeste,4204,Chapecó,42,Santa Catarina,SC,4,Sul,S,,,1327.921,-26.765649257072095,-51.611835772080774
2912707,Ibirapitanga,290007,Ilhéus - Itabuna,2903,Ilhéus - Itabuna,29,Bahia,BA,2,Nordeste,NE,,,472.664,-14.060715729971797,-39.43569277962303
3108909,Brazópolis,310052,Itajubá,3109,Pouso Alegre,31,Minas Gerais,MG,3,Sudeste,SE,,,367.688,-22.491169631395255,-45.62792745005097
4208708,Jacinto Machado,420004,Araranguá,4202,Criciúma,42,Santa Catarina,SC,4,Sul,S,,,430.704,-28.994831989186522,-49.84814822250939
5004403,Inocência,500003,Paranaíba - Chapadão do Sul - Cassilândia,5001,Campo Grande,50,Mato Grosso do Sul,MS,5,Centro-oeste,CO,,,5761.186,-19.65760050512806,-52.02182495048649
2408904,Parelhas,240007,Caicó,2402,Caicó,24,Rio Grande do Norte,RN,2,Nordeste,NE,,,513.507,-6.713842553813968,-36.61948005786906
3508801,Cafelândia,350012,Lins,3503,Bauru,35,São Paulo,SP,3,Sudeste,SE,,,920.28,-21.731145815055758,-49.54868442110184
5200605,Alto Paraíso de Goiás,520022,Flores de Goiás,5206,Luziânia - Águas Lindas de Goiás,52,Goiás,GO,5,Centro-oeste,CO,,,2594.998,-14.183031950694359,-47.535133153265406
2303303,Cariús,230009,Iguatu,2303,Iguatu,23,Ceará,CE,2,Nordeste,NE,,,1036.417,-6.642002656305015,-39.46411006326787
3541505,Presidente Venceslau,350021,Presidente Epitácio-Presidente Venceslau,3505,Presidente Prudente,35,São Paulo,SP,3,Sudeste,SE,,,755.203,-21.793013343075874,-51.83833803665367
2311603,Redenção,230003,Redenção-Acarape,2301,Fortaleza,23,Ceará,CE,2,Nordeste,NE,,,247.989,-4.2455952381954285,-38.76236207264991
2919553,Luís Eduardo Magalhães,290018,Barreiras,2906,Barreiras,29,Bahia,BA,2,Nordeste,NE,,,4033.04,-12.19816276608723,-46.020244059599094
4321956,Trindade do Sul,430035,Nonoai,4306,Passo Fundo,43,Rio Grande do Sul,RS,4,Sul,S,,,268.417,-27.527740222831685,-52.899024766011685
4305603,Colorado,430028,Carazinho,4306,Passo Fundo,43,Rio Grande do Sul,RS,4,Sul,S,,,286.295,-28.472443911898637,-52.991353096365216
2515302,Sapé,250001,João Pessoa,2501,João Pessoa,25,Paraíba,PB,2,Nordeste,NE,,,313.678,-7.0553934971838395,-35.197128475622875
3500105,Adamantina,350019,Adamantina - Lucélia,3505,Presidente Prudente,35,São Paulo,SP,3,Sudeste,SE,,,411.987,-21.576682210920218,-51.05680235875534
5101803,Barra do Garças,510013,Barra do Garças,5104,Barra do Garças,51,Mato Grosso,MT,5,Centro-oeste,CO,,,8362.912,-15.363068300795689,-52.442743039819725
4118501,Pato Branco,410010,Pato Branco,4103,Cascavel,41,Paraná,PR,4,Sul,S,,,539.154,-26.169020063380948,-52.663236695897815
4126678,Tamarana,410021,Londrina,4105,Londrina,41,Paraná,PR,4,Sul,S,,,473.283,-23.822189092886905,-51.052055290970124
3100708,Água Comprida,310055,Uberaba,3110,Uberaba,31,Minas Gerais,MG,3,Sudeste,SE,,,492.167,-20.00544892431934,-48.08420561425454
4200507,Águas de Chapecó,420007,Chapecó,4204,Chapecó,42,Santa Catarina,SC,4,Sul,S,,,139.511,-27.054386034042004,-52.95673528573956
3304409,Rio Claro,330004,Volta Redonda - Barra Mansa,3302,Volta Redonda - Barra Mansa,33,Rio de Janeiro,RJ,3,Sudeste,SE,,,846.797,-22.780481663271264,-44.078377880614426
4305587,Colinas,430041,Lajeado,4308,Santa Cruz do Sul - Lajeado,43,Rio Grande do Sul,RS,4,Sul,S,,,60.732,-29.39176372448702,-51.86557683998775
1505437,Ourilândia do Norte,150013,Tucumã - São Félix do Xingu,1504,Redenção,15,Pará,PA,1,Norte,N,,,14410.567,-7.520545374836491,-51.43093609354272
3166105,Senhora do Porto,310021,Guanhães,3104,Governador Valadares,31,Minas Gerais,MG,3,Sudeste,SE,,,381.328,-18.913206262057194,-43.08052706471015
2904506,Brotas de Macaúbas,290021,Xique-Xique - Barra,2907,Irecê,29,Bahia,BA,2,Nordeste,NE,,,2520.811,-12.089277548878165,-42.4470362145457
2204501,Guadalupe,220017,Floriano,2206,Floriano,22,Piauí,PI,2,Nordeste,NE,,,1026.538,-6.842379700594101,-43.70468738077441
2927705,Santa Cruz Cabrália,290009,Eunápolis - Porto Seguro,2903,Ilhéus - Itabuna,29,Bahia,BA,2,Nordeste,NE,,,1462.958,-16.229178505756725,-39.20095756273987
2613404,São José da Coroa Grande,260007,Barreiros - Sirinhaém,2601,Recife,26,Pernambuco,PE,2,Nordeste,NE,,,69.184,-8.865498566965076,-35.185189249054346
5216908,Pilar de Goiás,520018,Ceres - Rialma - Goianésia,5205,Porangatu - Uruaçu,52,Goiás,GO,5,Centro-oeste,CO,,,906.047,-14.58692355553504,-49.521713351069515
2303402,Carnaubal,230016,São Benedito - Ipu - Guaraciaba do Norte - Tianguá,2306,Sobral,23,Ceará,CE,2,Nordeste,NE,,,363.212,-4.130119236833748,-41.01020757669581
2507101,Itapororoca,250003,Mamanguape - Rio Tinto,2501,João Pessoa,25,Paraíba,PB,2,Nordeste,NE,,,145.807,-6.810156160908705,-35.25711160919903
3516804,Gastão Vidigal,350022,Araçatuba,3506,Araçatuba,35,São Paulo,SP,3,Sudeste,SE,,,180.569,-20.804286575127357,-50.20278289377923
4110300,Inajá,410019,Paranacity - Colorado,4104,Maringá,41,Paraná,PR,4,Sul,S,,,194.704,-22.718646032766003,-52.225356211712146
3500204,Adolfo,350025,São José do Rio Preto,3507,São José do Rio Preto,35,São Paulo,SP,3,Sudeste,SE,,,211.055,-21.288685099671472,-49.65328344558072
4322301,Tuparendi,430019,Santa Rosa,4305,Ijuí,43,Rio Grande do Sul,RS,4,Sul,S,,,307.71,-27.70651127201521,-54.5546081381746
3157906,Santa Margarida,310028,Manhuaçu,3106,Juíz de Fora,31,Minas Gerais,MG,3,Sudeste,SE,,,255.73,-20.428137719519793,-42.266161760025675
2106672,Milagres do Maranhão,210003,Chapadinha,2101,São Luís,21,Maranhão,MA,2,Nordeste,NE,,,634.818,-3.4965422345498545,-42.79490121295425
3304508,Rio das Flores,330006,Valença,3302,Volta Redonda - Barra Mansa,33,Rio de Janeiro,RJ,3,Sudeste,SE,,,478.783,-22.159894860501208,-43.538659692186414
1714203,Natividade,170002,Porto Nacional,1701,Palmas,17,Tocantins,TO,1,Norte,N,,,3241.672,-11.798313508351889,-47.648826125105415
4216701,São José do Cedro,420009,São Miguel do Oeste,4204,Chapecó,42,Santa Catarina,SC,4,Sul,S,,,280.76,-26.48085139623305,-53.53373637122851
2919504,Livramento de Nossa Senhora,290013,Brumado,2904,Vitória da Conquista,29,Bahia,BA,2,Nordeste,NE,,,1952.51,-13.810655579045841,-41.99092725233333
2204600,Hugo Napoleão,220002,Amarante - Água Branca - Regeneração,2201,Teresina,22,Piauí,PI,2,Nordeste,NE,,,224.573,-6.035674105510233,-42.49809392698282
2806107,Rosário do Catete,280001,Aracaju,2801,Aracaju,28,Sergipe,SE,2,Nordeste,NE,2800308,Aracaju/SE,102.683,-10.682467735684414,-37.03545164951953
2927804,Santa Cruz da Vitória,290007,Ilhéus - Itabuna,2903,Ilhéus - Itabuna,29,Bahia,BA,2,Nordeste,NE,,,284.083,-14.891687535210513,-39.814772912335165
2400802,Angicos,240011,Assú,2403,Mossoró,24,Rio Grande do Norte,RN,2,Nordeste,NE,,,741.582,-5.646298364454901,-36.557233776476224
3140902,Matipó,310028,Manhuaçu,3106,Juíz de Fora,31,Minas Gerais,MG,3,Sudeste,SE,,,266.99,-20.308476446112216,-42.31568780034035
4102109,Astorga,410014,Maringá,4104,Maringá,41,Paraná,PR,4,Sul,S,,,435.21,-23.25003047351516,-51.699799846384025
2912004,Ibiassucê,290016,Guanambi,2905,Guanambi,29,Bahia,BA,2,Nordeste,NE,,,483.27,-14.2915305367922,-42.30537917986185
3157252,Santa Bárbara do Leste,310025,Caratinga,3105,Ipatinga,31,Minas Gerais,MG,3,Sudeste,SE,,,107.402,-19.945138661033393,-42.1066042536544
2605202,Escada,260018,Escada - Ribeirão,2601,Recife,26,Pernambuco,PE,2,Nordeste,NE,,,342.156,-8.369788949860618,-35.264463510571204
3508603,Cachoeira Paulista,350053,Cruzeiro,3511,São José dos Campos,35,São Paulo,SP,3,Sudeste,SE,,,288.747,-22.702498625130147,-44.99145860431839
2507200,Itatuba,250005,Campina Grande,2502,Campina Grande,25,Paraíba,PB,2,Nordeste,NE,,,251.75,-7.4050645606276175,-35.64713996953029
5208707,Goiânia,520001,Goiânia,5201,Goiânia,52,Goiás,GO,5,Centro-oeste,CO,5208707,Goiânia/GO,729.296,-16.643550893328378,-49.27378450335049
2310902,Piquet Carneiro,230009,Iguatu,2303,Iguatu,23,Ceará,CE,2,Nordeste,NE,,,589.601,-5.862962297808476,-39.451681456693244
4314100,Passo Fundo,430025,Passo Fundo,4306,Passo Fundo,43,Rio Grande do Sul,RS,4,Sul,S,4314100,Passo Fundo,784.406,-28.26888970131091,-52.45249573219452
3533254,Novais,350026,Catanduva,3507,São José do Rio Preto,35,São Paulo,SP,3,Sudeste,SE,3511102,Catanduva/SP,117.772,-20.98856158442899,-48.917985915805765
3149705,Perdigão,310065,Divinópolis,3113,Divinópolis,31,Minas Gerais,MG,3,Sudeste,SE,,,249.322,-19.94023972630808,-45.05790205594597
3108701,Brás Pires,310029,Ubá,3106,Juíz de Fora,31,Minas Gerais,MG,3,Sudeste,SE,,,223.351,-20.87512416622128,-43.227450513745424
4208500,Ituporanga,420024,Ituporanga,4207,Blumenau,42,Santa Catarina,SC,4,Sul,S,,,336.588,-27.45344960011045,-49.53886991743487
2919603,Macajuba,290029,Feira de Santana,2910,Feira de Santana,29,Bahia,BA,2,Nordeste,NE,,,701.17,-12.129295583699257,-40.26225637704756
3132701,Itambacuri,310013,Teófilo Otoni,3103,Teófilo Otoni,31,Minas Gerais,MG,3,Sudeste,SE,,,1419.209,-18.159125137499124,-41.84620685958513
1706001,Couto Magalhães,170006,Guaraí,1702,Araguaína,17,Tocantins,TO,1,Norte,N,,,1584.196,-8.436744555139413,-49.16244725000937
3165404,Sapucaí-Mirim,310052,Itajubá,3109,Pouso Alegre,31,Minas Gerais,MG,3,Sudeste,SE,,,285.073,-22.7862987032235,-45.84855701178597
3500550,Águas de Santa Bárbara,350007,Avaré,3502,Sorocaba,35,São Paulo,SP,3,Sudeste,SE,,,404.463,-22.857954852604106,-49.26103703214157
2903805,Boa Vista do Tupim,290031,Itaberaba,2910,Feira de Santana,29,Bahia,BA,2,Nordeste,NE,,,2972.112,-12.770167672405274,-40.67022724474886
4102208,Atalaia,410014,Maringá,4104,Maringá,41,Paraná,PR,4,Sul,S,,,137.075,-23.1285491950145,-52.064634197397964
2106631,Matões do Norte,210004,Itapecuru Mirim,2101,São Luís,21,Maranhão,MA,2,Nordeste,NE,,,794.454,-3.7566486698148784,-44.47768891974087
2806206,Salgado,280005,Lagarto,2802,Itabaiana,28,Sergipe,SE,2,Nordeste,NE,,,247.579,-11.062673405531894,-37.4805636206608
4322251,Tupandi,430002,Novo Hamburgo - São Leopoldo,4301,Porto Alegre,43,Rio Grande do Sul,RS,4,Sul,S,,,59.406,-29.474055007512877,-51.42685369418403
4200309,Agronômica,420022,Rio do Sul,4207,Blumenau,42,Santa Catarina,SC,4,Sul,S,,,129.774,-27.327559427852083,-49.72074685823231
2302701,Campos Sales,230011,Juazeiro do Norte,2304,Juazeiro do Norte,23,Ceará,CE,2,Nordeste,NE,,,1082.581,-6.936725460734031,-40.27133205925887
4314076,Passo do Sobrado,430040,Santa Cruz do Sul,4308,Santa Cruz do Sul - Lajeado,43,Rio Grande do Sul,RS,4,Sul,S,,,265.133,-29.759303332405178,-52.24514507915035
4305900,Coronel Bicaco,430018,Ijuí,4305,Ijuí,43,Rio Grande do Sul,RS,4,Sul,S,,,492.303,-27.7977034285159,-53.64635100797684
5101852,Bom Jesus do Araguaia,510014,Confresa - Vila Rica,5104,Barra do Garças,51,Mato Grosso,MT,5,Centro-oeste,CO,,,4266.636,-12.217808976596935,-51.73947799515041
2408805,Parazinho,240005,João Câmara,2401,Natal,24,Rio Grande do Norte,RN,2,Nordeste,NE,,,231.007,-5.285830139598909,-35.93619333871533
3100500,Açucena,310024,Ipatinga,3105,Ipatinga,31,Minas Gerais,MG,3,Sudeste,SE,,,815.422,-19.052635029113294,-42.45074354659962
5200506,Aloândia,520007,Itumbiara,5202,Itumbiara,52,Goiás,GO,5,Centro-oeste,CO,,,102.094,-17.693821340988467,-49.465453165452914
3108800,Braúnas,310024,Ipatinga,3105,Ipatinga,31,Minas Gerais,MG,3,Sudeste,SE,,,378.318,-19.02572550194453,-42.7164295997226
4314068,Passa Sete,430042,Sobradinho,4308,Santa Cruz do Sul - Lajeado,43,Rio Grande do Sul,RS,4,Sul,S,,,304.299,-29.438864628639244,-52.86955592917517
3124500,Estiva,310050,Pouso Alegre,3109,Pouso Alegre,31,Minas Gerais,MG,3,Sudeste,SE,,,243.872,-22.45827726362628,-46.01397647556506
3549706,São José do Rio Pardo,350047,São José do Rio Pardo - Mococa,3510,Campinas,35,São Paulo,SP,3,Sudeste,SE,,,419.729,-21.60367601215771,-46.879516526581355
2203909,Floriano,220017,Floriano,2206,Floriano,22,Piauí,PI,2,Nordeste,NE,,,3407.978,-7.005806357487661,-43.07938241004605
3157203,Santa Bárbara,310003,Santa Bárbara - Ouro Preto,3101,Belo Horizonte,31,Minas Gerais,MG,3,Sudeste,SE,,,684.505,-20.028901771302888,-43.47513477873377
3165503,Sardoá,310020,Governador Valadares,3104,Governador Valadares,31,Minas Gerais,MG,3,Sudeste,SE,,,141.904,-18.77548051015878,-42.40704802819153
5101837,Boa Esperança do Norte,510008,Sorriso,5103,Sinop,51,Mato Grosso,MT,5,Centro-oeste,CO,,,4704.488,-13.463197937310369,-54.941742971006505
4118402,Paranavaí,410017,Paranavaí,4104,Maringá,41,Paraná,PR,4,Sul,S,,,1197.394,-22.92159833398864,-52.51089734006151
3533205,Nova Independência,350024,Andradina,3506,Araçatuba,35,São Paulo,SP,3,Sudeste,SE,,,265.028,-21.13529920702371,-51.505213332884786
3100609,Água Boa,310014,Capelinha,3103,Teófilo Otoni,31,Minas Gerais,MG,3,Sudeste,SE,,,1320.344,-18.02726478729132,-42.27593246344835
3116308,Cipotânea,310037,Barbacena,3107,Barbacena,31,Minas Gerais,MG,3,Sudeste,SE,,,153.479,-20.92398834368567,-43.35816488247491
3516853,Gavião Peixoto,350036,Araraquara,3509,Araraquara,35,São Paulo,SP,3,Sudeste,SE,3503208,Araraquara/SP,243.766,-21.791603676788693,-48.447930386430585
3140704,Mateus Leme,310001,Belo Horizonte,3101,Belo Horizonte,31,Minas Gerais,MG,3,Sudeste,SE,,,302.312,-20.027884471829854,-44.43774873572637
2400604,Almino Afonso,240010,Pau dos Ferros,2403,Mossoró,24,Rio Grande do Norte,RN,2,Nordeste,NE,,,128.038,-6.154489856556168,-37.762973129254675
4314175,Pedras Altas,430010,Bagé,4302,Pelotas,43,Rio Grande do Sul,RS,4,Sul,S,,,1373.985,-31.838973756656312,-53.69127847177061
4305871,Coronel Barros,430018,Ijuí,4305,Ijuí,43,Rio Grande do Sul,RS,4,Sul,S,,,163.716,-28.403879080450253,-54.060336865547626
4322350,União da Serra,430038,Nova Prata - Guaporé,4307,Caxias do Sul,43,Rio Grande do Sul,RS,4,Sul,S,,,131.154,-28.772499076232975,-52.02152921634703
4322343,Ubiretama,430024,Cerro Largo,4305,Ijuí,43,Rio Grande do Sul,RS,4,Sul,S,,,125.95,-28.038096074800013,-54.64652640363256
3304300,Rio Bonito,330003,Rio Bonito,3301,Rio de Janeiro,33,Rio de Janeiro,RJ,3,Sudeste,SE,,,459.458,-22.73501518316152,-42.588067027757376
3500501,Águas de Lindóia,350048,Amparo,3510,Campinas,35,São Paulo,SP,3,Sudeste,SE,,,59.872,-22.474720401812583,-46.6035454287658
2928109,Santa Maria da Vitória,290019,Santa Maria da Vitoria,2906,Barreiras,29,Bahia,BA,2,Nordeste,NE,,,1984.91,-13.21835034662249,-44.37997896329405
4314159,Paverama,430041,Lajeado,4308,Santa Cruz do Sul - Lajeado,43,Rio Grande do Sul,RS,4,Sul,S,,,171.863,-29.569266148965106,-51.72835013774786
3149002,Pedra Dourada,310034,Carangola,3106,Juíz de Fora,31,Minas Gerais,MG,3,Sudeste,SE,,,69.99,-20.82769383301893,-42.15490574501398
3116159,Chapada Gaúcha,310011,São Francisco,3102,Montes Claros,31,Minas Gerais,MG,3,Sudeste,SE,,,3255.189,-15.469379678143458,-45.45857051924475
4110201,Inácio Martins,410004,Guarapuava,4102,Guarapuava,41,Paraná,PR,4,Sul,S,,,938.126,-25.634014039597037,-51.19745386043905
3525003,Jandira,350001,São Paulo,3501,São Paulo,35,São Paulo,SP,3,Sudeste,SE,3550308,São Paulo/SP,17.122,-23.54459750953437,-46.89946029224384
3157302,Santa Bárbara do Tugúrio,310037,Barbacena,3107,Barbacena,31,Minas Gerais,MG,3,Sudeste,SE,,,194.564,-21.24507751840021,-43.53150338338355
2310951,Pires Ferreira,230016,São Benedito - Ipu - Guaraciaba do Norte - Tianguá,2306,Sobral,23,Ceará,CE,2,Nordeste,NE,,,244.464,-4.259147159643532,-40.58425156892535
4322327,Turuçu,430009,Pelotas,4302,Pelotas,43,Rio Grande do Sul,RS,4,Sul,S,,,253.635,-31.47510020628554,-52.15607688452422
3132503,Itamarandiba,310014,Capelinha,3103,Teófilo Otoni,31,Minas Gerais,MG,3,Sudeste,SE,,,2735.665,-17.856469614084727,-42.877042994061824
4305975,Coxilha,430025,Passo Fundo,4306,Passo Fundo,43,Rio Grande do Sul,RS,4,Sul,S,,,422.101,-28.12173012341154,-52.33261442957273
2514651,São José do Brejo do Cruz,250011,Catolé do Rocha - São Bento,2503,Patos,25,Paraíba,PB,2,Nordeste,NE,,,253.787,-6.235422128859438,-37.358148232611136
2919926,Madre de Deus,290001,Salvador,2901,Salvador,29,Bahia,BA,2,Nordeste,NE,2927408,Salvador/BA,33.032,-12.741467304831506,-38.64225823659371
2613800,São Vicente Férrer,260002,Goiana - Timbaúba,2601,Recife,26,Pernambuco,PE,2,Nordeste,NE,,,112.472,-7.605379945250644,-35.48985852146299
2805505,Poço Verde,280005,Lagarto,2802,Itabaiana,28,Sergipe,SE,2,Nordeste,NE,,,441.326,-10.800710590875218,-38.127082379319496
3140803,Matias Barbosa,310027,Juiz de Fora,3106,Juíz de Fora,31,Minas Gerais,MG,3,Sudeste,SE,3136702,Juiz de Fora/MG,157.066,-21.87102862792742,-43.30800298670026
2400703,Alto do Rodrigues,240011,Assú,2403,Mossoró,24,Rio Grande do Norte,RN,2,Nordeste,NE,,,191.334,-5.362329369494999,-36.72362048007404
2203859,Floresta do Piauí,220011,Oeiras,2203,Picos,22,Piauí,PI,2,Nordeste,NE,,,221.519,-7.474032039338142,-41.80418485345222
5217302,Pirenópolis,520002,Anápolis,5201,Goiânia,52,Goiás,GO,5,Centro-oeste,CO,,,2200.369,-15.81010090861233,-49.011088674158074
3500600,Águas de São Pedro,350040,Piracicaba,3510,Campinas,35,São Paulo,SP,3,Sudeste,SE,,,3.38,-22.59981172256893,-47.87697918718049
2707107,Piranhas,270009,Delmiro Gouveia,2702,Arapiraca,27,Alagoas,AL,2,Nordeste,NE,,,403.994,-9.52610473951491,-37.72506213760501
4305959,Cotiporã,430037,Bento Gonçalves,4307,Caxias do Sul,43,Rio Grande do Sul,RS,4,Sul,S,,,173.262,-28.995463573138913,-51.68923156839203
1505809,Portel,150020,Breves,1507,Breves,15,Pará,PA,1,Norte,N,,,25386.158,-2.565394391089419,-50.955629300131875
2605608,Flores,260013,Serra Talhada,2603,Serra Talhada,26,Pernambuco,PE,2,Nordeste,NE,,,995.561,-7.939923179216531,-37.894764091128394
4102000,Assis Chateaubriand,410008,Toledo,4103,Cascavel,41,Paraná,PR,4,Sul,S,,,980.816,-24.426005108699123,-53.58459527065181
3157278,Santa Bárbara do Monte Verde,310027,Juiz de Fora,3106,Juíz de Fora,31,Minas Gerais,MG,3,Sudeste,SE,,,417.925,-21.963941468759714,-43.69446874773658
3149101,Pedralva,310052,Itajubá,3109,Pouso Alegre,31,Minas Gerais,MG,3,Sudeste,SE,,,217.99,-22.249612414277006,-45.45389296090372
4126652,Sulina,410010,Pato Branco,4103,Cascavel,41,Paraná,PR,4,Sul,S,,,170.759,-25.693354037922774,-52.718549698691355
2919900,Macururé,290024,Paulo Afonso,2909,Paulo Afonso,29,Bahia,BA,2,Nordeste,NE,,,2545.857,-9.291077663090258,-38.896728587765956
4314134,Paulo Bento,430026,Erechim,4306,Passo Fundo,43,Rio Grande do Sul,RS,4,Sul,S,,,149.669,-27.709617942132148,-52.39469386149531
5200555,Alto Horizonte,520017,Uruaçu - Niquelândia,5205,Porangatu - Uruaçu,52,Goiás,GO,5,Centro-oeste,CO,,,500.342,-14.171078989580893,-49.42888296943296
3124302,Espinosa,310012,Espinosa,3102,Montes Claros,31,Minas Gerais,MG,3,Sudeste,SE,,,1868.97,-14.859024547007726,-42.96581100500285
3532504,Neves Paulista,350025,São José do Rio Preto,3507,São José do Rio Preto,35,São Paulo,SP,3,Sudeste,SE,3549805,São José do Rio Preto/SP,219.05,-20.870467471217292,-49.64650942862506
3132602,Itamarati de Minas,310032,Cataguases,3106,Juíz de Fora,31,Minas Gerais,MG,3,Sudeste,SE,,,94.568,-21.42404525741568,-42.84785514399745
4216057,São Cristóvão do Sul,420006,Curitibanos,4203,Lages,42,Santa Catarina,SC,4,Sul,S,,,345.902,-27.29520553126728,-50.349496501509115
3165305,São Vicente de Minas,310039,São João del Rei,3107,Barbacena,31,Minas Gerais,MG,3,Sudeste,SE,,,392.651,-21.66705281986853,-44.47432142534482
1301407,Eirunepé,130007,Eirunepé,1302,Tefé,13,Amazonas,AM,1,Norte,N,,,15189.428,-7.017099002660597,-70.21313034452997
4118451,Pato Bragado,410013,Marechal Cândido Rondon,4103,Cascavel,41,Paraná,PR,4,Sul,S,,,136.483,-24.633980668938182,-54.24810318863077
4322152,Tunas,430042,Sobradinho,4308,Santa Cruz do Sul - Lajeado,43,Rio Grande do Sul,RS,4,Sul,S,,,217.302,-29.114087507142866,-52.89279069449496
4305934,Coronel Pilar,430037,Bento Gonçalves,4307,Caxias do Sul,43,Rio Grande do Sul,RS,4,Sul,S,,,105.668,-29.262616638193006,-51.72039868852796
1505650,Placas,150016,Itaituba,1505,Santarém,15,Pará,PA,1,Norte,N,,,7173.2,-3.8898243299572868,-54.50065869950075
3549607,São José do Barreiro,350053,Cruzeiro,3511,São José dos Campos,35,São Paulo,SP,3,Sudeste,SE,,,570.604,-22.74889606712904,-44.58726410962302
3524303,Jaboticabal,350031,Ribeirão Preto,3508,Ribeirão Preto,35,São Paulo,SP,3,Sudeste,SE,,,706.722,-21.218346174447014,-48.28791051778174
3532603,Nhandeara,350027,Votuporanga,3507,São José do Rio Preto,35,São Paulo,SP,3,Sudeste,SE,,,436.159,-20.673099474088954,-50.04681305840579
3124401,Espírito Santo do Dourado,310050,Pouso Alegre,3109,Pouso Alegre,31,Minas Gerais,MG,3,Sudeste,SE,,,263.879,-22.008972665931235,-45.9867739929611
1505635,Piçarra,150009,Marabá,1503,Marabá,15,Pará,PA,1,Norte,N,,,3312.709,-6.541034917368748,-49.01176914419025
2911857,Heliópolis,290027,Cícero Dantas,2909,Paulo Afonso,29,Bahia,BA,2,Nordeste,NE,,,314.669,-10.737815441766287,-38.31224980503401
3157104,Salto da Divisa,310015,Almenara,3103,Teófilo Otoni,31,Minas Gerais,MG,3,Sudeste,SE,,,938.008,-16.11047329830257,-40.029230852980454
4207858,Irati,420007,Chapecó,4204,Chapecó,42,Santa Catarina,SC,4,Sul,S,,,77.912,-26.627592283893676,-52.89009910723487
4126603,Siqueira Campos,410022,Santo Antônio da Platina,4105,Londrina,41,Paraná,PR,4,Sul,S,,,277.112,-23.63914615910601,-49.79282844390837
2106508,Matinha,210005,Viana,2101,São Luís,21,Maranhão,MA,2,Nordeste,NE,,,410.633,-3.071443791942082,-45.00180947132709
5200902,Amorinópolis,520014,Iporá,5204,São Luís de Montes Belos - Iporá,52,Goiás,GO,5,Centro-oeste,CO,,,406.93,-16.625914297654298,-51.10862984070143
4313953,Pantano Grande,430040,Santa Cruz do Sul,4308,Santa Cruz do Sul - Lajeado,43,Rio Grande do Sul,RS,4,Sul,S,,,841.225,-30.257757454457803,-52.37095951273376
3116209,Chiador,310027,Juiz de Fora,3106,Juíz de Fora,31,Minas Gerais,MG,3,Sudeste,SE,3306008,Três Rios - Paraíba do Sul/RJ,252.852,-22.002991738160233,-43.02965710932018
2613602,São José do Egito,260014,Afogados da Ingazeira,2603,Serra Talhada,26,Pernambuco,PE,2,Nordeste,NE,,,774.037,-7.526504580879114,-37.27416897989905
5217104,Piracanjuba,520009,Piracanjuba,5202,Itumbiara,52,Goiás,GO,5,Centro-oeste,CO,,,2374.232,-17.332394518402218,-48.99276487683173
2514701,São José do Sabugi,250009,Patos,2503,Patos,25,Paraíba,PB,2,Nordeste,NE,,,213.555,-6.817189214812298,-36.823448680236844
3141108,Matozinhos,310002,Sete Lagoas,3101,Belo Horizonte,31,Minas Gerais,MG,3,Sudeste,SE,,,252.453,-19.52384710156322,-44.051532089943606
3541406,Presidente Prudente,350018,Presidente Prudente,3505,Presidente Prudente,35,São Paulo,SP,3,Sudeste,SE,3541406,Presidente Prudente/SP,560.637,-21.993150388418574,-51.343125474570755
4216008,São Carlos,420007,Chapecó,4204,Chapecó,42,Santa Catarina,SC,4,Sul,S,,,162.12,-27.03010923659972,-53.031411837691024
3500402,Águas da Prata,350044,São João da Boa Vista,3510,Campinas,35,São Paulo,SP,3,Sudeste,SE,,,142.673,-21.91371033690429,-46.69167760564737
3148905,Pedra do Indaiá,310065,Divinópolis,3113,Divinópolis,31,Minas Gerais,MG,3,Sudeste,SE,,,347.92,-20.286879512708346,-45.22931171144142
5004809,Japorã,500006,Naviraí - Mundo Novo,5002,Dourados,50,Mato Grosso do Sul,MS,5,Centro-oeste,CO,,,416.605,-23.810766110467927,-54.5380689667903
2919959,Maetinga,290011,Vitória da Conquista,2904,Vitória da Conquista,29,Bahia,BA,2,Nordeste,NE,,,614.834,-14.655594348361857,-41.51622063321519
3524402,Jacareí,350049,São José dos Campos,3511,São José dos Campos,35,São Paulo,SP,3,Sudeste,SE,3549904,São José dos Campos/SP,464.252,-23.298879539762687,-45.9904989435525
3557105,Votuporanga,350027,Votuporanga,3507,São José do Rio Preto,35,São Paulo,SP,3,Sudeste,SE,,,420.703,-20.457818044567635,-49.98909712557059
2928000,Santaluz,290032,Conceição do Coité,2910,Feira de Santana,29,Bahia,BA,2,Nordeste,NE,,,1623.445,-11.220235601355572,-39.48523547805192
2605400,Feira Nova,260004,Limoeiro,2601,Recife,26,Pernambuco,PE,2,Nordeste,NE,,,107.726,-7.952893399410843,-35.38324067902719
2310852,Pindoretama,230001,Fortaleza,2301,Fortaleza,23,Ceará,CE,2,Nordeste,NE,,,74.033,-4.054624309051711,-38.305335815571205
5101704,Barra do Bugres,510002,Tangará da Serra,5101,Cuiabá,51,Mato Grosso,MT,5,Centro-oeste,CO,,,5976.863,-15.092558657604254,-57.42586752255515
2506509,Gurjão,250005,Campina Grande,2502,Campina Grande,25,Paraíba,PB,2,Nordeste,NE,,,344.502,-7.2614937739209635,-36.45781305361349
2514552,São José de Princesa,250013,Princesa Isabel,2503,Patos,25,Paraíba,PB,2,Nordeste,NE,,,158.052,-7.702546964809587,-38.09636031856433
2613701,São Lourenço da Mata,260001,Recife,2601,Recife,26,Pernambuco,PE,2,Nordeste,NE,2611606,Recife/PE,263.687,-8.023095638027018,-35.1038740756013
5217203,Piranhas,520014,Iporá,5204,São Luís de Montes Belos - Iporá,52,Goiás,GO,5,Centro-oeste,CO,,,2045.088,-16.414044358140487,-51.842127905938646
2707404,Porto de Pedras,270002,Porto Calvo - São Luís do Quitunde,2701,Maceió,27,Alagoas,AL,2,Nordeste,NE,,,256.526,-9.143652483890067,-35.40688123840986
4314050,Parobé,430004,Taquara - Parobé - Igrejinha,4301,Porto Alegre,43,Rio Grande do Sul,RS,4,Sul,S,4321204,Taquara - Parobé - Igrejinha/RS,108.56,-29.659302414162475,-50.856192651773604
3132909,Itamogi,310047,São Sebastião do Paraíso,3108,Varginha,31,Minas Gerais,MG,3,Sudeste,SE,,,243.714,-21.074231987183133,-47.05013059246927
4216107,São Domingos,420011,Xanxerê,4204,Chapecó,42,Santa Catarina,SC,4,Sul,S,,,367.525,-26.539387282614687,-52.5546024874755
3516200,Franca,350033,Franca,3508,Ribeirão Preto,35,São Paulo,SP,3,Sudeste,SE,3516200,Franca/SP,605.679,-20.555223641079248,-47.381112261931726
5200852,Americano do Brasil,520003,Inhumas - Itaberaí - Anicuns,5201,Goiânia,52,Goiás,GO,5,Centro-oeste,CO,,,133.834,-16.261010811398016,-50.000083894798294
4314035,Pareci Novo,430007,Montenegro,4301,Porto Alegre,43,Rio Grande do Sul,RS,4,Sul,S,,,57.5,-29.610162282143534,-51.42310210598447
3548906,São Carlos,350037,São Carlos,3509,Araraquara,35,São Paulo,SP,3,Sudeste,SE,3548906,São Carlos/SP,1136.907,-21.918886774109655,-47.86717766293036
2605509,Ferreiros,260002,Goiana - Timbaúba,2601,Recife,26,Pernambuco,PE,2,Nordeste,NE,,,92.516,-7.478456678410917,-35.244588348685475
2203750,Fartura do Piauí,220013,São Raimundo Nonato,2204,São Raimundo Nonato,22,Piauí,PI,2,Nordeste,NE,,,713.047,-9.475700869835702,-42.783974170464745
2919801,Macaúbas,290017,Bom Jesus da Lapa,2905,Guanambi,29,Bahia,BA,2,Nordeste,NE,,,2459.102,-13.108137834154178,-42.69291767261072
5209150,Gouvelândia,520012,Quirinópolis,5203,Rio Verde,52,Goiás,GO,5,Centro-oeste,CO,,,827.373,-18.509182539837433,-50.155760613479764
4314027,Paraíso do Sul,430013,Cachoeira do Sul,4303,Santa Maria,43,Rio Grande do Sul,RS,4,Sul,S,,,337.534,-29.696252459505164,-53.12130975098488
1505700,Ponta de Pedras,150021,Soure-Salvaterra,1507,Breves,15,Pará,PA,1,Norte,N,,,3363.743,-1.1175084402196678,-49.07728199983897
1300680,Boa Vista do Ramos,130010,Parintins,1304,Parintins,13,Amazonas,AM,1,Norte,N,,,2613.997,-3.138756491459727,-57.670107722911965
4322202,Tupanciretã,430027,Cruz Alta,4306,Passo Fundo,43,Rio Grande do Sul,RS,4,Sul,S,,,2253.234,-29.020515181761912,-54.003496655909565
3508009,Buri,350004,Itapeva,3502,Sorocaba,35,São Paulo,SP,3,Sudeste,SE,,,1196.463,-23.752029645189083,-48.57531131901362
4305850,Coqueiros do Sul,430028,Carazinho,4306,Passo Fundo,43,Rio Grande do Sul,RS,4,Sul,S,,,277.147,-28.13081402915161,-52.75918716308929
2707503,Porto Real do Colégio,270003,Penedo,2701,Maceió,27,Alagoas,AL,2,Nordeste,NE,,,237.017,-10.121050397441666,-36.73624194414261
3532405,Nazaré Paulista,350041,Bragança Paulista,3510,Campinas,35,São Paulo,SP,3,Sudeste,SE,,,326.392,-23.191453330535648,-46.36648818197742
3124708,Estrela do Indaiá,310067,Dores do Indaiá,3113,Divinópolis,31,Minas Gerais,MG,3,Sudeste,SE,,,635.981,-19.591878298693885,-45.80831710245339
4125902,São Pedro do Paraná,410020,Loanda,4104,Maringá,41,Paraná,PR,4,Sul,S,,,248.865,-22.78459139293005,-53.18086324612183
3108107,Bonfim,310069,Oliveira,3113,Divinópolis,31,Minas Gerais,MG,3,Sudeste,SE,,,300.471,-20.32181459677667,-44.214996511375205
1300805,Borba,130001,Manaus,1301,Manaus,13,Amazonas,AM,1,Norte,N,,,44644.015,-4.968131248739748,-59.5348929623829
2911907,Iaçu,290031,Itaberaba,2910,Feira de Santana,29,Bahia,BA,2,Nordeste,NE,,,2342.497,-12.813534371090885,-40.11309451089014
4207908,Irineópolis,420017,Mafra,4206,Joinville,42,Santa Catarina,SC,4,Sul,S,,,589.698,-26.35706629846107,-50.760691196144116
4305835,Coqueiro Baixo,430041,Lajeado,4308,Santa Cruz do Sul - Lajeado,43,Rio Grande do Sul,RS,4,Sul,S,,,112.638,-29.168133417514742,-52.12641768381205
3540705,Porto Ferreira,350037,São Carlos,3509,Araraquara,35,São Paulo,SP,3,Sudeste,SE,,,245.327,-21.84210842643504,-47.446963312590206
2310803,Pereiro,230007,Russas - Limoeiro do Norte,2302,Quixadá,23,Ceará,CE,2,Nordeste,NE,,,449.74,-6.038001321159588,-38.48580229926213
4322186,Tupanci do Sul,430033,Lagoa Vermelha,4306,Passo Fundo,43,Rio Grande do Sul,RS,4,Sul,S,,,135.664,-27.93016814661491,-51.537804650763796
2514503,São José de Piranhas,250015,Cajazeiras,2504,Sousa - Cajazeiras,25,Paraíba,PB,2,Nordeste,NE,,,686.918,-7.100730976450893,-38.49210437351777
4126009,São Sebastião da Amoreira,410024,Cornélio Procópio - Bandeirantes,4105,Londrina,41,Paraná,PR,4,Sul,S,,,226.872,-23.45483638013633,-50.722683011171725
3165701,Senador Firmino,310029,Ubá,3106,Juíz de Fora,31,Minas Gerais,MG,3,Sudeste,SE,,,166.495,-20.904272733219198,-43.104489993531004
4314001,Paraí,430038,Nova Prata - Guaporé,4307,Caxias do Sul,43,Rio Grande do Sul,RS,4,Sul,S,,,121.745,-28.60030158993686,-51.78835013584238
3524204,Jaborandi,350032,Barretos,3508,Ribeirão Preto,35,São Paulo,SP,3,Sudeste,SE,,,273.438,-20.649993214695805,-48.4159591927839
3116506,Claro dos Poções,310006,Montes Claros,3102,Montes Claros,31,Minas Gerais,MG,3,Sudeste,SE,,,720.424,-17.068713027804066,-44.22812729358227
2928059,Santa Luzia,290010,Camacan,2903,Ilhéus - Itabuna,29,Bahia,BA,2,Nordeste,NE,,,824.473,-15.44821439431725,-39.244959001185535
2605459,Fernando de Noronha,260001,Recife,2601,Recife,26,Pernambuco,PE,2,Nordeste,NE,,,18.609,-3.8569711420410986,-32.42652469407965
2903706,Boa Nova,290011,Vitória da Conquista,2904,Vitória da Conquista,29,Bahia,BA,2,Nordeste,NE,,,848.857,-14.360202205132255,-40.22999057706859
5209101,Goiatuba,520007,Itumbiara,5202,Itumbiara,52,Goiás,GO,5,Centro-oeste,CO,,,2479.58,-17.993652009990434,-49.658799022572516
3540804,Potirendaba,350025,São José do Rio Preto,3507,São José do Rio Preto,35,São Paulo,SP,3,Sudeste,SE,,,342.492,-21.07554310273667,-49.39173061985683
2408201,Nísia Floresta,240001,Natal,2401,Natal,24,Rio Grande do Norte,RN,2,Nordeste,NE,,,307.719,-6.0549199584675515,-35.17322314490938
3557154,Zacarias,350023,Birigui - Penápolis,3506,Araçatuba,35,São Paulo,SP,3,Sudeste,SE,,,319.056,-21.125467252336303,-50.049413505946674
1505007,Nova Timboteua,150006,Capanema,1502,Castanhal,15,Pará,PA,1,Norte,N,,,489.852,-1.1564429901993032,-47.39214768642591
2302602,Camocim,230018,Camocim,2306,Sobral,23,Ceará,CE,2,Nordeste,NE,,,1120.449,-2.9498067986131127,-40.80089121465221
3157500,Santa Efigênia de Minas,310020,Governador Valadares,3104,Governador Valadares,31,Minas Gerais,MG,3,Sudeste,SE,,,131.965,-18.86283413815495,-42.404339593346194
4305801,Constantina,430028,Carazinho,4306,Passo Fundo,43,Rio Grande do Sul,RS,4,Sul,S,,,203.614,-27.68926520174149,-52.9903075247637
4313334,Nova Ramada,430018,Ijuí,4305,Ijuí,43,Rio Grande do Sul,RS,4,Sul,S,,,255.264,-28.076181912723452,-53.703674353878135
4305157,Cerro Grande,430034,Palmeira das Missões,4306,Passo Fundo,43,Rio Grande do Sul,RS,4,Sul,S,,,73.438,-27.628549653620116,-53.163088013982964
2106904,Monção,210009,Santa Inês,2102,Santa Inês - Bacabal,21,Maranhão,MA,2,Nordeste,NE,,,1245.548,-3.490651125901641,-45.321052382190544
2514602,São José do Bonfim,250009,Patos,2503,Patos,25,Paraíba,PB,2,Nordeste,NE,,,153.629,-7.149266644364615,-37.300871875798514
4117800,Palmital,410005,Pitanga,4102,Guarapuava,41,Paraná,PR,4,Sul,S,,,821.733,-24.87573925776434,-52.26464217089956
3516002,Flórida Paulista,350019,Adamantina - Lucélia,3505,Presidente Prudente,35,São Paulo,SP,3,Sudeste,SE,,,524.138,-21.539962135168995,-51.170653194971734
4321501,Torres,430008,Torres,4301,Porto Alegre,43,Rio Grande do Sul,RS,4,Sul,S,,,161.63,-29.32834982389366,-49.809716273040614
3116605,Cláudio,310065,Divinópolis,3113,Divinópolis,31,Minas Gerais,MG,3,Sudeste,SE,,,630.706,-20.397398018870213,-44.775941985529315
3303708,Paraíba do Sul,330009,Três Rios - Paraíba do Sul,3303,Petrópolis,33,Rio de Janeiro,RJ,3,Sudeste,SE,3306008,Três Rios - Paraíba do Sul/RJ,571.118,-22.181957661475714,-43.30432910180463
4215901,São Bonifácio,420001,Florianópolis,4201,Florianópolis,42,Santa Catarina,SC,4,Sul,S,,,461.438,-27.95655407600449,-48.939097774346195
5004700,Ivinhema,500007,Nova Andradina,5002,Dourados,50,Mato Grosso do Sul,MS,5,Centro-oeste,CO,,,2003.43,-22.371478958906874,-53.79914278967223
3149309,Pedro Leopoldo,310001,Belo Horizonte,3101,Belo Horizonte,31,Minas Gerais,MG,3,Sudeste,SE,3106200,Belo Horizonte/MG,292.81,-19.63986457460342,-44.05274682975998
2203800,Flores do Piauí,220019,Canto do Buriti,2206,Floriano,22,Piauí,PI,2,Nordeste,NE,,,946.72,-7.6729733592623255,-42.86088654890665
4321493,Toropi,430011,Santa Maria,4303,Santa Maria,43,Rio Grande do Sul,RS,4,Sul,S,,,198.316,-29.47042557656402,-54.29877396671862
1300607,Benjamin Constant,130006,Tabatinga,1302,Tefé,13,Amazonas,AM,1,Norte,N,,,9100.432,-5.427085130897956,-70.27277709998332
4109609,Guaratuba,410002,Paranaguá,4101,Curitiba,41,Paraná,PR,4,Sul,S,,,1320.951,-25.81686669207214,-48.768541481250594
2106755,Miranda do Norte,210004,Itapecuru Mirim,2101,São Luís,21,Maranhão,MA,2,Nordeste,NE,,,341.107,-3.531420193832806,-44.526851544579735
3507803,Brodowski,350031,Ribeirão Preto,3508,Ribeirão Preto,35,São Paulo,SP,3,Sudeste,SE,3543402,Ribeirão Preto/SP,278.458,-21.04953509330331,-47.627772213272124
2707305,Porto Calvo,270002,Porto Calvo - São Luís do Quitunde,2701,Maceió,27,Alagoas,AL,2,Nordeste,NE,,,313.68,-9.026011357575722,-35.42679512596431
4305132,Cerro Branco,430013,Cachoeira do Sul,4303,Santa Maria,43,Rio Grande do Sul,RS,4,Sul,S,,,158.025,-29.62705896021302,-52.995476621810916
2506400,Gurinhém,250001,João Pessoa,2501,João Pessoa,25,Paraíba,PB,2,Nordeste,NE,,,340.408,-7.149610110556817,-35.43589323586442
2904050,Bonito,290020,Irecê,2907,Irecê,29,Bahia,BA,2,Nordeste,NE,,,791.276,-11.969278068432521,-41.320413775796254
1504976,Nova Ipixuna,150009,Marabá,1503,Marabá,15,Pará,PA,1,Norte,N,,,1564.182,-4.981070429952675,-49.23077046034707
4313300,Nova Prata,430038,Nova Prata - Guaporé,4307,Caxias do Sul,43,Rio Grande do Sul,RS,4,Sul,S,,,259.237,-28.76063032580299,-51.60803777549986
4305124,Cerrito,430009,Pelotas,4302,Pelotas,43,Rio Grande do Sul,RS,4,Sul,S,,,451.699,-31.72971083139025,-52.79599042886775
3516101,Florínea,350014,Assis,3504,Marília,35,São Paulo,SP,3,Sudeste,SE,,,225.886,-22.881208729188682,-50.695312295967014
4321600,Tramandaí,430003,Tramandaí - Osório,4301,Porto Alegre,43,Rio Grande do Sul,RS,4,Sul,S,4321600,Tramandaí - Osório/RS,142.878,-30.0282057848714,-50.22198599647296
3132800,Itambé do Mato Dentro,310005,Itabira,3101,Belo Horizonte,31,Minas Gerais,MG,3,Sudeste,SE,,,380.34,-19.39635253565768,-43.35126565124865
4207700,Ipumirim,420010,Concórdia,4204,Chapecó,42,Santa Catarina,SC,4,Sul,S,,,246.115,-27.040377946993996,-52.15286543870865
4305116,Centenário,430026,Erechim,4306,Passo Fundo,43,Rio Grande do Sul,RS,4,Sul,S,,,134.78,-27.77528390681275,-52.00288147793929
1705102,Chapada da Natividade,170002,Porto Nacional,1701,Palmas,17,Tocantins,TO,1,Norte,N,,,1640.833,-11.541069946815876,-47.846441600628104
3540754,Potim,350052,Guaratinguetá,3511,São José dos Campos,35,São Paulo,SP,3,Sudeste,SE,3518404,Guaratinguetá/SP,44.644,-22.825294450274747,-45.30315749867753
4101408,Apucarana,410023,Apucarana,4105,Londrina,41,Paraná,PR,4,Sul,S,4101408,Apucarana,556.771,-23.572009693523537,-51.44596976463574
4125803,São Pedro do Ivaí,410023,Apucarana,4105,Londrina,41,Paraná,PR,4,Sul,S,,,323.213,-23.84536463678473,-51.87186112789325
2311231,Potiretama,230007,Russas - Limoeiro do Norte,2302,Quixadá,23,Ceará,CE,2,Nordeste,NE,,,409.137,-5.749557592498392,-38.16761061451841
2204154,Francisco Macedo,220009,Picos,2203,Picos,22,Piauí,PI,2,Nordeste,NE,,,179.245,-7.320830734673007,-40.78391766155473
4305108,Caxias do Sul,430036,Caxias do Sul,4307,Caxias do Sul,43,Rio Grande do Sul,RS,4,Sul,S,4305108,Caxias do Sul/RS,1651.336,-29.10194377233806,-51.023599742765356
2912202,Ibicoara,290011,Vitória da Conquista,2904,Vitória da Conquista,29,Bahia,BA,2,Nordeste,NE,,,817.355,-13.380991229907792,-41.32789310323422
2805406,Poço Redondo,280006,Nossa Senhora da Glória,2802,Itabaiana,28,Sergipe,SE,2,Nordeste,NE,,,1074.584,-9.865417401629601,-37.69928868980655
4313409,Novo Hamburgo,430002,Novo Hamburgo - São Leopoldo,4301,Porto Alegre,43,Rio Grande do Sul,RS,4,Sul,S,4314902,Porto Alegre/RS,222.548,-29.734749390818813,-51.049039127132936
3124609,Estrela Dalva,310036,Além Paraíba,3106,Juíz de Fora,31,Minas Gerais,MG,3,Sudeste,SE,,,131.365,-21.70650292626553,-42.46708541689314
3108008,Bom Sucesso,310043,Lavras,3108,Varginha,31,Minas Gerais,MG,3,Sudeste,SE,,,705.046,-21.02636225719667,-44.784176141049414
5208905,Goiás,520005,Goiás - Itapuranga,5201,Goiânia,52,Goiás,GO,5,Centro-oeste,CO,,,3108.423,-15.84709620264022,-50.242571907582935
4207809,Irani,420010,Concórdia,4204,Chapecó,42,Santa Catarina,SC,4,Sul,S,,,325.862,-27.025234987545094,-51.91794814401871
3507902,Brotas,350010,Jaú,3503,Bauru,35,São Paulo,SP,3,Sudeste,SE,,,1101.373,-22.27329070026293,-48.08122540633212
3556958,Vitória Brasil,350028,Jales,3507,São José do Rio Preto,35,São Paulo,SP,3,Sudeste,SE,,,49.832,-20.19840911937615,-50.48548746398661
3540606,Porto Feliz,350003,Sorocaba,3502,Sorocaba,35,São Paulo,SP,3,Sudeste,SE,,,556.706,-23.23033353361566,-47.516916301787674
5004007,Glória de Dourados,500005,Dourados,5002,Dourados,50,Mato Grosso do Sul,MS,5,Centro-oeste,CO,,,493.105,-22.427294606062695,-54.192413127079476
4313391,Novo Cabrais,430013,Cachoeira do Sul,4303,Santa Maria,43,Rio Grande do Sul,RS,4,Sul,S,,,192.998,-29.760144978744368,-52.995490300826006
1505064,Novo Repartimento,150011,Tucuruí,1503,Marabá,15,Pará,PA,1,Norte,N,,,15398.735,-4.502843297566771,-50.27160980605519
3532801,Nova Aliança,350025,São José do Rio Preto,3507,São José do Rio Preto,35,São Paulo,SP,3,Sudeste,SE,3549805,São José do Rio Preto/SP,217.515,-21.062620777205886,-49.51597570345759
2311207,Potengi,230011,Juazeiro do Norte,2304,Juazeiro do Norte,23,Ceará,CE,2,Nordeste,NE,,,343.264,-7.072667038551711,-40.03639962280134
2919157,Lapão,290020,Irecê,2907,Irecê,29,Bahia,BA,2,Nordeste,NE,,,642.882,-11.501286559360384,-41.77669030877127
4305207,Cerro Largo,430024,Cerro Largo,4305,Ijuí,43,Rio Grande do Sul,RS,4,Sul,S,,,176.742,-28.13104004159481,-54.739423887412315
2912301,Ibicuí,290007,Ilhéus - Itabuna,2903,Ilhéus - Itabuna,29,Bahia,BA,2,Nordeste,NE,,,1139.378,-14.641894451784715,-39.8637853183867
3116407,Claraval,310041,Passos,3108,Varginha,31,Minas Gerais,MG,3,Sudeste,SE,3516200,Franca/SP,227.627,-20.369378866469855,-47.239497301801485
2106706,Mirador,210018,Colinas,2104,Presidente Dutra,21,Maranhão,MA,2,Nordeste,NE,,,8522.882,-6.453916804628247,-44.951084884502855
4117602,Palmas,410010,Pato Branco,4103,Cascavel,41,Paraná,PR,4,Sul,S,,,1561.474,-26.4509866271726,-51.81438364569004
2514909,São Mamede,250009,Patos,2503,Patos,25,Paraíba,PB,2,Nordeste,NE,,,533.446,-6.927676850225781,-37.08481525973807
4313375,Nova Santa Rita,430001,Porto Alegre,4301,Porto Alegre,43,Rio Grande do Sul,RS,4,Sul,S,4314902,Porto Alegre/RS,217.636,-29.844234643686615,-51.28847802556217
5200829,Amaralina,520017,Uruaçu - Niquelândia,5205,Porangatu - Uruaçu,52,Goiás,GO,5,Centro-oeste,CO,,,1343.742,-13.842360838562836,-49.61542455545239
3303500,Nova Iguaçu,330001,Rio de Janeiro,3301,Rio de Janeiro,33,Rio de Janeiro,RJ,3,Sudeste,SE,3304557,Rio de Janeiro/RJ,520.581,-22.686760803406624,-43.50183750333973
3524600,Jacupiranga,350005,Registro,3502,Sorocaba,35,São Paulo,SP,3,Sudeste,SE,,,704.136,-24.777358895844223,-48.05387514044652
2408102,Natal,240001,Natal,2401,Natal,24,Rio Grande do Norte,RN,2,Nordeste,NE,2408102,Natal/RN,167.401,-5.803174625861194,-35.22884142859121
2204105,Francisco Ayres,220017,Floriano,2206,Floriano,22,Piauí,PI,2,Nordeste,NE,,,682.514,-6.668602179872806,-42.71762741802174
2927309,Salinas da Margarida,290006,Nazaré - Maragogipe,2902,Santo Antônio de Jesus,29,Bahia,BA,2,Nordeste,NE,,,150.569,-12.885927684199963,-38.75911468735689
4313359,Nova Roma do Sul,430036,Caxias do Sul,4307,Caxias do Sul,43,Rio Grande do Sul,RS,4,Sul,S,,,149.753,-28.988895037264612,-51.40863924116104
1505031,Novo Progresso,150016,Itaituba,1505,Santarém,15,Pará,PA,1,Norte,N,,,38162.004,-8.062276680708075,-55.61202633419095
2904100,Boquira,290017,Bom Jesus da Lapa,2905,Guanambi,29,Bahia,BA,2,Nordeste,NE,,,1426.233,-12.741119734548532,-42.72228873328713
2613008,São Bento do Una,260012,Belo Jardim - Pesqueira,2602,Caruaru,26,Pernambuco,PE,2,Nordeste,NE,,,719.193,-8.5359263505134,-36.45063491854219
2506707,Imaculada,250009,Patos,2503,Patos,25,Paraíba,PB,2,Nordeste,NE,,,317.804,-7.370861407760244,-37.55816473832305
4109401,Guarapuava,410004,Guarapuava,4102,Guarapuava,41,Paraná,PR,4,Sul,S,4109401,Guarapuava,3163.893,-25.37200963080296,-51.49185175072352
2106805,Mirinzal,210008,Cururupu,2101,São Luís,21,Maranhão,MA,2,Nordeste,NE,,,686.944,-2.058694879498769,-44.843271056301816
4207759,Iraceminha,420012,Maravilha,4204,Chapecó,42,Santa Catarina,SC,4,Sul,S,,,165.147,-26.845317192743344,-53.32445647106303
2303006,Caridade,230004,Canindé,2301,Fortaleza,23,Ceará,CE,2,Nordeste,NE,,,926.271,-4.203797968187664,-39.10989590691274
4117701,Palmeira,410027,Ponta Grossa,4106,Ponta Grossa,41,Paraná,PR,4,Sul,S,,,1473.233,-25.442659353977405,-50.0579667942475
1504901,Muaná,150021,Soure-Salvaterra,1507,Breves,15,Pará,PA,1,Norte,N,,,3763.13,-1.3556957277322508,-49.30923630306947
5101902,Brasnorte,510002,Tangará da Serra,5101,Cuiabá,51,Mato Grosso,MT,5,Centro-oeste,CO,,,15968.355,-12.423103822774921,-57.998836742810745
5200803,Alvorada do Norte,520021,Posse-Campos Belos,5206,Luziânia - Águas Lindas de Goiás,52,Goiás,GO,5,Centro-oeste,CO,,,1268.347,-14.56716494912186,-46.632535981444065
3516408,Franco da Rocha,350001,São Paulo,3501,São Paulo,35,São Paulo,SP,3,Sudeste,SE,3550308,São Paulo/SP,132.775,-23.314170739581886,-46.735750373278364
4321402,Tenente Portela,430021,Três Passos,4305,Ijuí,43,Rio Grande do Sul,RS,4,Sul,S,,,337.495,-27.372590122976224,-53.76409557716237
2515005,São Miguel de Taipu,250001,João Pessoa,2501,João Pessoa,25,Paraíba,PB,2,Nordeste,NE,,,92.413,-7.240667046794488,-35.19875178428919
3303609,Paracambi,330001,Rio de Janeiro,3301,Rio de Janeiro,33,Rio de Janeiro,RJ,3,Sudeste,SE,3304557,Rio de Janeiro/RJ,190.949,-22.61789787409577,-43.72151836768336
3165560,Sem-Peixe,310030,Ponte Nova,3106,Juíz de Fora,31,Minas Gerais,MG,3,Sudeste,SE,,,176.634,-20.08005184836667,-42.8251209657088
4305173,Cerro Grande do Sul,430005,Camaquã,4301,Porto Alegre,43,Rio Grande do Sul,RS,4,Sul,S,,,324.908,-30.583928992635204,-51.76023558213186
3165552,Setubinha,310013,Teófilo Otoni,3103,Teófilo Otoni,31,Minas Gerais,MG,3,Sudeste,SE,,,534.655,-17.62249968441098,-42.156822311284465
4216305,São João Batista,420021,Brusque,4207,Blumenau,42,Santa Catarina,SC,4,Sul,S,,,200.765,-27.328928343736898,-48.85901592803182
3157377,Santa Cruz de Salinas,310008,Salinas,3102,Montes Claros,31,Minas Gerais,MG,3,Sudeste,SE,,,589.607,-16.05073851825408,-41.78986125461404
2204204,Francisco Santos,220009,Picos,2203,Picos,22,Piauí,PI,2,Nordeste,NE,,,492.191,-7.01290575453165,-41.14712519895951
1300631,Beruri,130003,Coari,1301,Manaus,13,Amazonas,AM,1,Norte,N,,,17415.813,-4.6048108710085,-61.80460571217706
2927408,Salvador,290001,Salvador,2901,Salvador,29,Bahia,BA,2,Nordeste,NE,2927408,Salvador/BA,692.589,-12.873638100663205,-38.51458638434088
4101200,Antonina,410002,Paranaguá,4101,Curitiba,41,Paraná,PR,4,Sul,S,,,890.065,-25.30641768523647,-48.72076084219495
2604809,Cortês,260018,Escada - Ribeirão,2601,Recife,26,Pernambuco,PE,2,Nordeste,NE,,,103.416,-8.433168332648693,-35.53025026258254
3532868,Nova Castilho,350022,Araçatuba,3506,Araçatuba,35,São Paulo,SP,3,Sudeste,SE,,,183.396,-20.777819776364773,-50.34575347718712
4109500,Guaraqueçaba,410002,Paranaguá,4101,Curitiba,41,Paraná,PR,4,Sul,S,,,2011.256,-25.233693872269463,-48.36678640311456
2805703,Propriá,280003,Propriá,2801,Aracaju,28,Sergipe,SE,2,Nordeste,NE,,,96.32,-10.244918287269096,-36.80311545519755
3141009,Mato Verde,310012,Espinosa,3102,Montes Claros,31,Minas Gerais,MG,3,Sudeste,SE,,,472.245,-15.425301316840764,-42.86416404786127
4313201,Nova Petrópolis,430036,Caxias do Sul,4307,Caxias do Sul,43,Rio Grande do Sul,RS,4,Sul,S,,,291.538,-29.371823707958736,-51.085207946408225
3508207,Buritizal,350035,Ituverava,3508,Ribeirão Preto,35,São Paulo,SP,3,Sudeste,SE,,,266.42,-20.209317740073672,-47.692934174158125
2506806,Ingá,250005,Campina Grande,2502,Campina Grande,25,Paraíba,PB,2,Nordeste,NE,,,262.179,-7.278502007698836,-35.621063891969875
3165537,Sarzedo,310001,Belo Horizonte,3101,Belo Horizonte,31,Minas Gerais,MG,3,Sudeste,SE,3106200,Belo Horizonte/MG,62.134,-20.059144629176114,-44.121043299634
3557006,Votorantim,350003,Sorocaba,3502,Sorocaba,35,São Paulo,SP,3,Sudeste,SE,3552205,Sorocaba/SP,184.186,-23.579875394641757,-47.40652561322276
2912103,Ibicaraí,290007,Ilhéus - Itabuna,2903,Ilhéus - Itabuna,29,Bahia,BA,2,Nordeste,NE,,,230.953,-14.848768485901438,-39.56845327354502
3108305,Borda da Mata,310050,Pouso Alegre,3109,Pouso Alegre,31,Minas Gerais,MG,3,Sudeste,SE,,,301.108,-22.256554051513646,-46.15178474886818
5200134,Acreúna,520015,Palmeiras de Goiás,5204,São Luís de Montes Belos - Iporá,52,Goiás,GO,5,Centro-oeste,CO,,,1566.742,-17.45232812819018,-50.32603315341152
1705508,Colinas do Tocantins,170007,Colinas do Tocantins,1702,Araguaína,17,Tocantins,TO,1,Norte,N,,,842.488,-8.076435625963825,-48.530115306166465
4208104,Itaiópolis,420017,Mafra,4206,Joinville,42,Santa Catarina,SC,4,Sul,S,,,1297.543,-26.472148307742454,-49.89124548924883
1713304,Miranorte,170004,Miracema do Tocantins,1701,Palmas,17,Tocantins,TO,1,Norte,N,,,1033.301,-9.416342756202232,-48.68376224348888
2311009,Poranga,230013,Crateús,2305,Crateús,23,Ceará,CE,2,Nordeste,NE,,,1310.768,-4.799486821821511,-41.077436777054054
4101309,Antônio Olinto,410003,União da Vitória,4101,Curitiba,41,Paraná,PR,4,Sul,S,,,463.694,-25.960527385304964,-50.127984271441896
2919207,Lauro de Freitas,290001,Salvador,2901,Salvador,29,Bahia,BA,2,Nordeste,NE,2927408,Salvador/BA,57.942,-12.863550789643218,-38.32721645080913
3532843,Nova Canaã Paulista,350030,Santa Fé do Sul,3507,São José do Rio Preto,35,São Paulo,SP,3,Sudeste,SE,,,124.473,-20.3720509991173,-50.91055884584505
4305009,Catuípe,430018,Ijuí,4305,Ijuí,43,Rio Grande do Sul,RS,4,Sul,S,,,583.18,-28.16848316213981,-54.03436776292109
5208301,Divinópolis de Goiás,520021,Posse-Campos Belos,5206,Luziânia - Águas Lindas de Goiás,52,Goiás,GO,5,Centro-oeste,CO,,,828.874,-13.264288236478347,-46.519168478590885
4126207,Sapopema,410024,Cornélio Procópio - Bandeirantes,4105,Londrina,41,Paraná,PR,4,Sul,S,,,677.588,-23.875216719770766,-50.60463746658491
3205200,Vila Velha,320001,Vitória,3201,Vitória,32,Espírito Santo,ES,3,Sudeste,SE,3205309,Vitória/ES,210.225,-20.434175930922674,-40.37838541784239
4321352,Tavares,430001,Porto Alegre,4301,Porto Alegre,43,Rio Grande do Sul,RS,4,Sul,S,,,610.107,-31.28857715395503,-51.074759948407674
3548807,São Caetano do Sul,350001,São Paulo,3501,São Paulo,35,São Paulo,SP,3,Sudeste,SE,3550308,São Paulo/SP,15.421,-23.626051783928066,-46.56613761236236
4321477,Tiradentes do Sul,430021,Três Passos,4305,Ijuí,43,Rio Grande do Sul,RS,4,Sul,S,,,236.653,-27.36825747871235,-54.12095025767002
3157336,Santa Cruz de Minas,310039,São João del Rei,3107,Barbacena,31,Minas Gerais,MG,3,Sudeste,SE,3162500,São João del Rei/MG,3.565,-21.120309349679736,-44.21729706834335
5216452,Perolândia,520011,Jataí-Mineiros,5203,Rio Verde,52,Goiás,GO,5,Centro-oeste,CO,,,1033.657,-17.493997257376726,-52.22523603438631
3532827,Nova Campina,350004,Itapeva,3502,Sorocaba,35,São Paulo,SP,3,Sudeste,SE,,,385.375,-24.190622127888403,-48.97291335060085
2805802,Riachão do Dantas,280005,Lagarto,2802,Itabaiana,28,Sergipe,SE,2,Nordeste,NE,,,530.606,-11.033980395718332,-37.80044335303269
2408409,Olho d'Água do Borges,240010,Pau dos Ferros,2403,Mossoró,24,Rio Grande do Norte,RN,2,Nordeste,NE,,,136.393,-5.98085280565541,-37.70934566436747
4321469,Tio Hugo,430025,Passo Fundo,4306,Passo Fundo,43,Rio Grande do Sul,RS,4,Sul,S,,,113.944,-28.582003642052157,-52.59827788662245
2903904,Bom Jesus da Lapa,290017,Bom Jesus da Lapa,2905,Guanambi,29,Bahia,BA,2,Nordeste,NE,,,4114.493,-13.27705821481268,-43.293355833619025
3100104,Abadia dos Dourados,310061,Monte Carmelo,3111,Uberlândia,31,Minas Gerais,MG,3,Sudeste,SE,,,880.461,-18.353312154037027,-47.45899743987707
2106102,Loreto,210022,Balsas,2105,Imperatriz,21,Maranhão,MA,2,Nordeste,NE,,,3596.74,-7.220770430621139,-45.21983657791142
3108404,Botelhos,310051,Poços de Caldas,3109,Pouso Alegre,31,Minas Gerais,MG,3,Sudeste,SE,,,334.089,-21.63637397627474,-46.41944725176459
5003900,Figueirão,500004,Coxim,5001,Campo Grande,50,Mato Grosso do Sul,MS,5,Centro-oeste,CO,,,4880.736,-18.744438813105905,-53.86243596085536
5200100,Abadiânia,520002,Anápolis,5201,Goiânia,52,Goiás,GO,5,Centro-oeste,CO,,,1044.555,-16.18654607675145,-48.71349393590847
2311108,Porteiras,230012,Brejo Santo,2304,Juazeiro do Norte,23,Ceará,CE,2,Nordeste,NE,,,224.86,-7.541965691689355,-39.10683146361502
3205309,Vitória,320001,Vitória,3201,Vitória,32,Espírito Santo,ES,3,Sudeste,SE,3205309,Vitória/ES,97.124,-20.278729254364137,-40.29731383359362
3149150,Pedras de Maria da Cruz,310009,Januária,3102,Montes Claros,31,Minas Gerais,MG,3,Sudeste,SE,,,1525.648,-15.625732165781008,-44.323631803065474
2302800,Canindé,230004,Canindé,2301,Fortaleza,23,Ceará,CE,2,Nordeste,NE,,,3032.39,-4.402118948108032,-39.43035212818409
4321451,Teutônia,430041,Lajeado,4308,Santa Cruz do Sul - Lajeado,43,Rio Grande do Sul,RS,4,Sul,S,,,175.875,-29.47236077777829,-51.7780803221898
2514800,São José dos Cordeiros,250008,Sumé,2502,Campina Grande,25,Paraíba,PB,2,Nordeste,NE,,,376.661,-7.429061555929418,-36.86240989486377
4118006,Paraíso do Norte,410017,Paranavaí,4104,Maringá,41,Paraná,PR,4,Sul,S,,,205.222,-23.267931406895404,-52.635509229575256
1504950,Nova Esperança do Piriá,150008,Capitão Poço,1502,Castanhal,15,Pará,PA,1,Norte,N,,,2808.195,-2.3926437014584923,-46.90004256059735
5101308,Arenápolis,510003,Diamantino,5101,Cuiabá,51,Mato Grosso,MT,5,Centro-oeste,CO,,,417.337,-14.507091033891056,-56.8593415812975
3140308,Marliéria,310024,Ipatinga,3105,Ipatinga,31,Minas Gerais,MG,3,Sudeste,SE,3131307,Ipatinga/MG,545.813,-19.70578592340454,-42.61480248267528
2400208,Assú,240011,Assú,2403,Mossoró,24,Rio Grande do Norte,RN,2,Nordeste,NE,,,1303.442,-5.526647957442519,-37.014114612021
2408508,Ouro Branco,240007,Caicó,2402,Caicó,24,Rio Grande do Norte,RN,2,Nordeste,NE,,,253.21,-6.683530986269053,-36.9210654197469
3100203,Abaeté,310070,Abaeté,3113,Divinópolis,31,Minas Gerais,MG,3,Sudeste,SE,,,1817.067,-19.102748504448243,-45.35867495975668
2204006,Francinópolis,220002,Amarante - Água Branca - Regeneração,2201,Teresina,22,Piauí,PI,2,Nordeste,NE,,,268.704,-6.423008701973224,-42.23398647191352
4321436,Terra de Areia,430003,Tramandaí - Osório,4301,Porto Alegre,43,Rio Grande do Sul,RS,4,Sul,S,,,142.304,-29.601954308509274,-50.066431341280314
2302909,Capistrano,230003,Redenção-Acarape,2301,Fortaleza,23,Ceará,CE,2,Nordeste,NE,,,226.549,-4.467820883251536,-38.907948363203644
2904001,Boninal,290034,Seabra,2910,Feira de Santana,29,Bahia,BA,2,Nordeste,NE,,,896.857,-12.77667256856335,-41.80249758130836
3303906,Petrópolis,330007,Petrópolis,3303,Petrópolis,33,Rio de Janeiro,RJ,3,Sudeste,SE,3303906,Petrópolis/RJ,791.144,-22.39795663454139,-43.15683234607599
2506608,Ibiara,250010,Itaporanga,2503,Patos,25,Paraíba,PB,2,Nordeste,NE,,,240.357,-7.491924644810173,-38.403903009091344
3165602,Senador Cortes,310035,São João Nepomuceno - Bicas,3106,Juíz de Fora,31,Minas Gerais,MG,3,Sudeste,SE,,,98.336,-21.7704384349782,-42.909188660571154
4216354,São João do Itaperiú,420016,Joinville,4206,Joinville,42,Santa Catarina,SC,4,Sul,S,,,151.885,-26.59105248583289,-48.79773346310693
4109807,Ibiporã,410021,Londrina,4105,Londrina,41,Paraná,PR,4,Sul,S,4113700,Londrina/PR,298.998,-23.236403494140024,-51.03814967340388
2927200,Ruy Barbosa,290031,Itaberaba,2910,Feira de Santana,29,Bahia,BA,2,Nordeste,NE,,,1991.772,-12.24354929622517,-40.629652178618464
2612901,São Benedito do Sul,260003,Palmares,2601,Recife,26,Pernambuco,PE,2,Nordeste,NE,,,160.477,-8.809267031373427,-35.90670752005256
5216403,Paraúna,520015,Palmeiras de Goiás,5204,São Luís de Montes Belos - Iporá,52,Goiás,GO,5,Centro-oeste,CO,,,3786.578,-17.04708908529895,-50.637988706813026
3132107,Itacarambi,310009,Januária,3102,Montes Claros,31,Minas Gerais,MG,3,Sudeste,SE,,,1225.273,-15.177268247847145,-44.12500813406929
3140407,Marmelópolis,310052,Itajubá,3109,Pouso Alegre,31,Minas Gerais,MG,3,Sudeste,SE,,,107.902,-22.46362253546223,-45.17223167319514
2400307,Afonso Bezerra,240011,Assú,2403,Mossoró,24,Rio Grande do Norte,RN,2,Nordeste,NE,,,576.179,-5.471434570394979,-36.59989401924226
4126272,Saudade do Iguaçu,410010,Pato Branco,4103,Cascavel,41,Paraná,PR,4,Sul,S,,,152.084,-25.713207863731835,-52.60436881497636
2919009,Lajedinho,290031,Itaberaba,2910,Feira de Santana,29,Bahia,BA,2,Nordeste,NE,,,846.728,-12.380973534204703,-40.96344604181277
5200175,Água Fria de Goiás,520022,Flores de Goiás,5206,Luziânia - Águas Lindas de Goiás,52,Goiás,GO,5,Centro-oeste,CO,,,2023.636,-14.90650370941047,-47.795142130922784
3157401,Santa Cruz do Escalvado,310030,Ponte Nova,3106,Juíz de Fora,31,Minas Gerais,MG,3,Sudeste,SE,,,258.726,-20.23061211428574,-42.81400755042561
3165578,Senador Amaral,310050,Pouso Alegre,3109,Pouso Alegre,31,Minas Gerais,MG,3,Sudeste,SE,,,151.097,-22.557663922854985,-46.217128208452166
3304003,Piraí,330004,Volta Redonda - Barra Mansa,3302,Volta Redonda - Barra Mansa,33,Rio de Janeiro,RJ,3,Sudeste,SE,,,490.255,-22.63358810336988,-43.901713736821904
2805604,Porto da Folha,280006,Nossa Senhora da Glória,2802,Itabaiana,28,Sergipe,SE,2,Nordeste,NE,,,878.044,-9.913709286206316,-37.422436449939624
2604700,Correntes,260010,Garanhuns,2602,Caruaru,26,Pernambuco,PE,2,Nordeste,NE,,,317.793,-9.114711863844601,-36.338679299001996
4126256,Sarandi,410014,Maringá,4104,Maringá,41,Paraná,PR,4,Sul,S,4115200,Maringá/PR,103.942,-23.468275569153814,-51.86706608275562
3549250,São João de Iracema,350029,Fernandópolis,3507,São José do Rio Preto,35,São Paulo,SP,3,Sudeste,SE,,,178.396,-20.52079543697836,-50.356284539527294
4101606,Arapoti,410027,Ponta Grossa,4106,Ponta Grossa,41,Paraná,PR,4,Sul,S,,,1363.843,-24.092880965778953,-49.975535289940616
2706703,Penedo,270003,Penedo,2701,Maceió,27,Alagoas,AL,2,Nordeste,NE,,,688.713,-10.231417395218655,-36.482462383625744
5101258,Araputanga,510006,Mirassol D'oeste,5102,Cáceres,51,Mato Grosso,MT,5,Centro-oeste,CO,,,1639.731,-15.253016280204106,-58.459102656388914
5200159,Adelândia,520003,Inhumas - Itaberaí - Anicuns,5201,Goiânia,52,Goiás,GO,5,Centro-oeste,CO,,,115.385,-16.36911511030087,-50.1846354732767
3108206,Bonfinópolis de Minas,310063,Unaí,3112,Patos de Minas,31,Minas Gerais,MG,3,Sudeste,SE,,,1850.487,-16.486351988830343,-46.19038948151744
3541059,Pratânia,350011,Botucatu,3503,Bauru,35,São Paulo,SP,3,Sudeste,SE,,,175.1,-22.818531680475008,-48.69689951351531
4208005,Itá,420010,Concórdia,4204,Chapecó,42,Santa Catarina,SC,4,Sul,S,,,166.265,-27.244015047521987,-52.33215831786279
2903953,Bom Jesus da Serra,290011,Vitória da Conquista,2904,Vitória da Conquista,29,Bahia,BA,2,Nordeste,NE,,,467.907,-14.389879780351682,-40.57732566640389
3149200,Pedrinópolis,310056,Araxá,3110,Uberaba,31,Minas Gerais,MG,3,Sudeste,SE,,,357.891,-19.19225344262049,-47.51027680848506
3132206,Itaguara,310069,Oliveira,3113,Divinópolis,31,Minas Gerais,MG,3,Sudeste,SE,,,410.468,-20.37192584080862,-44.53181457976737
2919108,Lamarão,290029,Feira de Santana,2910,Feira de Santana,29,Bahia,BA,2,Nordeste,NE,,,189.26,-11.785908418563636,-38.90996253884894
2903300,Barro Preto,290007,Ilhéus - Itabuna,2903,Ilhéus - Itabuna,29,Bahia,BA,2,Nordeste,NE,,,201.585,-14.775862257012784,-39.44472831196203
3164902,São Sebastião do Rio Verde,310053,São Lourenço,3109,Pouso Alegre,31,Minas Gerais,MG,3,Sudeste,SE,,,90.848,-22.219437787941523,-45.024822283011396
1713700,Monte Santo do Tocantins,170003,Paraíso do Tocantins,1701,Palmas,17,Tocantins,TO,1,Norte,N,,,1072.92,-9.999481798287203,-49.067282822432205
2302206,Beberibe,230001,Fortaleza,2301,Fortaleza,23,Ceará,CE,2,Nordeste,NE,,,1596.75,-4.401730363397107,-38.112906999368036
4305405,Chiapetta,430018,Ijuí,4305,Ijuí,43,Rio Grande do Sul,RS,4,Sul,S,,,397.179,-27.98649325711433,-53.90984920663722
1301001,Carauari,130005,Tefé,1302,Tefé,13,Amazonas,AM,1,Norte,N,,,25771.943,-5.112199198113705,-67.33243317572474
3124005,Ervália,310033,Viçosa,3106,Juíz de Fora,31,Minas Gerais,MG,3,Sudeste,SE,,,357.489,-20.848973189735894,-42.60063822723655
3303955,Pinheiral,330004,Volta Redonda - Barra Mansa,3302,Volta Redonda - Barra Mansa,33,Rio de Janeiro,RJ,3,Sudeste,SE,3306305,Volta Redonda - Barra Mansa/RJ,82.254,-22.54332563994177,-43.9975467580033
2408300,Nova Cruz,240002,Santo Antônio - Passa e Fica - Nova Cruz,2401,Natal,24,Rio Grande do Norte,RN,2,Nordeste,NE,,,277.319,-6.4486310669870885,-35.428774576990165
2105989,Lajeado Novo,210019,Imperatriz,2105,Imperatriz,21,Maranhão,MA,2,Nordeste,NE,,,1063.62,-6.103488779715384,-46.92947537272688
3549201,São João das Duas Pontes,350029,Fernandópolis,3507,São José do Rio Preto,35,São Paulo,SP,3,Sudeste,SE,,,129.462,-20.40840242236775,-50.38346280279756
2903276,Barrocas,290033,Serrinha,2910,Feira de Santana,29,Bahia,BA,2,Nordeste,NE,,,207.297,-11.53804141960669,-39.09492038454174
3156700,Sabará,310001,Belo Horizonte,3101,Belo Horizonte,31,Minas Gerais,MG,3,Sudeste,SE,3106200,Belo Horizonte/MG,302.453,-19.851314584146913,-43.779173359457346
2613206,São João,260010,Garanhuns,2602,Caruaru,26,Pernambuco,PE,2,Nordeste,NE,,,258.443,-8.879898012695007,-36.37756357125941
4321857,Três Palmeiras,430025,Passo Fundo,4306,Passo Fundo,43,Rio Grande do Sul,RS,4,Sul,S,,,180.599,-27.617139429784576,-52.83735377929847
2400109,Acari,240008,Currais Novos,2402,Caicó,24,Rio Grande do Norte,RN,2,Nordeste,NE,,,608.466,-6.409361681112179,-36.65011514168317
3140209,Maripá de Minas,310035,São João Nepomuceno - Bicas,3106,Juíz de Fora,31,Minas Gerais,MG,3,Sudeste,SE,,,77.338,-21.694303162736787,-42.956546041849755
3303807,Paraty,330002,Angra dos Reis,3301,Rio de Janeiro,33,Rio de Janeiro,RJ,3,Sudeste,SE,,,924.295,-23.148065795087252,-44.70700674909205
4216255,São João do Oeste,420009,São Miguel do Oeste,4204,Chapecó,42,Santa Catarina,SC,4,Sul,S,,,163.589,-27.091622988160605,-53.59172841578593
4305371,Charrua,430032,Tapejara - Sananduva,4306,Passo Fundo,43,Rio Grande do Sul,RS,4,Sul,S,,,198.748,-27.945018826244105,-52.00044270771622
3532702,Nipoã,350025,São José do Rio Preto,3507,São José do Rio Preto,35,São Paulo,SP,3,Sudeste,SE,,,137.609,-20.891605728561704,-49.778243894730224
5208152,Gameleira de Goiás,520002,Anápolis,5201,Goiânia,52,Goiás,GO,5,Centro-oeste,CO,,,588.328,-16.403418389821272,-48.673750353003776
3115805,Centralina,310059,Uberlândia,3111,Uberlândia,31,Minas Gerais,MG,3,Sudeste,SE,,,322.385,-18.632544511633597,-49.16251488133957
1300839,Caapiranga,130004,Manacapuru,1301,Manaus,13,Amazonas,AM,1,Norte,N,,,9743.918,-3.0737874615691996,-61.87348684529062
2105963,Lagoa Grande do Maranhão,210010,Bacabal,2102,Santa Inês - Bacabal,21,Maranhão,MA,2,Nordeste,NE,,,744.199,-4.929709848276677,-45.40303251832081
3148509,Pavão,310013,Teófilo Otoni,3103,Teófilo Otoni,31,Minas Gerais,MG,3,Sudeste,SE,,,601.19,-17.471519546199787,-41.06162372494765
2919058,Lajedo do Tabocal,290012,Jequié,2904,Vitória da Conquista,29,Bahia,BA,2,Nordeste,NE,,,382.937,-13.460224864120216,-40.28225856067326
3541000,Praia Grande,350002,Santos,3501,São Paulo,35,São Paulo,SP,3,Sudeste,SE,3548500,Baixada Santista/SP,149.652,-24.015597316630938,-46.522719852419314
4101655,Arapuã,410025,Ivaiporã,4105,Londrina,41,Paraná,PR,4,Sul,S,,,217.599,-24.343647450922003,-51.815370952069706
4305355,Charqueadas,430006,Charqueadas - Triunfo - São Jerônimo,4301,Porto Alegre,43,Rio Grande do Sul,RS,4,Sul,S,,,217.362,-29.990201881037198,-51.556209560024854
2706505,Passo de Camaragibe,270002,Porto Calvo - São Luís do Quitunde,2701,Maceió,27,Alagoas,AL,2,Nordeste,NE,,,251.169,-9.256040264160324,-35.499958400571735
2605004,Cupira,260009,Caruaru,2602,Caruaru,26,Pernambuco,PE,2,Nordeste,NE,,,95.149,-8.58300945050284,-35.93138107964006
2927606,Santa Brígida,290024,Paulo Afonso,2909,Paulo Afonso,29,Bahia,BA,2,Nordeste,NE,,,934.46,-9.769364848315446,-38.16941009886383
4321832,Três Forquilhas,430008,Torres,4301,Porto Alegre,43,Rio Grande do Sul,RS,4,Sul,S,,,217.386,-29.428480719158525,-50.08538176883334
3132008,Itacambira,310006,Montes Claros,3102,Montes Claros,31,Minas Gerais,MG,3,Sudeste,SE,,,1788.445,-16.935005584594755,-43.32881741536625
4313656,Palmares do Sul,430001,Porto Alegre,4301,Porto Alegre,43,Rio Grande do Sul,RS,4,Sul,S,,,949.201,-30.362369637336215,-50.449213731648854
2613305,São Joaquim do Monte,260009,Caruaru,2602,Caruaru,26,Pernambuco,PE,2,Nordeste,NE,,,224.624,-8.45380676529862,-35.843836008761606
3108255,Bonito de Minas,310009,Januária,3102,Montes Claros,31,Minas Gerais,MG,3,Sudeste,SE,,,3936.455,-14.992765014660202,-44.89675539280076
2105948,Lago dos Rodrigues,210012,Pedreiras,2102,Santa Inês - Bacabal,21,Maranhão,MA,2,Nordeste,NE,,,220.776,-4.588604853051574,-44.930918156836846
3524501,Jaci,350025,São José do Rio Preto,3507,São José do Rio Preto,35,São Paulo,SP,3,Sudeste,SE,3549805,São José do Rio Preto/SP,145.133,-20.945041771860907,-49.58116248454071
5216809,Petrolina de Goiás,520002,Anápolis,5201,Goiânia,52,Goiás,GO,5,Centro-oeste,CO,,,530.49,-16.111689802698727,-49.31584445747338
3557204,Chavantes,350015,Ourinhos,3504,Marília,35,São Paulo,SP,3,Sudeste,SE,,,188.727,-23.046333818867623,-49.72653911922919
3540853,Pracinha,350019,Adamantina - Lucélia,3505,Presidente Prudente,35,São Paulo,SP,3,Sudeste,SE,,,63.141,-21.837544958584974,-51.07528529445882
4101507,Arapongas,410021,Londrina,4105,Londrina,41,Paraná,PR,4,Sul,S,4101507,Arapongas,383.37,-23.440947091989088,-51.42789521203433
3148608,Peçanha,310021,Guanhães,3104,Governador Valadares,31,Minas Gerais,MG,3,Sudeste,SE,,,996.646,-18.557060399206804,-42.51036293538129
2203354,Dirceu Arcoverde,220013,São Raimundo Nonato,2204,São Raimundo Nonato,22,Piauí,PI,2,Nordeste,NE,,,1005.572,-9.329754722058453,-42.460121903677795
3516309,Francisco Morato,350001,São Paulo,3501,São Paulo,35,São Paulo,SP,3,Sudeste,SE,3550308,São Paulo/SP,49.001,-23.273708057893135,-46.7235084543191
2919405,Licínio de Almeida,290016,Guanambi,2905,Guanambi,29,Bahia,BA,2,Nordeste,NE,,,856.626,-14.586021204359646,-42.470101192666114
4321808,Três de Maio,430023,Três de Maio,4305,Ijuí,43,Rio Grande do Sul,RS,4,Sul,S,,,421.604,-27.731570658289545,-54.26532108833145
2706604,Paulo Jacinto,270008,Palmeira dos Índios,2702,Arapiraca,27,Alagoas,AL,2,Nordeste,NE,,,118.457,-9.377625804900523,-36.40941422863167
1505304,Oriximiná,150017,Oriximiná,1505,Santarém,15,Pará,PA,1,Norte,N,,,107560.161,0.25415742035491706,-57.14986051700065
2605103,Custódia,260011,Arcoverde,2602,Caruaru,26,Pernambuco,PE,2,Nordeste,NE,,,1382.059,-8.170487752673862,-37.67933800379897
3123809,Engenheiro Navarro,310006,Montes Claros,3102,Montes Claros,31,Minas Gerais,MG,3,Sudeste,SE,,,608.306,-17.29649081886894,-44.014038920430686
4305454,Cidreira,430003,Tramandaí - Osório,4301,Porto Alegre,43,Rio Grande do Sul,RS,4,Sul,S,,,243.419,-30.121018967220913,-50.27219163730762
3549003,São Francisco,350028,Jales,3507,São José do Rio Preto,35,São Paulo,SP,3,Sudeste,SE,,,75.579,-20.365799377637565,-50.675865492989274
4305447,Chuvisca,430005,Camaquã,4301,Porto Alegre,43,Rio Grande do Sul,RS,4,Sul,S,,,220.471,-30.781982889339865,-52.00476580808542
4321667,Três Cachoeiras,430008,Torres,4301,Porto Alegre,43,Rio Grande do Sul,RS,4,Sul,S,,,251.483,-29.474434808091882,-49.96318870247915
4216206,São Francisco do Sul,420016,Joinville,4206,Joinville,42,Santa Catarina,SC,4,Sul,S,,,493.266,-26.261614029239272,-48.640482017274046
3557303,Estiva Gerbi,350043,Mogi Guaçu,3510,Campinas,35,São Paulo,SP,3,Sudeste,SE,3530706,Mogi Guaçu - Mogi Mirim/SP,74.144,-22.236073818513145,-46.94307830215597
3164803,São Sebastião do Rio Preto,310005,Itabira,3101,Belo Horizonte,31,Minas Gerais,MG,3,Sudeste,SE,,,128.002,-19.30050421496798,-43.219483154161644
5200050,Abadia de Goiás,520001,Goiânia,5201,Goiânia,52,Goiás,GO,5,Centro-oeste,CO,5208707,Goiânia/GO,143.357,-16.785571533152215,-49.452097910196095
4305439,Chuí,430009,Pelotas,4302,Pelotas,43,Rio Grande do Sul,RS,4,Sul,S,,,202.387,-33.652536764990884,-53.41273508208688
4109658,Honório Serpa,410010,Pato Branco,4103,Cascavel,41,Paraná,PR,4,Sul,S,,,503.896,-26.162444063401022,-52.37240969537643
2310407,Paramoti,230004,Canindé,2301,Fortaleza,23,Ceará,CE,2,Nordeste,NE,,,539.238,-4.159828247845828,-39.37708842168088
3508108,Buritama,350023,Birigui - Penápolis,3506,Araçatuba,35,São Paulo,SP,3,Sudeste,SE,,,327.344,-21.049036787937574,-50.20025329062932
4215554,Santa Helena,420009,São Miguel do Oeste,4204,Chapecó,42,Santa Catarina,SC,4,Sul,S,,,81.004,-26.921955585739706,-53.61965218957376
4313607,Paim Filho,430032,Tapejara - Sananduva,4306,Passo Fundo,43,Rio Grande do Sul,RS,4,Sul,S,,,181.998,-27.722106848012366,-51.78026272655427
2911501,Gongogi,290014,Ipiaú,2904,Vitória da Conquista,29,Bahia,BA,2,Nordeste,NE,,,202.194,-14.28058920624934,-39.58189985331668
3540200,Pontal,350031,Ribeirão Preto,3508,Ribeirão Preto,35,São Paulo,SP,3,Sudeste,SE,,,356.371,-20.984578817450497,-48.06442119900613
1713601,Monte do Carmo,170002,Porto Nacional,1701,Palmas,17,Tocantins,TO,1,Norte,N,,,3601.205,-10.747619659749253,-48.017213139960326
2203453,Dom Inocêncio,220013,São Raimundo Nonato,2204,São Raimundo Nonato,22,Piauí,PI,2,Nordeste,NE,,,3871.83,-8.917867971719595,-41.92249984464286
1300904,Canutama,130008,Lábrea,1303,Lábrea,13,Amazonas,AM,1,Norte,N,,,33671.791,-7.298811280514608,-64.06289594190606
3115607,Cedro do Abaeté,310070,Abaeté,3113,Divinópolis,31,Minas Gerais,MG,3,Sudeste,SE,,,283.211,-19.12089521110808,-45.69862622425823
3123908,Entre Rios de Minas,310038,Conselheiro Lafaiete,3107,Barbacena,31,Minas Gerais,MG,3,Sudeste,SE,,,456.796,-20.70515572206824,-44.0948234460388
3303856,Paty do Alferes,330006,Valença,3302,Volta Redonda - Barra Mansa,33,Rio de Janeiro,RJ,3,Sudeste,SE,,,314.341,-22.36702489563156,-43.40397486983801
3532009,Morungaba,350039,Jundiaí,3510,Campinas,35,São Paulo,SP,3,Sudeste,SE,,,146.752,-22.89386119582041,-46.782544424922946
4313466,Novo Xingu,430028,Carazinho,4306,Passo Fundo,43,Rio Grande do Sul,RS,4,Sul,S,,,79.851,-27.74425721264199,-53.05848296813008
3549102,São João da Boa Vista,350044,São João da Boa Vista,3510,Campinas,35,São Paulo,SP,3,Sudeste,SE,,,516.399,-21.977966576519936,-46.80220266786062
4126108,São Tomé,410018,Cianorte,4104,Maringá,41,Paraná,PR,4,Sul,S,,,218.623,-23.524490629792858,-52.53878423179947
2613107,São Caitano,260009,Caruaru,2602,Caruaru,26,Pernambuco,PE,2,Nordeste,NE,,,382.483,-8.328833709040076,-36.148003690720216
4109757,Ibema,410006,Cascavel,4103,Cascavel,41,Paraná,PR,4,Sul,S,,,146.547,-25.15205606323421,-53.02410940627488
3156601,Rubim,310015,Almenara,3103,Teófilo Otoni,31,Minas Gerais,MG,3,Sudeste,SE,,,965.174,-16.463875586669435,-40.49423805432962
2211605,Vila Nova do Piauí,220009,Picos,2203,Picos,22,Piauí,PI,2,Nordeste,NE,,,221.627,-7.202113534543737,-40.93614444931884
2310258,Paraipaba,230001,Fortaleza,2301,Fortaleza,23,Ceará,CE,2,Nordeste,NE,,,289.231,-3.4222713226693995,-39.17929702813304
4321634,Três Arroios,430026,Erechim,4306,Passo Fundo,43,Rio Grande do Sul,RS,4,Sul,S,,,148.601,-27.492572651654783,-52.180162636188356
2106003,Lima Campos,210012,Pedreiras,2102,Santa Inês - Bacabal,21,Maranhão,MA,2,Nordeste,NE,,,321.932,-4.556896354032057,-44.464742185439825
2203420,Domingos Mourão,220007,Piripiri,2202,Parnaíba,22,Piauí,PI,2,Nordeste,NE,,,848.705,-4.255217741051871,-41.30989672292123
4321626,Travesseiro,430041,Lajeado,4308,Santa Cruz do Sul - Lajeado,43,Rio Grande do Sul,RS,4,Sul,S,,,80.681,-29.282676719186284,-52.087564316224835
2514206,São José da Lagoa Tapada,250014,Sousa,2504,Sousa - Cajazeiras,25,Paraíba,PB,2,Nordeste,NE,,,333.724,-6.941339200209646,-38.13958073229683
3115706,Central de Minas,310022,Mantena,3104,Governador Valadares,31,Minas Gerais,MG,3,Sudeste,SE,,,204.328,-18.768434200518364,-41.294862490621796
3540903,Pradópolis,350031,Ribeirão Preto,3508,Ribeirão Preto,35,São Paulo,SP,3,Sudeste,SE,,,164.386,-21.344638458187518,-48.08705702548103
4313441,Novo Tiradentes,430029,Frederico Westphalen,4306,Passo Fundo,43,Rio Grande do Sul,RS,4,Sul,S,,,75.428,-27.561813733865105,-53.16712180995268
3140605,Materlândia,310021,Guanhães,3104,Governador Valadares,31,Minas Gerais,MG,3,Sudeste,SE,,,280.53,-18.46126481658703,-43.046879095157465
4117909,Palotina,410008,Toledo,4103,Cascavel,41,Paraná,PR,4,Sul,S,,,651.237,-24.274636097661034,-53.82404042802357
4215505,Santa Cecília,420006,Curitibanos,4203,Lages,42,Santa Catarina,SC,4,Sul,S,,,1145.716,-26.926020395182043,-50.44622787294028
3148400,Paulistas,310021,Guanhães,3104,Governador Valadares,31,Minas Gerais,MG,3,Sudeste,SE,,,220.564,-18.4582013795123,-42.86527270513565
2604908,Cumaru,260009,Caruaru,2602,Caruaru,26,Pernambuco,PE,2,Nordeste,NE,,,291.429,-8.040118705513951,-35.720683008189596
5004304,Iguatemi,500006,Naviraí - Mundo Novo,5002,Dourados,50,Mato Grosso do Sul,MS,5,Centro-oeste,CO,,,2957.41,-23.434204069130164,-54.538300663646574
2203404,Dom Expedito Lopes,220009,Picos,2203,Picos,22,Piauí,PI,2,Nordeste,NE,,,218.808,-6.960050033156417,-41.69826894107125
2302057,Barroquinha,230018,Camocim,2306,Sobral,23,Ceará,CE,2,Nordeste,NE,,,385.59,-2.970624788973858,-41.173640675933335
3523800,Itobi,350047,São José do Rio Pardo - Mococa,3510,Campinas,35,São Paulo,SP,3,Sudeste,SE,,,138.986,-21.74897400839249,-46.92198977558317
1505106,Óbidos,150017,Oriximiná,1505,Santarém,15,Pará,PA,1,Norte,N,,,28009.656,-0.1696104507716456,-55.67486148224216
5101209,Araguainha,510016,Rondonópolis,5105,Rondonópolis,51,Mato Grosso,MT,5,Centro-oeste,CO,,,675.231,-16.750515381343163,-53.12127538628651
2106359,Marajá do Sena,210010,Bacabal,2102,Santa Inês - Bacabal,21,Maranhão,MA,2,Nordeste,NE,,,1402.593,-4.705012339566883,-45.62851601224379
4313425,Novo Machado,430019,Santa Rosa,4305,Ijuí,43,Rio Grande do Sul,RS,4,Sul,S,,,218.836,-27.544897972139946,-54.53729718034884
2506004,Esperança,250005,Campina Grande,2502,Campina Grande,25,Paraíba,PB,2,Nordeste,NE,,,157.851,-6.998173967740053,-35.89031754708333
3123858,Entre Folhas,310025,Caratinga,3105,Ipatinga,31,Minas Gerais,MG,3,Sudeste,SE,,,85.39,-19.65521241481659,-42.24163135095063
2706901,Pilar,270001,Maceió,2701,Maceió,27,Alagoas,AL,2,Nordeste,NE,,,259.646,-9.615333684388212,-36.00464848085016
2911303,Gentio do Ouro,290021,Xique-Xique - Barra,2907,Irecê,29,Bahia,BA,2,Nordeste,NE,,,3817.946,-11.410247521320748,-42.60520847688307
2203255,Curralinhos,220001,Teresina,2201,Teresina,22,Piauí,PI,2,Nordeste,NE,,,344.123,-5.616985231383092,-42.846947037658666
1300201,Atalaia do Norte,130006,Tabatinga,1302,Tefé,13,Amazonas,AM,1,Norte,N,,,76313.455,-5.710780090678693,-71.74677693593891
3515608,Fernando Prestes,350026,Catanduva,3507,São José do Rio Preto,35,São Paulo,SP,3,Sudeste,SE,,,169.99,-21.310275228443803,-48.695667912268235
3540259,Pontalinda,350028,Jales,3507,São José do Rio Preto,35,São Paulo,SP,3,Sudeste,SE,,,209.504,-20.450650728886572,-50.525099742939915
3132404,Itajubá,310052,Itajubá,3109,Pouso Alegre,31,Minas Gerais,MG,3,Sudeste,SE,3132404,Itajubá/MG,294.835,-22.421962531391816,-45.41440327762015
4109708,Ibaiti,410026,Ibaiti,4105,Londrina,41,Paraná,PR,4,Sul,S,,,902.797,-23.77696494170267,-50.28746105362214
4207304,Imbituba,420001,Florianópolis,4201,Florianópolis,42,Santa Catarina,SC,4,Sul,S,,,181.577,-28.194185926245616,-48.70275386038675
3523909,Itu,350003,Sorocaba,3502,Sorocaba,35,São Paulo,SP,3,Sudeste,SE,3523909,Itu - Salto/SP,640.719,-23.307144732767792,-47.28461883562846
4215604,Santa Rosa de Lima,420003,Tubarão,4202,Criciúma,42,Santa Catarina,SC,4,Sul,S,,,203.218,-28.011906575794477,-49.181865258172486
4321709,Três Coroas,430004,Taquara - Parobé - Igrejinha,4301,Porto Alegre,43,Rio Grande do Sul,RS,4,Sul,S,4321204,Taquara - Parobé - Igrejinha/RS,168.124,-29.483427322863726,-50.77781301021241
1505205,Oeiras do Pará,150002,Cametá,1501,Belém,15,Pará,PA,1,Norte,N,,,3852.291,-2.278918917173209,-49.90233023207328
4125407,São José da Boa Vista,410022,Santo Antônio da Platina,4105,Londrina,41,Paraná,PR,4,Sul,S,,,399.886,-23.958756879609016,-49.67109713532413
2707008,Pindoba,270006,Atalaia,2701,Maceió,27,Alagoas,AL,2,Nordeste,NE,,,117.576,-9.47581636632185,-36.285786759350664
2903235,Barro Alto,290020,Irecê,2907,Irecê,29,Bahia,BA,2,Nordeste,NE,,,414.506,-11.847991690427653,-41.83678640614743
3556602,Vera Cruz,350013,Marília,3504,Marília,35,São Paulo,SP,3,Sudeste,SE,3529005,Marília/SP,247.716,-22.2340581033927,-49.826194923367915
2805000,Pedra Mole,280004,Itabaiana,2802,Itabaiana,28,Sergipe,SE,2,Nordeste,NE,,,82.184,-10.624822997524953,-37.680115378812054
2211407,Várzea Grande,220002,Amarante - Água Branca - Regeneração,2201,Teresina,22,Piauí,PI,2,Nordeste,NE,,,236.453,-6.553610121475618,-42.225430959192565
3140555,Mata Verde,310015,Almenara,3103,Teófilo Otoni,31,Minas Gerais,MG,3,Sudeste,SE,,,227.539,-15.76145341741187,-40.702342494583355
3124203,Espera Feliz,310034,Carangola,3106,Juíz de Fora,31,Minas Gerais,MG,3,Sudeste,SE,,,317.638,-20.597288075276165,-41.92993747957811
2106326,Maracaçumé,210011,Governador Nunes Freire,2102,Santa Inês - Bacabal,21,Maranhão,MA,2,Nordeste,NE,,,635.758,-1.9842781960230007,-45.993957283997325
3515707,Ferraz de Vasconcelos,350001,São Paulo,3501,São Paulo,35,São Paulo,SP,3,Sudeste,SE,3550308,São Paulo/SP,29.58,-23.560976969878034,-46.37394459295687
4117222,Nova Santa Rosa,410013,Marechal Cândido Rondon,4103,Cascavel,41,Paraná,PR,4,Sul,S,,,204.665,-24.4403550899024,-53.9585386695104
3107604,Bom Jesus da Penha,310041,Passos,3108,Varginha,31,Minas Gerais,MG,3,Sudeste,SE,,,208.349,-21.013763691995816,-46.529054051211794
4207403,Imbuia,420024,Ituporanga,4207,Blumenau,42,Santa Catarina,SC,4,Sul,S,,,119.113,-27.50291286556377,-49.40652574614768
2203230,Currais,220016,Bom Jesus,2205,Corrente - Bom Jesus,22,Piauí,PI,2,Nordeste,NE,,,3156.695,-8.822489934841087,-44.673312405937544
2310308,Parambu,230014,Tauá,2305,Crateús,23,Ceará,CE,2,Nordeste,NE,,,2313.868,-6.304044991544023,-40.62765009598431
3532058,Motuca,350036,Araraquara,3509,Araraquara,35,São Paulo,SP,3,Sudeste,SE,,,228.651,-21.51382450561676,-48.170333680030545
4313508,Osório,430003,Tramandaí - Osório,4301,Porto Alegre,43,Rio Grande do Sul,RS,4,Sul,S,4321600,Tramandaí - Osório/RS,663.878,-29.9158940183449,-50.26753113136368
2911402,Glória,290024,Paulo Afonso,2909,Paulo Afonso,29,Bahia,BA,2,Nordeste,NE,,,1566.609,-9.229365833717065,-38.44476151415535
3540101,Pongaí,350012,Lins,3503,Bauru,35,São Paulo,SP,3,Sudeste,SE,,,183.399,-21.730188103628148,-49.35890699871811
2514008,São João do Cariri,250005,Campina Grande,2502,Campina Grande,25,Paraíba,PB,2,Nordeste,NE,,,612.963,-7.451276977750031,-36.4940433239732
4117214,Nova Santa Bárbara,410024,Cornélio Procópio - Bandeirantes,4105,Londrina,41,Paraná,PR,4,Sul,S,,,80.783,-23.592846760525003,-50.739268720078
4117206,Nova Olímpia,410016,Umuarama,4104,Maringá,41,Paraná,PR,4,Sul,S,,,136.347,-23.42670294625703,-53.07216684689699
3548401,Santópolis do Aguapeí,350023,Birigui - Penápolis,3506,Araçatuba,35,São Paulo,SP,3,Sudeste,SE,,,128.026,-21.6601953992451,-50.517984757676416
4125506,São José dos Pinhais,410001,Curitiba,4101,Curitiba,41,Paraná,PR,4,Sul,S,4106902,Curitiba/PR,945.509,-25.664453818710395,-49.095139285388406
5208608,Goianésia,520018,Ceres - Rialma - Goianésia,5205,Porangatu - Uruaçu,52,Goiás,GO,5,Centro-oeste,CO,,,1547.319,-15.275096487949234,-49.166448189215785
2407708,Montanhas,240003,Canguaretama,2401,Natal,24,Rio Grande do Norte,RN,2,Nordeste,NE,,,82.214,-6.504924302665857,-35.29092416081093
5004106,Guia Lopes da Laguna,500011,Jardim,5003,Corumbá,50,Mato Grosso do Sul,MS,5,Centro-oeste,CO,,,1225.426,-21.54164045440758,-55.99614168285276
2302107,Baturité,230003,Redenção-Acarape,2301,Fortaleza,23,Ceará,CE,2,Nordeste,NE,,,314.075,-4.383357410931783,-38.851001711268125
4313490,Novo Barreiro,430034,Palmeira das Missões,4306,Passo Fundo,43,Rio Grande do Sul,RS,4,Sul,S,,,123.344,-27.899529757752173,-53.11598619060246
3116001,Chalé,310028,Manhuaçu,3106,Juíz de Fora,31,Minas Gerais,MG,3,Sudeste,SE,,,212.674,-20.03097781798166,-41.65978352094621
2211506,Vera Mendes,220009,Picos,2203,Picos,22,Piauí,PI,2,Nordeste,NE,,,341.975,-7.5977098792970335,-41.51856577486253
2903201,Barreiras,290018,Barreiras,2906,Barreiras,29,Bahia,BA,2,Nordeste,NE,2903201,Barreiras,8059.305,-12.012754484271026,-45.542319271406164
2505808,Duas Estradas,250002,Guarabira,2501,João Pessoa,25,Paraíba,PB,2,Nordeste,NE,,,27.012,-6.720807532661522,-35.3956117776822
3531902,Morro Agudo,350034,São Joaquim da Barra - Orlândia,3508,Ribeirão Preto,35,São Paulo,SP,3,Sudeste,SE,,,1388.127,-20.688723869794956,-48.1533267980083
2514107,São João do Tigre,250007,Monteiro,2502,Campina Grande,25,Paraíba,PB,2,Nordeste,NE,,,812.617,-8.088917674532075,-36.78743882580772
4305306,Chapada,430028,Carazinho,4306,Passo Fundo,43,Rio Grande do Sul,RS,4,Sul,S,,,684.247,-28.09690824004037,-53.115081502300505
4109005,Guapirama,410022,Santo Antônio da Platina,4105,Londrina,41,Paraná,PR,4,Sul,S,,,189.372,-23.46798511664901,-50.07685748359163
2106409,Mata Roma,210003,Chapadinha,2101,São Luís,21,Maranhão,MA,2,Nordeste,NE,,,548.581,-3.625895772009324,-43.227380713944854
4117305,Ortigueira,410028,Telêmaco Borba,4106,Ponta Grossa,41,Paraná,PR,4,Sul,S,,,2431.67,-24.135076504397933,-50.947086353368114
1504505,Melgaço,150020,Breves,1507,Breves,15,Pará,PA,1,Norte,N,,,6772.778,-1.6075865502152789,-51.10388030128849
4321006,Tapera,430025,Passo Fundo,4306,Passo Fundo,43,Rio Grande do Sul,RS,4,Sul,S,,,179.935,-28.661376616621844,-52.86156835274135
2612471,Santa Cruz da Baixa Verde,260013,Serra Talhada,2603,Serra Talhada,26,Pernambuco,PE,2,Nordeste,NE,,,114.931,-7.849491557465891,-38.17571194368048
4117297,Novo Itacolomi,410023,Apucarana,4105,Londrina,41,Paraná,PR,4,Sul,S,,,159.639,-23.781850472943805,-51.53314621919328
4215406,Salto Veloso,420015,Videira,4205,Caçador,42,Santa Catarina,SC,4,Sul,S,,,104.974,-26.895725702106542,-51.42821944078467
2203305,Demerval Lobão,220001,Teresina,2201,Teresina,22,Piauí,PI,2,Nordeste,NE,,,220.047,-5.342086265395603,-42.67499536751391
3515657,Fernão,350013,Marília,3504,Marília,35,São Paulo,SP,3,Sudeste,SE,,,100.504,-22.36578943275293,-49.542363060859536
3116100,Chapada do Norte,310014,Capelinha,3103,Teófilo Otoni,31,Minas Gerais,MG,3,Sudeste,SE,,,830.833,-17.14736476491422,-42.41215628049671
3303203,Nilópolis,330001,Rio de Janeiro,3301,Rio de Janeiro,33,Rio de Janeiro,RJ,3,Sudeste,SE,3304557,Rio de Janeiro/RJ,19.393,-22.82106726053445,-43.42895121150007
3523701,Itirapuã,350033,Franca,3508,Ribeirão Preto,35,São Paulo,SP,3,Sudeste,SE,3516200,Franca/SP,161.118,-20.65756271380173,-47.16940312423441
2505907,Emas,250009,Patos,2503,Patos,25,Paraíba,PB,2,Nordeste,NE,,,248.226,-7.086601524002869,-37.74504479936584
1721109,Tocantínia,170004,Miracema do Tocantins,1701,Palmas,17,Tocantins,TO,1,Norte,N,,,2609.775,-9.603364361005665,-48.14091536790004
3148806,Pedra do Anta,310033,Viçosa,3106,Juíz de Fora,31,Minas Gerais,MG,3,Sudeste,SE,,,173.168,-20.59297501078276,-42.72132498239351
4125456,São José das Palmeiras,410008,Toledo,4103,Cascavel,41,Paraná,PR,4,Sul,S,,,182.627,-24.815406698495774,-54.120135689366045
4312807,Nova Araçá,430038,Nova Prata - Guaporé,4307,Caxias do Sul,43,Rio Grande do Sul,RS,4,Sul,S,,,74.623,-28.651021886396183,-51.74610120376089
2612455,Santa Cruz,260016,Araripina,2604,Petrolina,26,Pernambuco,PE,2,Nordeste,NE,,,1246.181,-8.291241971219485,-40.30231576898646
4109104,Guaporema,410018,Cianorte,4104,Maringá,41,Paraná,PR,4,Sul,S,,,200.407,-23.32510049070477,-52.82591747561289
2706802,Piaçabuçu,270003,Penedo,2701,Maceió,27,Alagoas,AL,2,Nordeste,NE,,,243.686,-10.38693756195743,-36.40173345955011
2106375,Maranhãozinho,210011,Governador Nunes Freire,2102,Santa Inês - Bacabal,21,Maranhão,MA,2,Nordeste,NE,,,781.676,-2.4108761467687874,-45.948382440378104
5101605,Barão de Melgaço,510001,Cuiabá,5101,Cuiabá,51,Mato Grosso,MT,5,Centro-oeste,CO,,,11374.872,-16.8103791854407,-56.029521449672245
1300102,Anori,130003,Coari,1301,Manaus,13,Amazonas,AM,1,Norte,N,,,6084.881,-4.200394512275448,-62.09580622247979
4304630,Capão da Canoa,430003,Tramandaí - Osório,4301,Porto Alegre,43,Rio Grande do Sul,RS,4,Sul,S,,,98.383,-29.67976135820143,-49.99980816310797
4117271,Nova Tebas,410005,Pitanga,4102,Guarapuava,41,Paraná,PR,4,Sul,S,,,545.662,-24.459803448134622,-51.94456691569833
5200258,Águas Lindas de Goiás,520020,Águas Lindas de Goiás,5206,Luziânia - Águas Lindas de Goiás,52,Goiás,GO,5,Centro-oeste,CO,5300108,Brasília/DF,191.817,-15.755753701948214,-48.28572973233432
3515509,Fernandópolis,350029,Fernandópolis,3507,São José do Rio Preto,35,São Paulo,SP,3,Sudeste,SE,,,549.797,-20.27177383617131,-50.28301906351897
3107406,Bom Despacho,310067,Dores do Indaiá,3113,Divinópolis,31,Minas Gerais,MG,3,Sudeste,SE,,,1213.546,-19.68451879140238,-45.28611536616371
4207205,Imaruí,420003,Tubarão,4202,Criciúma,42,Santa Catarina,SC,4,Sul,S,,,542.238,-28.231479223784554,-48.834412708721494
2927507,Santa Bárbara,290029,Feira de Santana,2910,Feira de Santana,29,Bahia,BA,2,Nordeste,NE,,,347.021,-11.939430943194756,-38.98230898390011
4304622,Capão Bonito do Sul,430033,Lagoa Vermelha,4306,Passo Fundo,43,Rio Grande do Sul,RS,4,Sul,S,,,526.85,-28.152387436266974,-51.38916558736454
2911709,Guanambi,290016,Guanambi,2905,Guanambi,29,Bahia,BA,2,Nordeste,NE,,,1272.367,-14.203956895410935,-42.820036059911345
1704600,Chapada de Areia,170003,Paraíso do Tocantins,1701,Palmas,17,Tocantins,TO,1,Norte,N,,,658.564,-10.165712805882729,-49.19567143378924
2203271,Curral Novo do Piauí,220010,Paulistana,2203,Picos,22,Piauí,PI,2,Nordeste,NE,,,755.252,-7.887709834119729,-40.7709278971194
4125308,São Jorge do Ivaí,410014,Maringá,4104,Maringá,41,Paraná,PR,4,Sul,S,,,315.088,-23.43503066704689,-52.316915348762116
3507456,Borebi,350009,Bauru,3503,Bauru,35,São Paulo,SP,3,Sudeste,SE,,,347.989,-22.680667494237387,-48.992319782406824
3204807,São José do Calçado,320008,Alegre,3204,Cachoeiro do Itapemirim,32,Espírito Santo,ES,3,Sudeste,SE,,,273.489,-20.982807418205805,-41.6556674139541
1504455,Medicilândia,150018,Altamira,1506,Altamira,15,Pará,PA,1,Norte,N,,,8272.629,-3.1602131698353677,-53.19499823348903
4117255,Nova Prata do Iguaçu,410012,Dois Vizinhos,4103,Cascavel,41,Paraná,PR,4,Sul,S,,,352.055,-25.59065849214401,-53.37836297634372
1300086,Anamã,130004,Manacapuru,1301,Manaus,13,Amazonas,AM,1,Norte,N,,,2382.521,-3.4997186237084357,-61.73116691375353
4304614,Canudos do Vale,430041,Lajeado,4308,Santa Cruz do Sul - Lajeado,43,Rio Grande do Sul,RS,4,Sul,S,,,82.943,-29.32701892145503,-52.23417098444078
2804904,Pacatuba,280003,Propriá,2801,Aracaju,28,Sergipe,SE,2,Nordeste,NE,,,381.428,-10.519137447604026,-36.6469659390215
2310605,Penaforte,230012,Brejo Santo,2304,Juazeiro do Norte,23,Ceará,CE,2,Nordeste,NE,,,150.536,-7.780403846833011,-39.053957232523246
4100905,Amaporã,410017,Paranavaí,4104,Maringá,41,Paraná,PR,4,Sul,S,,,384.91,-23.128669864702925,-52.83483447111885
4304606,Canoas,430001,Porto Alegre,4301,Porto Alegre,43,Rio Grande do Sul,RS,4,Sul,S,4314902,Porto Alegre/RS,130.774,-29.912214397764778,-51.17964521588421
3107505,Bom Jardim de Minas,310027,Juiz de Fora,3106,Juíz de Fora,31,Minas Gerais,MG,3,Sudeste,SE,,,412.021,-21.950061491404433,-44.126964237258534
5208400,Goianápolis,520002,Anápolis,5201,Goiânia,52,Goiás,GO,5,Centro-oeste,CO,,,166.642,-16.515008710625175,-49.066022675947806
2407500,Maxaranguape,240001,Natal,2401,Natal,24,Rio Grande do Norte,RN,2,Nordeste,NE,,,132.129,-5.451583162979631,-35.354494414268125
1720937,Taipas do Tocantins,170011,Dianópolis,1703,Gurupi,17,Tocantins,TO,1,Norte,N,,,1105.303,-12.139725046861106,-46.99372365526625
2903508,Belo Campo,290011,Vitória da Conquista,2904,Vitória da Conquista,29,Bahia,BA,2,Nordeste,NE,,,772.757,-14.998513802355413,-41.203840073929626
3148756,Pedra Bonita,310034,Carangola,3106,Juíz de Fora,31,Minas Gerais,MG,3,Sudeste,SE,,,173.928,-20.47664306859525,-42.37530185339372
2911808,Guaratinga,290009,Eunápolis - Porto Seguro,2903,Ilhéus - Itabuna,29,Bahia,BA,2,Nordeste,NE,,,2189.404,-16.55319083752697,-39.937688926256676
4117107,Nova Londrina,410017,Paranavaí,4104,Maringá,41,Paraná,PR,4,Sul,S,,,272.27,-22.7858624429041,-52.9550829090918
2919306,Lençóis,290034,Seabra,2910,Feira de Santana,29,Bahia,BA,2,Nordeste,NE,,,1282.981,-12.424914370632667,-41.33726387758192
1300060,Amaturá,130006,Tabatinga,1302,Tefé,13,Amazonas,AM,1,Norte,N,,,4658.391,-3.4171155958304964,-68.27805067500202
5003504,Douradina,500005,Dourados,5002,Dourados,50,Mato Grosso do Sul,MS,5,Centro-oeste,CO,,,280.235,-22.013898073355318,-54.58768744341738
2310704,Pentecoste,230005,Itapagé,2301,Fortaleza,23,Ceará,CE,2,Nordeste,NE,,,1379.836,-3.8538446070455907,-39.14603046381375
5200209,Água Limpa,520008,Caldas Novas-Morrinhos,5202,Itumbiara,52,Goiás,GO,5,Centro-oeste,CO,,,458.836,-18.079849818634667,-48.79110685756819
2106201,Luís Domingues,210011,Governador Nunes Freire,2102,Santa Inês - Bacabal,21,Maranhão,MA,2,Nordeste,NE,,,467.251,-1.390062161890721,-45.89172063461478
3204906,São Mateus,320003,São Mateus,3202,São Mateus,32,Espírito Santo,ES,3,Sudeste,SE,3204906,São Mateus,2346.048,-18.749578823061686,-40.02030193507605
2514404,São José de Espinharas,250009,Patos,2503,Patos,25,Paraíba,PB,2,Nordeste,NE,,,726.757,-6.813827256525137,-37.37977228207513
3115904,Chácara,310027,Juiz de Fora,3106,Juíz de Fora,31,Minas Gerais,MG,3,Sudeste,SE,3136702,Juiz de Fora/MG,152.807,-21.686638765951674,-43.213214738430786
5208509,Goiandira,520004,Catalão,5201,Goiânia,52,Goiás,GO,5,Centro-oeste,CO,5205109,Catalão/GO,569.917,-18.123110289388723,-48.138903077739116
4304705,Carazinho,430028,Carazinho,4306,Passo Fundo,43,Rio Grande do Sul,RS,4,Sul,S,,,666.694,-28.277871024606153,-52.86360883439024
4215455,Sangão,420003,Tubarão,4202,Criciúma,42,Santa Catarina,SC,4,Sul,S,,,82.984,-28.651314749968193,-49.125834164343026
2407609,Messias Targino,240009,Mossoró,2403,Mossoró,24,Rio Grande do Norte,RN,2,Nordeste,NE,,,142.607,-6.089912306521618,-37.48018568532007
5003488,Dois Irmãos do Buriti,500001,Campo Grande,5001,Campo Grande,50,Mato Grosso do Sul,MS,5,Centro-oeste,CO,,,2430.3,-20.600504863599856,-55.36234883368466
3303005,Miracema,330012,Santo Antônio de Pádua,3304,Campos dos Goytacazes,33,Rio de Janeiro,RJ,3,Sudeste,SE,,,303.27,-21.395583140026467,-42.15220001387559
4304697,Capitão,430041,Lajeado,4308,Santa Cruz do Sul - Lajeado,43,Rio Grande do Sul,RS,4,Sul,S,,,73.967,-29.283199923083224,-51.98432135969356
2903607,Biritinga,290033,Serrinha,2910,Feira de Santana,29,Bahia,BA,2,Nordeste,NE,,,553.762,-11.58532338930837,-38.792633264640635
3507407,Borborema,350036,Araraquara,3509,Araraquara,35,São Paulo,SP,3,Sudeste,SE,,,552.256,-21.610776967106993,-49.07199112772656
1720903,Taguatinga,170011,Dianópolis,1703,Gurupi,17,Tocantins,TO,1,Norte,N,,,2341.919,-12.387321728150487,-46.56568452243627
4108908,Guairaçá,410017,Paranavaí,4104,Maringá,41,Paraná,PR,4,Sul,S,,,496.289,-22.922486685824378,-52.740004589937804
5101407,Aripuanã,510009,Juína,5103,Sinop,51,Mato Grosso,MT,5,Centro-oeste,CO,,,24678.135,-10.179663938680907,-59.85630769276442
3165206,São Tomé das Letras,310045,Três Corações,3108,Varginha,31,Minas Gerais,MG,3,Sudeste,SE,,,369.747,-21.733340644899425,-44.963794222216286
4304689,Capela de Santana,430002,Novo Hamburgo - São Leopoldo,4301,Porto Alegre,43,Rio Grande do Sul,RS,4,Sul,S,4314902,Porto Alegre/RS,182.672,-29.705811636205237,-51.357395749510225
3556453,Vargem Grande Paulista,350001,São Paulo,3501,São Paulo,35,São Paulo,SP,3,Sudeste,SE,3550308,São Paulo/SP,42.489,-23.620887135617135,-47.01470525233046
2203602,Eliseu Martins,220019,Canto do Buriti,2206,Floriano,22,Piauí,PI,2,Nordeste,NE,,,1097.866,-7.970227518148441,-43.659341385206744
2302503,Brejo Santo,230012,Brejo Santo,2304,Juazeiro do Norte,23,Ceará,CE,2,Nordeste,NE,,,654.658,-7.55574008638794,-38.92125760552241
2926806,Rio do Antônio,290016,Guanambi,2905,Guanambi,29,Bahia,BA,2,Nordeste,NE,,,779.046,-14.31045902736788,-42.08417771405366
5200308,Alexânia,520002,Anápolis,5201,Goiânia,52,Goiás,GO,5,Centro-oeste,CO,,,846.876,-16.089161807198504,-48.48185700498426
2612505,Santa Cruz do Capibaribe,260009,Caruaru,2602,Caruaru,26,Pernambuco,PE,2,Nordeste,NE,,,335.309,-7.889567539989414,-36.32529469080359
5216007,Panamá,520007,Itumbiara,5202,Itumbiara,52,Goiás,GO,5,Centro-oeste,CO,,,432.204,-18.204592634027023,-49.403847171780015
2106300,Magalhães de Almeida,210007,Tutóia - Araioses,2101,São Luís,21,Maranhão,MA,2,Nordeste,NE,,,434.433,-3.299356689074749,-42.18349368076054
2506202,Frei Martinho,250006,Cuité - Nova Floresta,2502,Campina Grande,25,Paraíba,PB,2,Nordeste,NE,,,238.658,-6.4145015909939564,-36.44971345660379
4304671,Capivari do Sul,430001,Porto Alegre,4301,Porto Alegre,43,Rio Grande do Sul,RS,4,Sul,S,,,412.889,-30.13484399957746,-50.511836432383426
3140530,Martins Soares,310028,Manhuaçu,3106,Juíz de Fora,31,Minas Gerais,MG,3,Sudeste,SE,,,113.268,-20.258884989002873,-41.842667997178836
1300144,Apuí,130009,Manicoré,1303,Lábrea,13,Amazonas,AM,1,Norte,N,,,53617.189,-7.771037702395734,-59.42707378479192
3303104,Natividade,330011,Itaperuna,3304,Campos dos Goytacazes,33,Rio de Janeiro,RJ,3,Sudeste,SE,,,387.073,-21.041649889011254,-41.93126326169358
4100707,Alto Piquiri,410016,Umuarama,4104,Maringá,41,Paraná,PR,4,Sul,S,,,448.373,-24.09817761609933,-53.4021117094383
4304663,Capão do Leão,430009,Pelotas,4302,Pelotas,43,Rio Grande do Sul,RS,4,Sul,S,4314407,Pelotas/RS,783.197,-31.833341582120777,-52.538255522924565
3157005,Salinas,310008,Salinas,3102,Montes Claros,31,Minas Gerais,MG,3,Sudeste,SE,,,1862.117,-16.11113852307968,-42.15206907890034
4125357,São Jorge do Patrocínio,410016,Umuarama,4104,Maringá,41,Paraná,PR,4,Sul,S,,,404.018,-23.73847337062799,-53.94621766756696
4312708,Nonoai,430035,Nonoai,4306,Passo Fundo,43,Rio Grande do Sul,RS,4,Sul,S,,,468.962,-27.369501578128958,-52.85725072524833
3507506,Botucatu,350011,Botucatu,3503,Bauru,35,São Paulo,SP,3,Sudeste,SE,3507506,Botucatu,1481.772,-22.86336065365471,-48.46839957621533
1721000,Palmas,170001,Palmas,1701,Palmas,17,Tocantins,TO,1,Norte,N,1721000,Palmas,2227.329,-10.220182871964353,-48.152092015638274
4215802,São Bento do Sul,420018,São Bento do Sul - Rio Negrinho,4206,Joinville,42,Santa Catarina,SC,4,Sul,S,4215802,São Bento do Sul - Rio Negrinho/SC,495.001,-26.294963950712404,-49.35010775107767
2918605,Jussiape,290013,Brumado,2904,Vitória da Conquista,29,Bahia,BA,2,Nordeste,NE,,,589.763,-13.511310824527374,-41.598876419579994
2805208,Pinhão,280004,Itabaiana,2802,Itabaiana,28,Sergipe,SE,2,Nordeste,NE,,,156.4,-10.563348826751259,-37.758088235514876
2203701,Esperantina,220008,Esperantina,2202,Parnaíba,22,Piauí,PI,2,Nordeste,NE,,,911.736,-3.8233254579030596,-42.18994482685599
4304655,Capão do Cipó,430014,Santiago,4303,Santa Maria,43,Rio Grande do Sul,RS,4,Sul,S,,,1007.796,-28.959292625654264,-54.5823988886569
2604304,Cedro,260017,Salgueiro,2604,Petrolina,26,Pernambuco,PE,2,Nordeste,NE,,,148.746,-7.743823292803322,-39.203737956786604
2926905,Rio do Pires,290013,Brumado,2904,Vitória da Conquista,29,Bahia,BA,2,Nordeste,NE,,,656.223,-13.134755502181191,-42.14771183010479
3140506,Martinho Campos,310067,Dores do Indaiá,3113,Divinópolis,31,Minas Gerais,MG,3,Sudeste,SE,,,1058.418,-19.41227917239736,-45.19047871693621
2506301,Guarabira,250002,Guarabira,2501,João Pessoa,25,Paraíba,PB,2,Nordeste,NE,,,162.387,-6.877847968108365,-35.44801522055826
5207808,Firminópolis,520015,Palmeiras de Goiás,5204,São Luís de Montes Belos - Iporá,52,Goiás,GO,5,Centro-oeste,CO,,,422.34,-16.639931691901495,-50.3128465488844
4320859,Tabaí,430041,Lajeado,4308,Santa Cruz do Sul - Lajeado,43,Rio Grande do Sul,RS,4,Sul,S,,,94.754,-29.66707298577497,-51.730956126664985
2911600,Governador Mangabeira,290004,Cruz das Almas,2902,Santo Antônio de Jesus,29,Bahia,BA,2,Nordeste,NE,,,106.848,-12.583362900961816,-39.07235133434828
3204708,São Gabriel da Palha,320005,Colatina,3203,Colatina,32,Espírito Santo,ES,3,Sudeste,SE,,,434.887,-18.95271719932539,-40.508464443839145
4304507,Canguçu,430009,Pelotas,4302,Pelotas,43,Rio Grande do Sul,RS,4,Sul,S,,,3527.541,-31.21729066144766,-52.66951436059694
3515905,Floreal,350027,Votuporanga,3507,São José do Rio Preto,35,São Paulo,SP,3,Sudeste,SE,,,204.236,-20.669591976703884,-50.1548118293842
3107802,Bom Jesus do Galho,310025,Caratinga,3105,Ipatinga,31,Minas Gerais,MG,3,Sudeste,SE,,,592.289,-19.74230905271127,-42.35104109193954
2604155,Casinhas,260008,Surubim,2601,Recife,26,Pernambuco,PE,2,Nordeste,NE,,,116.833,-7.7560422105492615,-35.72038369187301
4207601,Ipira,420010,Concórdia,4204,Chapecó,42,Santa Catarina,SC,4,Sul,S,,,156.187,-27.370730864481164,-51.798779937188826
1720978,Talismã,170010,Gurupi,1703,Gurupi,17,Tocantins,TO,1,Norte,N,,,2155.503,-12.682171151932376,-49.04845320402109
2310506,Pedra Branca,230006,Quixadá,2302,Quixadá,23,Ceará,CE,2,Nordeste,NE,,,1328.779,-5.495945266898252,-39.84403873135306
4100806,Alvorada do Sul,410021,Londrina,4105,Londrina,41,Paraná,PR,4,Sul,S,,,424.25,-22.810644631582157,-51.25506490608928
1712801,Maurilândia do Tocantins,170008,Tocantinópolis,1702,Araguaína,17,Tocantins,TO,1,Norte,N,,,736.303,-6.023178208735626,-47.58994389854293
2918704,Lafaiete Coutinho,290012,Jequié,2904,Vitória da Conquista,29,Bahia,BA,2,Nordeste,NE,,,498.11,-13.641588098845752,-40.29257785766707
2805307,Pirambu,280001,Aracaju,2801,Aracaju,28,Sergipe,SE,2,Nordeste,NE,,,208.681,-10.653890797907271,-36.80503696670873
3132305,Itaipé,310013,Teófilo Otoni,3103,Teófilo Otoni,31,Minas Gerais,MG,3,Sudeste,SE,,,480.829,-17.409372985096002,-41.65936730110998
4312674,Nicolau Vergueiro,430025,Passo Fundo,4306,Passo Fundo,43,Rio Grande do Sul,RS,4,Sul,S,,,154.995,-28.52078381466654,-52.44836634535646
2514453,São José dos Ramos,250004,Itabaiana,2501,João Pessoa,25,Paraíba,PB,2,Nordeste,NE,,,100.642,-7.2418912053388835,-35.346377615854216
3165008,São Tiago,310039,São João del Rei,3107,Barbacena,31,Minas Gerais,MG,3,Sudeste,SE,,,572.4,-20.93853563686885,-44.56035484962057
2903409,Belmonte,290009,Eunápolis - Porto Seguro,2903,Ilhéus - Itabuna,29,Bahia,BA,2,Nordeste,NE,,,1920.631,-15.936496195041506,-39.173818768570754
2211704,Wall Ferraz,220009,Picos,2203,Picos,22,Piauí,PI,2,Nordeste,NE,,,317.278,-7.264095010119723,-41.88086336367868
2612307,Saloá,260010,Garanhuns,2602,Caruaru,26,Pernambuco,PE,2,Nordeste,NE,,,251.55,-8.991600091051229,-36.73894559243752
4215752,São Bernardino,420013,São Lourenço do Oeste,4204,Chapecó,42,Santa Catarina,SC,4,Sul,S,,,149.891,-26.487695379857353,-52.98761130025867
2407906,Monte das Gameleiras,240002,Santo Antônio - Passa e Fica - Nova Cruz,2401,Natal,24,Rio Grande do Norte,RN,2,Nordeste,NE,,,71.946,-6.429877667844922,-35.80903221092845
3556503,Várzea Paulista,350039,Jundiaí,3510,Campinas,35,São Paulo,SP,3,Sudeste,SE,3525904,Jundiaí/SP,35.048,-23.21937655249892,-46.82496955412158
4108957,Guamiranga,410004,Guarapuava,4102,Guarapuava,41,Paraná,PR,4,Sul,S,,,244.592,-25.170499604413752,-50.83968924714072
4207577,Iomerê,420015,Videira,4205,Caçador,42,Santa Catarina,SC,4,Sul,S,,,113.986,-26.987729967934268,-51.27550684318444
2302305,Bela Cruz,230017,Acaraú,2306,Sobral,23,Ceará,CE,2,Nordeste,NE,,,842.106,-3.0534602374363424,-40.30800190974637
3107901,Bom Repouso,310050,Pouso Alegre,3109,Pouso Alegre,31,Minas Gerais,MG,3,Sudeste,SE,,,229.845,-22.445809489857655,-46.18439034909437
4312658,Não-Me-Toque,430028,Carazinho,4306,Passo Fundo,43,Rio Grande do Sul,RS,4,Sul,S,,,361.689,-28.459398943815252,-52.82492141280004
2514305,São José de Caiana,250010,Itaporanga,2503,Patos,25,Paraíba,PB,2,Nordeste,NE,,,183.273,-7.260567956365998,-38.32662246954681
4117503,Paiçandu,410014,Maringá,4104,Maringá,41,Paraná,PR,4,Sul,S,4115200,Maringá/PR,170.824,-23.465061027886566,-52.122512702796044
3124104,Esmeraldas,310001,Belo Horizonte,3101,Belo Horizonte,31,Minas Gerais,MG,3,Sudeste,SE,3106200,Belo Horizonte/MG,909.727,-19.732993987118668,-44.30751861168859
2506251,Gado Bravo,250005,Campina Grande,2502,Campina Grande,25,Paraíba,PB,2,Nordeste,NE,,,192.42,-7.589765676137003,-35.812420295933855
3156809,Sabinópolis,310021,Guanhães,3104,Governador Valadares,31,Minas Gerais,MG,3,Sudeste,SE,,,919.811,-18.65089752898185,-43.063516421429426
3165107,São Tomás de Aquino,310047,São Sebastião do Paraíso,3108,Varginha,31,Minas Gerais,MG,3,Sudeste,SE,,,277.928,-20.786165525362723,-47.127224756922814
5100805,Apiacás,510010,Alta Floresta,5103,Sinop,51,Mato Grosso,MT,5,Centro-oeste,CO,,,20488.646,-8.758661102645446,-57.825991984618916
3507308,Boracéia,350010,Jaú,3503,Bauru,35,São Paulo,SP,3,Sudeste,SE,,,122.11,-22.170147353883,-48.78833118193746
4207684,Ipuaçu,420011,Xanxerê,4204,Chapecó,42,Santa Catarina,SC,4,Sul,S,,,261.13,-26.678739352300944,-52.47602495824497
2203503,Elesbão Veloso,220002,Amarante - Água Branca - Regeneração,2201,Teresina,22,Piauí,PI,2,Nordeste,NE,,,1383.976,-6.184844558902504,-42.19348797978024
3540507,Porangaba,350008,Tatuí,3502,Sorocaba,35,São Paulo,SP,3,Sudeste,SE,,,265.968,-23.173835521454805,-48.117437045638724
3139805,Mar de Espanha,310035,São João Nepomuceno - Bicas,3106,Juíz de Fora,31,Minas Gerais,MG,3,Sudeste,SE,,,371.6,-21.877680516481643,-43.01857333583261
2926707,Rio de Contas,290013,Brumado,2904,Vitória da Conquista,29,Bahia,BA,2,Nordeste,NE,,,1115.252,-13.581611785797012,-41.746576587227466
2408003,Mossoró,240009,Mossoró,2403,Mossoró,24,Rio Grande do Norte,RN,2,Nordeste,NE,2408003,Mossoró,2099.334,-5.175810187105691,-37.32552952630385
1721307,Tupiratins,170007,Colinas do Tocantins,1702,Araguaína,17,Tocantins,TO,1,Norte,N,,,889.126,-8.356587101240978,-48.21068209939021
2302404,Boa Viagem,230004,Canindé,2301,Fortaleza,23,Ceará,CE,2,Nordeste,NE,,,2835.037,-5.087822886068879,-39.80790917451066
3303401,Nova Friburgo,330008,Nova Friburgo,3303,Petrópolis,33,Rio de Janeiro,RJ,3,Sudeste,SE,3303401,Nova Friburgo,935.429,-22.319120468294805,-42.50103440071333
2604106,Caruaru,260009,Caruaru,2602,Caruaru,26,Pernambuco,PE,2,Nordeste,NE,2604106,Caruaru,919.069,-8.179874533533571,-36.01744930276694
2506103,Fagundes,250005,Campina Grande,2502,Campina Grande,25,Paraíba,PB,2,Nordeste,NE,,,185.061,-7.391235813585079,-35.78007091128264
3548302,Santo Expedito,350018,Presidente Prudente,3505,Presidente Prudente,35,São Paulo,SP,3,Sudeste,SE,3541406,Presidente Prudente/SP,94.465,-21.824858461731043,-51.37022137328625
4312757,Nova Alvorada,430030,Marau,4306,Passo Fundo,43,Rio Grande do Sul,RS,4,Sul,S,,,148.861,-28.708009069975304,-52.17141702450812
2612406,Sanharó,260012,Belo Jardim - Pesqueira,2602,Caruaru,26,Pernambuco,PE,2,Nordeste,NE,,,268.065,-8.36478654402723,-36.54948252705019
5108956,Nova Monte Verde,510010,Alta Floresta,5103,Sinop,51,Mato Grosso,MT,5,Centro-oeste,CO,,,5139.307,-9.97018572289575,-57.24565622040095
1504422,Marituba,150001,Belém,1501,Belém,15,Pará,PA,1,Norte,N,1501402,Belém/PA,103.214,-1.3974502514463019,-48.31978976253754
2911659,Guajeru,290016,Guanambi,2905,Guanambi,29,Bahia,BA,2,Nordeste,NE,,,871.975,-14.559087998261239,-41.98639636886523
4109302,Guaraniaçu,410006,Cascavel,4103,Cascavel,41,Paraná,PR,4,Sul,S,,,1237.77,-25.055129125987936,-52.863219372196
5215900,Palminópolis,520015,Palmeiras de Goiás,5204,São Luís de Montes Belos - Iporá,52,Goiás,GO,5,Centro-oeste,CO,,,393.326,-16.820411587753277,-50.19407292444979
3156908,Sacramento,310055,Uberaba,3110,Uberaba,31,Minas Gerais,MG,3,Sudeste,SE,,,3073.268,-19.90448786266815,-47.26637887060398
3131604,Iraí de Minas,310061,Monte Carmelo,3111,Uberlândia,31,Minas Gerais,MG,3,Sudeste,SE,,,356.264,-19.043932784607474,-47.457509345855335
3139904,Maria da Fé,310052,Itajubá,3109,Pouso Alegre,31,Minas Gerais,MG,3,Sudeste,SE,,,202.898,-22.32247045325209,-45.31353948841717
3532306,Natividade da Serra,350050,Taubaté - Pindamonhangaba,3511,São José dos Campos,35,São Paulo,SP,3,Sudeste,SE,,,834.281,-23.41504908196952,-45.38131312727175
4320909,Tapejara,430032,Tapejara - Sananduva,4306,Passo Fundo,43,Rio Grande do Sul,RS,4,Sul,S,,,238.082,-28.05853136971746,-52.01078332252959
2918506,Jussara,290020,Irecê,2907,Irecê,29,Bahia,BA,2,Nordeste,NE,,,1355.173,-10.925533451178094,-41.880302180188416
2805109,Pedrinhas,280002,Estância,2801,Aracaju,28,Sergipe,SE,2,Nordeste,NE,,,33.344,-11.204419871879006,-37.65815221630453
1504406,Marapanim,150004,Castanhal,1502,Castanhal,15,Pará,PA,1,Norte,N,,,804.625,-0.837412833147928,-47.70981299544218
2604205,Catende,260003,Palmares,2601,Recife,26,Pernambuco,PE,2,Nordeste,NE,,,208.594,-8.675535272651551,-35.73093627869264
4207650,Iporã do Oeste,420009,São Miguel do Oeste,4204,Chapecó,42,Santa Catarina,SC,4,Sul,S,,,201.118,-27.000490590761462,-53.48944260712715
2706208,Palestina,270011,Pão de Açúcar - Olho d'Água das Flores - Batalha,2702,Arapiraca,27,Alagoas,AL,2,Nordeste,NE,,,38.189,-9.689340529191302,-37.30250827186023
4117453,Ouro Verde do Oeste,410008,Toledo,4103,Cascavel,41,Paraná,PR,4,Sul,S,4127700,Toledo/PR,293.042,-24.793795169744705,-53.90968191227998
4101101,Andirá,410022,Santo Antônio da Platina,4105,Londrina,41,Paraná,PR,4,Sul,S,,,234.635,-23.018154289120123,-50.27199391838661
4125753,São Pedro do Iguaçu,410008,Toledo,4103,Cascavel,41,Paraná,PR,4,Sul,S,,,309.1,-24.90635870775799,-53.89106746260704
3148707,Pedra Azul,310018,Pedra Azul,3103,Teófilo Otoni,31,Minas Gerais,MG,3,Sudeste,SE,,,1594.651,-15.955068994890505,-41.18423424612107
2105658,Junco do Maranhão,210011,Governador Nunes Freire,2102,Santa Inês - Bacabal,21,Maranhão,MA,2,Nordeste,NE,,,568.499,-1.9184826935861612,-46.11787542404608
3107703,Bom Jesus do Amparo,310005,Itabira,3101,Belo Horizonte,31,Minas Gerais,MG,3,Sudeste,SE,,,195.611,-19.71766745782119,-43.468641665970395
4215679,Santa Terezinha,420022,Rio do Sul,4207,Blumenau,42,Santa Catarina,SC,4,Sul,S,,,715.551,-26.66760287841292,-50.00529593799678
3123403,Doresópolis,310049,Piumhi,3108,Varginha,31,Minas Gerais,MG,3,Sudeste,SE,,,152.912,-20.291679098465995,-45.887050419781666
3532157,Nantes,350018,Presidente Prudente,3505,Presidente Prudente,35,São Paulo,SP,3,Sudeste,SE,,,286.444,-22.59688303072255,-51.20080315435346
3131703,Itabira,310005,Itabira,3101,Belo Horizonte,31,Minas Gerais,MG,3,Sudeste,SE,3131703,Itabira,1254.607,-19.600699855338934,-43.29978502634442
3164407,São Sebastião da Bela Vista,310050,Pouso Alegre,3109,Pouso Alegre,31,Minas Gerais,MG,3,Sudeste,SE,,,167.428,-22.16126913393001,-45.77594857831301
3524105,Ituverava,350035,Ituverava,3508,Ribeirão Preto,35,São Paulo,SP,3,Sudeste,SE,,,704.659,-20.329528535620646,-47.80959795463909
5003454,Deodápolis,500005,Dourados,5002,Dourados,50,Mato Grosso do Sul,MS,5,Centro-oeste,CO,,,828.45,-22.156078906472818,-54.15206989675569
1713205,Miracema do Tocantins,170004,Miracema do Tocantins,1701,Palmas,17,Tocantins,TO,1,Norte,N,,,2663.745,-9.754160555128768,-48.5514678912002
1300508,Barreirinha,130010,Parintins,1304,Parintins,13,Amazonas,AM,1,Norte,N,,,5658.561,-3.1282727249235407,-57.17438181683004
4313086,Nova Pádua,430036,Caxias do Sul,4307,Caxias do Sul,43,Rio Grande do Sul,RS,4,Sul,S,,,102.648,-29.000994547648162,-51.31589367723894
1504752,Mojuí dos Campos,150015,Santarém,1505,Santarém,15,Pará,PA,1,Norte,N,,,4988.239,-3.0704399884573834,-54.5751530818386
2407807,Monte Alegre,240001,Natal,2401,Natal,24,Rio Grande do Norte,RN,2,Nordeste,NE,,,211.259,-6.098758571213539,-35.40506483435892
3205101,Viana,320001,Vitória,3201,Vitória,32,Espírito Santo,ES,3,Sudeste,SE,3205309,Vitória/ES,312.278,-20.401053880344634,-40.512742191954956
3540309,Pontes Gestal,350027,Votuporanga,3507,São José do Rio Preto,35,São Paulo,SP,3,Sudeste,SE,,,217.505,-20.174828253873105,-49.75737978859256
4215653,Santa Rosa do Sul,420004,Araranguá,4202,Criciúma,42,Santa Catarina,SC,4,Sul,S,,,150.299,-29.121482515808783,-49.743750638165345
3123502,Douradoquara,310061,Monte Carmelo,3111,Uberlândia,31,Minas Gerais,MG,3,Sudeste,SE,,,312.878,-18.437367514485263,-47.60439265147508
3156205,Rochedo de Minas,310035,São João Nepomuceno - Bicas,3106,Juíz de Fora,31,Minas Gerais,MG,3,Sudeste,SE,,,79.402,-21.641013895701263,-43.0285645100283
3556909,Vista Alegre do Alto,350026,Catanduva,3507,São José do Rio Preto,35,São Paulo,SP,3,Sudeste,SE,,,95.429,-21.17669800628041,-48.64942117682325
4313060,Nova Hartz,430002,Novo Hamburgo - São Leopoldo,4301,Porto Alegre,43,Rio Grande do Sul,RS,4,Sul,S,4314902,Porto Alegre/RS,62.088,-29.585470475746042,-50.89910483243775
4125704,São Miguel do Iguaçu,410007,Foz do Iguaçu,4103,Cascavel,41,Paraná,PR,4,Sul,S,,,852.133,-25.387480840246415,-54.26199413441563
2612703,Santa Maria do Cambucá,260008,Surubim,2601,Recife,26,Pernambuco,PE,2,Nordeste,NE,,,92.148,-7.824747817079814,-35.882897096613824
2105609,Joselândia,210012,Pedreiras,2102,Santa Inês - Bacabal,21,Maranhão,MA,2,Nordeste,NE,,,703.094,-5.016048274938456,-44.75558425063379
2105476,Jenipapo dos Vieiras,210020,Barra do Corda,2105,Imperatriz,21,Maranhão,MA,2,Nordeste,NE,,,1962.362,-5.392409650934521,-45.57583649208077
3532108,Murutinga do Sul,350024,Andradina,3506,Araçatuba,35,São Paulo,SP,3,Sudeste,SE,,,250.873,-20.996762040023537,-51.30144183272043
3540408,Populina,350028,Jales,3507,São José do Rio Preto,35,São Paulo,SP,3,Sudeste,SE,,,315.938,-19.907280304941505,-50.51729468410457
3139706,Maravilhas,310068,Pará de Minas,3113,Divinópolis,31,Minas Gerais,MG,3,Sudeste,SE,,,261.604,-19.5011921069882,-44.67125183050548
3205069,Venda Nova do Imigrante,320002,Afonso Cláudio - Venda Nova do Imigrante - Santa Maria de Jetibá,3201,Vitória,32,Espírito Santo,ES,3,Sudeste,SE,,,185.909,-20.37042901174019,-41.14021990739885
2918555,Jussari,290010,Camacan,2903,Ilhéus - Itabuna,29,Bahia,BA,2,Nordeste,NE,,,327.998,-15.136599831774758,-39.49774822648449
3115300,Cataguases,310032,Cataguases,3106,Juíz de Fora,31,Minas Gerais,MG,3,Sudeste,SE,,,491.767,-21.34241486015879,-42.67405707240015
1721208,Tocantinópolis,170008,Tocantinópolis,1702,Araguaína,17,Tocantins,TO,1,Norte,N,,,1083.6,-6.256849819786403,-47.53807173447035
3303302,Niterói,330001,Rio de Janeiro,3301,Rio de Janeiro,33,Rio de Janeiro,RJ,3,Sudeste,SE,3304557,Rio de Janeiro/RJ,133.757,-22.915096914873125,-43.05466061633703
3148004,Patos de Minas,310062,Patos de Minas,3112,Patos de Minas,31,Minas Gerais,MG,3,Sudeste,SE,3148004,Patos de Minas,3190.456,-18.597042338167547,-46.50772705201058
4125555,São Manoel do Paraná,410018,Cianorte,4104,Maringá,41,Paraná,PR,4,Sul,S,,,95.381,-23.372318047363105,-52.612408543452894
3548708,São Bernardo do Campo,350001,São Paulo,3501,São Paulo,35,São Paulo,SP,3,Sudeste,SE,3550308,São Paulo/SP,408.234,-23.812985527352467,-46.55070680409325
3507704,Braúna,350023,Birigui - Penápolis,3506,Araçatuba,35,São Paulo,SP,3,Sudeste,SE,3506508,Birigui/SP,195.176,-21.55310707003207,-50.33939251325257
4313037,Nova Esperança do Sul,430014,Santiago,4303,Santa Maria,43,Rio Grande do Sul,RS,4,Sul,S,,,191.772,-29.40344671754208,-54.82171317289772
5108857,Nova Marilândia,510003,Diamantino,5101,Cuiabá,51,Mato Grosso,MT,5,Centro-oeste,CO,,,1905.744,-14.290429747883543,-57.257443720756626
2706000,Olivença,270010,Santana do Ipanema,2702,Arapiraca,27,Alagoas,AL,2,Nordeste,NE,,,174.188,-9.489567461329155,-37.17791962713369
3164472,São Sebastião do Anta,310025,Caratinga,3105,Ipatinga,31,Minas Gerais,MG,3,Sudeste,SE,,,80.618,-19.50723577931415,-41.95731614998419
2927101,Rodelas,290024,Paulo Afonso,2909,Paulo Afonso,29,Bahia,BA,2,Nordeste,NE,,,2207.159,-9.183932977302035,-38.692464120050644
4304853,Carlos Gomes,430026,Erechim,4306,Passo Fundo,43,Rio Grande do Sul,RS,4,Sul,S,,,83.196,-27.703292649293935,-51.92986395581308
3205176,Vila Valério,320005,Colatina,3203,Colatina,32,Espírito Santo,ES,3,Sudeste,SE,,,470.342,-18.966593806514844,-40.32950592333352
3532207,Narandiba,350018,Presidente Prudente,3505,Presidente Prudente,35,São Paulo,SP,3,Sudeste,SE,3541406,Presidente Prudente/SP,357.325,-22.56371132348765,-51.52167870126016
2604502,Chã Grande,260009,Caruaru,2602,Caruaru,26,Pernambuco,PE,2,Nordeste,NE,,,84.787,-8.229565286981005,-35.47399613292035
4101150,Ângulo,410014,Maringá,4104,Maringá,41,Paraná,PR,4,Sul,S,,,106.021,-23.19160310725837,-51.91826091826091
4321329,Taquaruçu do Sul,430029,Frederico Westphalen,4306,Passo Fundo,43,Rio Grande do Sul,RS,4,Sul,S,,,76.917,-27.40842117879605,-53.48582849743603
3131505,Ipuiúna,310050,Pouso Alegre,3109,Pouso Alegre,31,Minas Gerais,MG,3,Sudeste,SE,,,298.195,-22.028001005170193,-46.13056724274727
2105450,Jatobá,210018,Colinas,2104,Presidente Dutra,21,Maranhão,MA,2,Nordeste,NE,,,591.637,-5.852249116092501,-44.29399067371031
2513653,Joca Claudino,250014,Sousa,2504,Sousa - Cajazeiras,25,Paraíba,PB,2,Nordeste,NE,,,71.799,-6.4771033467963814,-38.48093824852896
2612802,Santa Terezinha,260014,Afogados da Ingazeira,2603,Serra Talhada,26,Pernambuco,PE,2,Nordeste,NE,,,200.327,-7.430442169852234,-37.43651669740304
5216304,Paranaiguara,520012,Quirinópolis,5203,Rio Verde,52,Goiás,GO,5,Centro-oeste,CO,,,1153.415,-18.808562628475126,-50.62410565834599
5003751,Eldorado,500006,Naviraí - Mundo Novo,5002,Dourados,50,Mato Grosso do Sul,MS,5,Centro-oeste,CO,,,1012.796,-23.738238985259184,-54.22509102268412
2202851,Coronel José Dias,220013,São Raimundo Nonato,2204,São Raimundo Nonato,22,Piauí,PI,2,Nordeste,NE,,,1926.095,-8.897320920471616,-42.33423504012091
2706109,Ouro Branco,270010,Santana do Ipanema,2702,Arapiraca,27,Alagoas,AL,2,Nordeste,NE,,,196.349,-9.127812699819962,-37.36370389896579
2105427,Itinga do Maranhão,210021,Açailândia,2105,Imperatriz,21,Maranhão,MA,2,Nordeste,NE,,,3583.423,-4.27129133133884,-47.26052199567656
1300300,Autazes,130001,Manaus,1301,Manaus,13,Amazonas,AM,1,Norte,N,,,7564.727,-3.7840877928587293,-59.52319098285376
4321303,Taquari,430041,Lajeado,4308,Santa Cruz do Sul - Lajeado,43,Rio Grande do Sul,RS,4,Sul,S,,,349.967,-29.744778487896887,-51.83153205449
2918902,Lajedão,290008,Teixeira de Freitas,2903,Ilhéus - Itabuna,29,Bahia,BA,2,Nordeste,NE,,,624.77,-17.55968122516411,-40.30976553618305
4304952,Caseiros,430033,Lagoa Vermelha,4306,Passo Fundo,43,Rio Grande do Sul,RS,4,Sul,S,,,235.649,-28.24837391293035,-51.7370385622998
3123304,Dores do Turvo,310029,Ubá,3106,Juíz de Fora,31,Minas Gerais,MG,3,Sudeste,SE,,,231.169,-21.023912540954925,-43.16721629849082
1504802,Monte Alegre,150015,Santarém,1505,Santarém,15,Pará,PA,1,Norte,N,,,18151.323,-1.0743224119024948,-54.35306821081415
2604601,Condado,260002,Goiana - Timbaúba,2601,Recife,26,Pernambuco,PE,2,Nordeste,NE,,,89.645,-7.596312955314984,-35.09867745237022
4215703,Santo Amaro da Imperatriz,420001,Florianópolis,4201,Florianópolis,42,Santa Catarina,SC,4,Sul,S,4205407,Florianópolis/SC,344.236,-27.741766109524008,-48.796550362171715
3205150,Vila Pavão,320006,Nova Venécia,3203,Colatina,32,Espírito Santo,ES,3,Sudeste,SE,,,433.257,-18.61424127817151,-40.62715547815877
3524006,Itupeva,350039,Jundiaí,3510,Campinas,35,São Paulo,SP,3,Sudeste,SE,3525904,Jundiaí/SP,201.214,-23.146359403214515,-47.06833342859744
3164431,São Sebastião da Vargem Alegre,310031,Muriaé,3106,Juíz de Fora,31,Minas Gerais,MG,3,Sudeste,SE,,,73.629,-21.024256245285642,-42.59923409332192
4215695,Santiago do Sul,420007,Chapecó,4204,Chapecó,42,Santa Catarina,SC,4,Sul,S,,,73.335,-26.630874426001533,-52.69731235900559
3539707,Platina,350014,Assis,3504,Marília,35,São Paulo,SP,3,Sudeste,SE,,,327.48,-22.625223705375756,-50.2127348106865
2911006,Floresta Azul,290007,Ilhéus - Itabuna,2903,Ilhéus - Itabuna,29,Bahia,BA,2,Nordeste,NE,,,321.013,-14.841851513671406,-39.7174698970847
5108808,Nova Guarita,510007,Sinop,5103,Sinop,51,Mato Grosso,MT,5,Centro-oeste,CO,,,1121.928,-10.293863147124686,-55.33817828076739
1300409,Barcelos,130002,São Gabriel da Cachoeira,1301,Manaus,13,Amazonas,AM,1,Norte,N,,,122453.454,-0.46572293763353567,-63.43452816848169
3556701,Vinhedo,350038,Campinas,3510,Campinas,35,São Paulo,SP,3,Sudeste,SE,3509502,Campinas/SP,80.208,-23.04645988112931,-46.979060413293844
4215687,Santa Terezinha do Progresso,420012,Maravilha,4204,Chapecó,42,Santa Catarina,SC,4,Sul,S,,,119.653,-26.592748650499548,-53.1699250444496
2309904,Pacujá,230015,Sobral,2306,Sobral,23,Ceará,CE,2,Nordeste,NE,,,88.355,-4.005895804769178,-40.68558897454158
2804458,Nossa Senhora Aparecida,280004,Itabaiana,2802,Itabaiana,28,Sergipe,SE,2,Nordeste,NE,,,340.855,-10.358059181656504,-37.50491870401491
4313102,Nova Palma,430011,Santa Maria,4303,Santa Maria,43,Rio Grande do Sul,RS,4,Sul,S,,,314.613,-29.43332263523618,-53.416239386890396
3115102,Cássia,310041,Passos,3108,Varginha,31,Minas Gerais,MG,3,Sudeste,SE,,,665.802,-20.54259250159234,-46.92900699448613
3515806,Flora Rica,350020,Dracena,3505,Presidente Prudente,35,São Paulo,SP,3,Sudeste,SE,,,224.619,-21.69844385563203,-51.37423061380408
2902807,Barra da Estiva,290011,Vitória da Conquista,2904,Vitória da Conquista,29,Bahia,BA,2,Nordeste,NE,,,1657.414,-13.650485178114177,-41.09809247783423
4207502,Indaial,420019,Blumenau,4207,Blumenau,42,Santa Catarina,SC,4,Sul,S,4202404,Blumenau/SC,430.799,-26.99497938664127,-49.22417768788148
1721257,Tupirama,170006,Guaraí,1702,Araguaína,17,Tocantins,TO,1,Norte,N,,,706.883,-8.93857912651771,-48.259595443396044
4312955,Nova Boa Vista,430028,Carazinho,4306,Passo Fundo,43,Rio Grande do Sul,RS,4,Sul,S,,,93.733,-27.996819019000537,-52.97951834378688
3548500,Santos,350002,Santos,3501,São Paulo,35,São Paulo,SP,3,Sudeste,SE,3548500,Baixada Santista/SP,281.033,-23.8688503043458,-46.2915682653025
3531506,Monte Azul Paulista,350032,Barretos,3508,Ribeirão Preto,35,São Paulo,SP,3,Sudeste,SE,,,263.463,-20.908887018120662,-48.68131635463104
5108907,Nova Maringá,510003,Diamantino,5101,Cuiabá,51,Mato Grosso,MT,5,Centro-oeste,CO,,,11553.479,-12.783863063266443,-57.22027425028981
4125605,São Mateus do Sul,410003,União da Vitória,4101,Curitiba,41,Paraná,PR,4,Sul,S,,,1344.742,-25.908262259312306,-50.44173651976495
3507753,Brejo Alegre,350023,Birigui - Penápolis,3506,Araçatuba,35,São Paulo,SP,3,Sudeste,SE,3506508,Birigui/SP,105.689,-21.17655374880234,-50.209780595678886
2612604,Santa Maria da Boa Vista,260015,Petrolina,2604,Petrolina,26,Pernambuco,PE,2,Nordeste,NE,,,3000.773,-8.629740259717371,-39.91431784479169
3556800,Viradouro,350032,Barretos,3508,Ribeirão Preto,35,São Paulo,SP,3,Sudeste,SE,,,217.726,-20.88438220547133,-48.30986364647852
2301703,Aurora,230011,Juazeiro do Norte,2304,Juazeiro do Norte,23,Ceará,CE,2,Nordeste,NE,,,885.87,-6.988913233261502,-38.96912434198969
2211100,União,220001,Teresina,2201,Teresina,22,Piauí,PI,2,Nordeste,NE,,,1170.754,-4.5953298663109186,-42.795038508790164
4304903,Casca,430030,Marau,4306,Passo Fundo,43,Rio Grande do Sul,RS,4,Sul,S,,,272.041,-28.59438625659393,-51.96720287014032
2105500,João Lisboa,210019,Imperatriz,2105,Imperatriz,21,Maranhão,MA,2,Nordeste,NE,,,1135.08,-5.229508781446217,-47.1268214958467
2513703,Santa Rita,250001,João Pessoa,2501,João Pessoa,25,Paraíba,PB,2,Nordeste,NE,2507507,João Pessoa/PB,718.576,-7.067297609631072,-35.00006839536575
3147907,Passos,310041,Passos,3108,Varginha,31,Minas Gerais,MG,3,Sudeste,SE,3147907,Passos/MG,1338.07,-20.71858015631794,-46.621993456348115
3115201,Conceição da Barra de Minas,310039,São João del Rei,3107,Barbacena,31,Minas Gerais,MG,3,Sudeste,SE,,,273.014,-21.145102676766957,-44.493074081374914
2902658,Banzaê,290025,Ribeira do Pombal,2909,Paulo Afonso,29,Bahia,BA,2,Nordeste,NE,,,409.508,-10.616471760956408,-38.65434369582668
3548609,São Bento do Sapucaí,350050,Taubaté - Pindamonhangaba,3511,São José dos Campos,35,São Paulo,SP,3,Sudeste,SE,,,252.579,-22.68139731940424,-45.68680648778447
2706422,Pariconha,270009,Delmiro Gouveia,2702,Arapiraca,27,Alagoas,AL,2,Nordeste,NE,,,254.718,-9.240505161218593,-38.04752048429624
3204955,São Roque do Canaã,320005,Colatina,3203,Colatina,32,Espírito Santo,ES,3,Sudeste,SE,,,341.944,-19.719712741432065,-40.67948866311931
3140100,Marilac,310020,Governador Valadares,3104,Governador Valadares,31,Minas Gerais,MG,3,Sudeste,SE,,,158.809,-18.493978924465782,-42.074048060659194
3523305,Itariri,350002,Santos,3501,São Paulo,35,São Paulo,SP,3,Sudeste,SE,,,273.956,-24.29284339758408,-47.12713055009548
1504604,Mocajuba,150002,Cametá,1501,Belém,15,Pará,PA,1,Norte,N,,,871.168,-2.5766879522584505,-49.466379518853884
4117404,Ourizona,410014,Maringá,4104,Maringá,41,Paraná,PR,4,Sul,S,4115200,Maringá/PR,176.457,-23.459737859526907,-52.231345362027085
4215000,Rio Negrinho,420018,São Bento do Sul - Rio Negrinho,4206,Joinville,42,Santa Catarina,SC,4,Sul,S,4215802,São Bento do Sul - Rio Negrinho/SC,907.42,-26.44271403007757,-49.59615579917947
3515129,Emilianópolis,350018,Presidente Prudente,3505,Presidente Prudente,35,São Paulo,SP,3,Sudeste,SE,3541406,Presidente Prudente/SP,225.177,-21.800970615875148,-51.47215692734634
2604403,Chã de Alegria,260005,Vitória de Santo Antão,2601,Recife,26,Pernambuco,PE,2,Nordeste,NE,,,49.328,-7.999398883990563,-35.22220624450224
4101051,Anahy,410006,Cascavel,4103,Cascavel,41,Paraná,PR,4,Sul,S,,,104.09,-24.644956109915306,-53.14390713070556
5003801,Fátima do Sul,500005,Dourados,5002,Dourados,50,Mato Grosso do Sul,MS,5,Centro-oeste,CO,,,325.631,-22.339312470137713,-54.44080935649681
4321105,Tapes,430005,Camaquã,4301,Porto Alegre,43,Rio Grande do Sul,RS,4,Sul,S,,,805.452,-30.663819372038407,-51.44131106919974
2202901,Corrente,220015,Corrente,2205,Corrente - Bom Jesus,22,Piauí,PI,2,Nordeste,NE,,,3048.746,-10.391611059864811,-45.13966823634766
2706406,Pão de Açúcar,270011,Pão de Açúcar - Olho d'Água das Flores - Batalha,2702,Arapiraca,27,Alagoas,AL,2,Nordeste,NE,,,688.87,-9.670581974995619,-37.485525421164304
2505501,Vista Serrana,250009,Patos,2503,Patos,25,Paraíba,PB,2,Nordeste,NE,,,60.39,-6.757044476871487,-37.57546480233284
2210938,Sussuapara,220009,Picos,2203,Picos,22,Piauí,PI,2,Nordeste,NE,,,205.194,-7.019034999229609,-41.356193568069656
4215109,Rodeio,420019,Blumenau,4207,Blumenau,42,Santa Catarina,SC,4,Sul,S,,,129.001,-26.895097083944574,-49.3510364903841
3515103,Embu-Guaçu,350001,São Paulo,3501,São Paulo,35,São Paulo,SP,3,Sudeste,SE,3550308,São Paulo/SP,155.285,-23.8544000247677,-46.83069862943116
2910800,Feira de Santana,290029,Feira de Santana,2910,Feira de Santana,29,Bahia,BA,2,Nordeste,NE,2910800,Feira de Santana,1304.427,-12.193076234403447,-39.033989732849
2202752,Colônia do Gurguéia,220016,Bom Jesus,2205,Corrente - Bom Jesus,22,Piauí,PI,2,Nordeste,NE,,,429.582,-8.181337101201517,-43.69623287352682
4109203,Guaraci,410021,Londrina,4105,Londrina,41,Paraná,PR,4,Sul,S,,,213.067,-22.956403857793646,-51.678881965012515
3131901,Itabirito,310003,Santa Bárbara - Ouro Preto,3101,Belo Horizonte,31,Minas Gerais,MG,3,Sudeste,SE,,,544.535,-20.253329103102512,-43.80965740173003
4206801,Ibicaré,420008,Joaçaba - Herval d'Oeste,4204,Chapecó,42,Santa Catarina,SC,4,Sul,S,,,156.226,-27.092552885457966,-51.369933900896925
1504703,Moju,150003,Abaetetuba,1501,Belém,15,Pará,PA,1,Norte,N,,,9094.14,-2.683911414515521,-49.074041889611806
2309706,Pacatuba,230001,Fortaleza,2301,Fortaleza,23,Ceará,CE,2,Nordeste,NE,2304400,Fortaleza/CE,133.223,-3.952314889198116,-38.597164880892784
4312906,Nova Bassano,430038,Nova Prata - Guaporé,4307,Caxias do Sul,43,Rio Grande do Sul,RS,4,Sul,S,,,211.727,-28.725634447534915,-51.75366188255596
4321204,Taquara,430004,Taquara - Parobé - Igrejinha,4301,Porto Alegre,43,Rio Grande do Sul,RS,4,Sul,S,4321204,Taquara - Parobé - Igrejinha/RS,450.195,-29.670566809792483,-50.762118289829246
2612554,Santa Filomena,260016,Araripina,2604,Petrolina,26,Pernambuco,PE,2,Nordeste,NE,,,1004.561,-8.223534429268073,-40.571487188458605
2804508,Nossa Senhora da Glória,280006,Nossa Senhora da Glória,2802,Itabaiana,28,Sergipe,SE,2,Nordeste,NE,,,754.959,-10.178291110420886,-37.52927828015761
2114007,Zé Doca,210009,Santa Inês,2102,Santa Inês - Bacabal,21,Maranhão,MA,2,Nordeste,NE,,,2140.109,-3.2598816290206947,-45.91261344001844
4124905,São João do Caiuá,410017,Paranavaí,4104,Maringá,41,Paraná,PR,4,Sul,S,,,305.388,-22.837977853373204,-52.330836044411775
2202737,Coivaras,220001,Teresina,2201,Teresina,22,Piauí,PI,2,Nordeste,NE,,,484.465,-5.099885667350638,-42.28426420214783
2902609,Baixa Grande,290029,Feira de Santana,2910,Feira de Santana,29,Bahia,BA,2,Nordeste,NE,,,967.515,-11.964750323769625,-40.15277459086494
2910909,Firmino Alves,290007,Ilhéus - Itabuna,2903,Ilhéus - Itabuna,29,Bahia,BA,2,Nordeste,NE,,,172.353,-14.930819942968167,-39.9113131738736
3107109,Boa Esperança,310046,Três Pontas - Boa Esperança,3108,Varginha,31,Minas Gerais,MG,3,Sudeste,SE,,,860.669,-21.048560813022107,-45.621146480820286
4304713,Caraá,430001,Porto Alegre,4301,Porto Alegre,43,Rio Grande do Sul,RS,4,Sul,S,,,294.606,-29.772195105696998,-50.34176918372811
2210904,Socorro do Piauí,220012,Simplício Mendes,2203,Picos,22,Piauí,PI,2,Nordeste,NE,,,761.854,-7.896698795559601,-42.47638465119323
3205036,Vargem Alta,320007,Cachoeiro de Itapemirim,3204,Cachoeiro do Itapemirim,32,Espírito Santo,ES,3,Sudeste,SE,,,417.76,-20.647123734233304,-41.00492912667967
4313011,Nova Candelária,430023,Três de Maio,4305,Ijuí,43,Rio Grande do Sul,RS,4,Sul,S,,,97.5,-27.595249836262187,-54.12541378616418
2202729,Cocal dos Alves,220006,Parnaíba,2202,Parnaíba,22,Piauí,PI,2,Nordeste,NE,,,324.856,-3.6303396548295965,-41.42083933231716
3123700,Engenheiro Caldas,310020,Governador Valadares,3104,Governador Valadares,31,Minas Gerais,MG,3,Sudeste,SE,,,187.058,-19.128019477716684,-42.01925613782929
4215075,Riqueza,420007,Chapecó,4204,Chapecó,42,Santa Catarina,SC,4,Sul,S,,,191.061,-26.978455068809975,-53.34435192581393
4206900,Ibirama,420023,Ibirama - Presidente Getúlio,4207,Blumenau,42,Santa Catarina,SC,4,Sul,S,,,247.102,-27.018150475466225,-49.52854434445974
3547908,Santo Antônio da Alegria,350031,Ribeirão Preto,3508,Ribeirão Preto,35,São Paulo,SP,3,Sudeste,SE,,,310.311,-21.092322929222888,-47.195832078557636
2309805,Pacoti,230003,Redenção-Acarape,2301,Fortaleza,23,Ceará,CE,2,Nordeste,NE,,,112.433,-4.198899722326196,-38.90210779101606
4313003,Nova Bréscia,430043,Encantado,4308,Santa Cruz do Sul - Lajeado,43,Rio Grande do Sul,RS,4,Sul,S,,,102.994,-29.222071375625003,-52.03526444953238
4101002,Ampére,410009,Francisco Beltrão,4103,Cascavel,41,Paraná,PR,4,Sul,S,,,297.174,-25.91652494839768,-53.48325471049451
3515202,Estrela d'Oeste,350029,Fernandópolis,3507,São José do Rio Preto,35,São Paulo,SP,3,Sudeste,SE,,,296.281,-20.265742701665868,-50.411467923816375
2105807,Lago do Junco,210012,Pedreiras,2102,Santa Inês - Bacabal,21,Maranhão,MA,2,Nordeste,NE,,,328.525,-4.522553663550392,-44.97657030749928
2513505,Santana de Mangueira,250010,Itaporanga,2503,Patos,25,Paraíba,PB,2,Nordeste,NE,,,405.164,-7.6282052084208996,-38.33098296113967
4116703,Nova Aurora,410006,Cascavel,4103,Cascavel,41,Paraná,PR,4,Sul,S,,,471.176,-24.501640415101313,-53.27634825271405
2202711,Cocal de Telha,220003,Campo Maior,2201,Teresina,22,Piauí,PI,2,Nordeste,NE,,,310.254,-4.616834100187708,-41.95763083690173
3515194,Espírito Santo do Turvo,350015,Ourinhos,3504,Marília,35,São Paulo,SP,3,Sudeste,SE,,,193.666,-22.670893602133273,-49.432948250914606
3115508,Caxambu,310054,Caxambu - Baependi,3109,Pouso Alegre,31,Minas Gerais,MG,3,Sudeste,SE,,,100.483,-21.977631846619634,-44.947285676422766
3140159,Mário Campos,310001,Belo Horizonte,3101,Belo Horizonte,31,Minas Gerais,MG,3,Sudeste,SE,3106200,Belo Horizonte/MG,35.196,-20.076674922995995,-44.176073120132294
4215059,Rio Rufino,420005,Lages,4203,Lages,42,Santa Catarina,SC,4,Sul,S,,,282.571,-27.914235029312103,-49.75337594691766
2902708,Barra,290021,Xique-Xique - Barra,2907,Irecê,29,Bahia,BA,2,Nordeste,NE,,,11428.112,-11.03056569831396,-43.3660521167806
3164308,São Roque de Minas,310049,Piumhi,3108,Varginha,31,Minas Gerais,MG,3,Sudeste,SE,,,2098.867,-20.187040103307712,-46.51354910429014
3147956,Patis,310006,Montes Claros,3102,Montes Claros,31,Minas Gerais,MG,3,Sudeste,SE,,,444.196,-16.0806370257194,-44.10141722821175
2202703,Cocal,220006,Parnaíba,2202,Parnaíba,22,Piauí,PI,2,Nordeste,NE,,,1294.131,-3.453676370893076,-41.54230193011904
5208103,Formoso,520016,Porangatu,5205,Porangatu - Uruaçu,52,Goiás,GO,5,Centro-oeste,CO,,,843.42,-13.722455659458928,-48.86814317527832
3515186,Espírito Santo do Pinhal,350044,São João da Boa Vista,3510,Campinas,35,São Paulo,SP,3,Sudeste,SE,,,389.235,-22.192488199459365,-46.79331841663351
2407203,Macau,240011,Assú,2403,Mossoró,24,Rio Grande do Norte,RN,2,Nordeste,NE,,,775.302,-5.195953915803754,-36.523460000104
3205010,Sooretama,320004,Linhares,3202,São Mateus,32,Espírito Santo,ES,3,Sudeste,SE,,,587.037,-19.072641539419642,-40.146620644366045
2105922,Lagoa do Mato,210017,São João dos Patos,2104,Presidente Dutra,21,Maranhão,MA,2,Nordeste,NE,,,1512.985,-6.032194457380662,-43.49563668317987
2918753,Lagoa Real,290016,Guanambi,2905,Guanambi,29,Bahia,BA,2,Nordeste,NE,,,912.22,-14.047294549088514,-42.21960300385558
2301604,Assaré,230011,Juazeiro do Norte,2304,Juazeiro do Norte,23,Ceará,CE,2,Nordeste,NE,,,1155.124,-6.909634741885189,-39.8692328887864
2211001,Teresina,220001,Teresina,2201,Teresina,22,Piauí,PI,2,Nordeste,NE,2211001,Teresina/PI,1387.466,-5.101502903953396,-42.7405742377412
4304804,Carlos Barbosa,430037,Bento Gonçalves,4307,Caxias do Sul,43,Rio Grande do Sul,RS,4,Sul,S,4302105,Bento Gonçalves/RS,230.061,-29.32136393728515,-51.50317664527315
2505303,Curral Velho,250010,Itaporanga,2503,Patos,25,Paraíba,PB,2,Nordeste,NE,,,217.624,-7.537773665166012,-38.167923607676954
3205002,Serra,320001,Vitória,3201,Vitória,32,Espírito Santo,ES,3,Sudeste,SE,3205309,Vitória/ES,547.631,-20.128118937112475,-40.30162035807714
2513604,Santana dos Garrotes,250010,Itaporanga,2503,Patos,25,Paraíba,PB,2,Nordeste,NE,,,361.484,-7.3878516258650775,-37.960049832543106
1712454,Luzinópolis,170008,Tocantinópolis,1702,Araguaína,17,Tocantins,TO,1,Norte,N,,,281.543,-6.206019341091793,-47.83074214499569
4320503,Sertão,430025,Passo Fundo,4306,Passo Fundo,43,Rio Grande do Sul,RS,4,Sul,S,,,440.631,-28.0098585077146,-52.31407129131715
2910859,Filadélfia,290023,Senhor do Bonfim,2908,Juazeiro,29,Bahia,BA,2,Nordeste,NE,,,579.687,-10.723209669317468,-40.13691458477955
4108502,General Carneiro,410003,União da Vitória,4101,Curitiba,41,Paraná,PR,4,Sul,S,,,1068.369,-26.472714743208908,-51.39152791463332
1504000,Limoeiro do Ajuru,150002,Cametá,1501,Belém,15,Pará,PA,1,Norte,N,,,1489.356,-1.8642117962843707,-49.46918730707139
2105906,Lago Verde,210010,Bacabal,2102,Santa Inês - Bacabal,21,Maranhão,MA,2,Nordeste,NE,,,631.455,-3.989454077959556,-44.88205818037504
4116802,Nova Cantu,410015,Campo Mourão,4104,Maringá,41,Paraná,PR,4,Sul,S,,,552.873,-24.65950601059631,-52.55812956665345
5101001,Araguaiana,510013,Barra do Garças,5104,Barra do Garças,51,Mato Grosso,MT,5,Centro-oeste,CO,,,6380.7,-15.130288188059353,-51.80670519105436
2706448,Paripueira,270001,Maceió,2701,Maceió,27,Alagoas,AL,2,Nordeste,NE,2704302,Maceió/AL,92.813,-9.435554236784313,-35.593672172910274
4214904,Rio Fortuna,420003,Tubarão,4202,Criciúma,42,Santa Catarina,SC,4,Sul,S,,,302.39,-28.093424240769394,-49.19056686250917
2210979,Tanque do Piauí,220011,Oeiras,2203,Picos,22,Piauí,PI,2,Nordeste,NE,,,408.985,-6.65863117528378,-42.26853821957278
3156106,Ritápolis,310039,São João del Rei,3107,Barbacena,31,Minas Gerais,MG,3,Sudeste,SE,,,404.805,-20.982289218297932,-44.37640059444031
3523206,Itararé,350004,Itapeva,3502,Sorocaba,35,São Paulo,SP,3,Sudeste,SE,,,1003.86,-24.080514588317072,-49.30354829869984
3515152,Engenheiro Coelho,350042,Limeira,3510,Campinas,35,São Paulo,SP,3,Sudeste,SE,,,109.574,-22.486999349602108,-47.1749384767377
5003702,Dourados,500005,Dourados,5002,Dourados,50,Mato Grosso do Sul,MS,5,Centro-oeste,CO,5003702,Dourados,4062.889,-22.14486345647255,-54.83888000075899
3115474,Catuti,310012,Espinosa,3102,Montes Claros,31,Minas Gerais,MG,3,Sudeste,SE,,,287.812,-15.335646239057809,-43.097411081973206
2202802,Conceição do Canindé,220012,Simplício Mendes,2203,Picos,22,Piauí,PI,2,Nordeste,NE,,,824.729,-7.914562101341651,-41.58089235396462
2706307,Palmeira dos Índios,270008,Palmeira dos Índios,2702,Arapiraca,27,Alagoas,AL,2,Nordeste,NE,,,450.99,-9.418242924948778,-36.60570916448856
2804300,Muribeca,280003,Propriá,2801,Aracaju,28,Sergipe,SE,2,Nordeste,NE,,,74.31,-10.384035556794169,-36.95902003676472
3302601,Mangaratiba,330001,Rio de Janeiro,3301,Rio de Janeiro,33,Rio de Janeiro,RJ,3,Sudeste,SE,3304557,Rio de Janeiro/RJ,367.606,-22.930758363505205,-44.06440823251284
4100301,Agudos do Sul,410001,Curitiba,4101,Curitiba,41,Paraná,PR,4,Sul,S,,,191.336,-26.02757749741271,-49.31099124965228
2505402,Desterro,250009,Patos,2503,Patos,25,Paraíba,PB,2,Nordeste,NE,,,182.018,-7.300092192167041,-37.09289849805839
4108601,Goioerê,410015,Campo Mourão,4104,Maringá,41,Paraná,PR,4,Sul,S,,,563.954,-24.1727126184902,-53.05211657468316
3106903,Bicas,310035,São João Nepomuceno - Bicas,3106,Juíz de Fora,31,Minas Gerais,MG,3,Sudeste,SE,,,140.082,-21.731511779835078,-43.10480191605843
2301950,Barreira,230003,Redenção-Acarape,2301,Fortaleza,23,Ceará,CE,2,Nordeste,NE,,,260.237,-4.321933287922948,-38.62017501143217
4312302,Miraguaí,430021,Três Passos,4305,Ijuí,43,Rio Grande do Sul,RS,4,Sul,S,,,131.236,-27.490423007198462,-53.745573959781
3515004,Embu das Artes,350001,São Paulo,3501,São Paulo,35,São Paulo,SP,3,Sudeste,SE,3550308,São Paulo/SP,70.264,-23.651292634731316,-46.85150838126322
3204351,Rio Bananal,320004,Linhares,3202,São Mateus,32,Espírito Santo,ES,3,Sudeste,SE,,,641.929,-19.230487154749365,-40.30821829186574
3507605,Bragança Paulista,350041,Bragança Paulista,3510,Campinas,35,São Paulo,SP,3,Sudeste,SE,3507605,Bragança Paulista,512.584,-22.938353796076065,-46.555947573960445
1704105,Centenário,170006,Guaraí,1702,Araguaína,17,Tocantins,TO,1,Norte,N,,,1953.134,-9.073794996743448,-47.444782224172684
4206702,Herval d'Oeste,420008,Joaçaba - Herval d'Oeste,4204,Chapecó,42,Santa Catarina,SC,4,Sul,S,,,216.581,-27.19537550548907,-51.41066482816965
2210953,Tamboril do Piauí,220019,Canto do Buriti,2206,Floriano,22,Piauí,PI,2,Nordeste,NE,,,1587.296,-8.48581395698084,-43.08211580713278
2202778,Colônia do Piauí,220011,Oeiras,2203,Picos,22,Piauí,PI,2,Nordeste,NE,,,938.303,-7.293751417392003,-42.18965046348677
2911204,Gandu,290014,Ipiaú,2904,Vitória da Conquista,29,Bahia,BA,2,Nordeste,NE,,,229.66,-13.788696730237442,-39.48269179277363
2804409,Neópolis,280003,Propriá,2801,Aracaju,28,Sergipe,SE,2,Nordeste,NE,,,271.323,-10.348303530525438,-36.660393246701325
3156452,Rosário da Limeira,310031,Muriaé,3106,Juíz de Fora,31,Minas Gerais,MG,3,Sudeste,SE,,,111.156,-20.979373847131054,-42.51141073860271
2927002,Rio Real,290002,Alagoinhas,2901,Salvador,29,Bahia,BA,2,Nordeste,NE,,,739.776,-11.54772951061497,-37.912730725912056
1712405,Lizarda,170001,Palmas,1701,Palmas,17,Tocantins,TO,1,Norte,N,,,5716.641,-9.524825722588673,-46.93895289352138
4124806,São João,410010,Pato Branco,4103,Cascavel,41,Paraná,PR,4,Sul,S,,,387.15,-25.773994800166026,-52.793198588679815
5207907,Flores de Goiás,520022,Flores de Goiás,5206,Luziânia - Águas Lindas de Goiás,52,Goiás,GO,5,Centro-oeste,CO,,,3695.106,-14.651391294939941,-46.90553395717757
3302700,Maricá,330001,Rio de Janeiro,3301,Rio de Janeiro,33,Rio de Janeiro,RJ,3,Sudeste,SE,3304557,Rio de Janeiro/RJ,361.572,-22.91519332721802,-42.81684741781634
2310100,Palmácia,230001,Fortaleza,2301,Fortaleza,23,Ceará,CE,2,Nordeste,NE,,,128.896,-4.125778033170464,-38.84202169404918
4100400,Almirante Tamandaré,410001,Curitiba,4101,Curitiba,41,Paraná,PR,4,Sul,S,4106902,Curitiba/PR,193.736,-25.29670078588874,-49.32349178158249
4304101,Campos Borges,430025,Passo Fundo,4306,Passo Fundo,43,Rio Grande do Sul,RS,4,Sul,S,,,226.202,-28.90561407604301,-53.057726311175536
2407005,Luís Gomes,240010,Pau dos Ferros,2403,Mossoró,24,Rio Grande do Norte,RN,2,Nordeste,NE,,,166.638,-6.373367613098451,-38.402631019374304
4320578,Sete de Setembro,430020,Santo Ângelo,4305,Ijuí,43,Rio Grande do Sul,RS,4,Sul,S,,,131.66,-28.144628071726746,-54.460542891010164
3107000,Biquinhas,310070,Abaeté,3113,Divinópolis,31,Minas Gerais,MG,3,Sudeste,SE,,,458.948,-18.757144357635767,-45.53951323900545
2918803,Laje,290003,Santo Antônio de Jesus,2902,Santo Antônio de Jesus,29,Bahia,BA,2,Nordeste,NE,,,449.835,-13.16698403207403,-39.34641773957765
2211308,Valença do Piauí,220004,Valença do Piauí,2201,Teresina,22,Piauí,PI,2,Nordeste,NE,,,1333.722,-6.36711490272586,-41.798956834546296
2903003,Barra do Mendes,290020,Irecê,2907,Irecê,29,Bahia,BA,2,Nordeste,NE,,,1436.299,-11.950019125009934,-42.109493492446276
3556107,Valentim Gentil,350027,Votuporanga,3507,São José do Rio Preto,35,São Paulo,SP,3,Sudeste,SE,,,149.741,-20.42053119218656,-50.101741347805884
1504059,Mãe do Rio,150007,Paragominas,1502,Castanhal,15,Pará,PA,1,Norte,N,,,469.341,-1.99101251306701,-47.512782968572914
2105708,Lago da Pedra,210010,Bacabal,2102,Santa Inês - Bacabal,21,Maranhão,MA,2,Nordeste,NE,,,1240.446,-4.73899532711543,-45.20530642813602
4116604,Nova América da Colina,410024,Cornélio Procópio - Bandeirantes,4105,Londrina,41,Paraná,PR,4,Sul,S,,,129.476,-23.345395877866725,-50.70629257206803
2505352,Damião,250006,Cuité - Nova Floresta,2502,Campina Grande,25,Paraíba,PB,2,Nordeste,NE,,,186.198,-6.643331999562669,-35.930086823535305
2310209,Paracuru,230001,Fortaleza,2301,Fortaleza,23,Ceará,CE,2,Nordeste,NE,,,304.734,-3.480785834874082,-39.0387898863716
4108551,Godoy Moreira,410025,Ivaiporã,4105,Londrina,41,Paraná,PR,4,Sul,S,,,126.956,-24.15802212899645,-51.90910873803957
4312385,Monte Belo do Sul,430037,Bento Gonçalves,4307,Caxias do Sul,43,Rio Grande do Sul,RS,4,Sul,S,4302105,Bento Gonçalves/RS,69.763,-29.14034385384117,-51.651695477839915
2301901,Barbalha,230011,Juazeiro do Norte,2304,Juazeiro do Norte,23,Ceará,CE,2,Nordeste,NE,2307304,Juazeiro do Norte/CE,608.142,-7.403739097378946,-39.34456930388872
4320552,Sertão Santana,430001,Porto Alegre,4301,Porto Alegre,43,Rio Grande do Sul,RS,4,Sul,S,,,252.013,-30.466844390505397,-51.62999832137242
3514957,Embaúba,350026,Catanduva,3507,São José do Rio Preto,35,São Paulo,SP,3,Sudeste,SE,3511102,Catanduva/SP,83.129,-20.952888461544298,-48.84754075012736
3539608,Planalto,350025,São José do Rio Preto,3507,São José do Rio Preto,35,São Paulo,SP,3,Sudeste,SE,,,289.825,-21.001202711721902,-49.93599222546091
5208004,Formosa,520020,Águas Lindas de Goiás,5206,Luziânia - Águas Lindas de Goiás,52,Goiás,GO,5,Centro-oeste,CO,5208004,Formosa,5804.292,-15.307533128742962,-47.24689620629986
4312377,Monte Alegre dos Campos,430039,Vacaria,4307,Caxias do Sul,43,Rio Grande do Sul,RS,4,Sul,S,,,549.031,-28.700153124013436,-50.80500986325379
2407104,Macaíba,240001,Natal,2401,Natal,24,Rio Grande do Norte,RN,2,Nordeste,NE,2408102,Natal/RN,510.092,-5.926858520416978,-35.4287657246421
2513901,São Bento,250011,Catolé do Rocha - São Bento,2503,Patos,25,Paraíba,PB,2,Nordeste,NE,,,245.84,-6.458873922407653,-37.47132234691469
2203107,Cristino Castro,220016,Bom Jesus,2205,Corrente - Bom Jesus,22,Piauí,PI,2,Nordeste,NE,,,1845.69,-8.78219229782915,-43.96149690299769
3204302,Presidente Kennedy,320007,Cachoeiro de Itapemirim,3204,Cachoeiro do Itapemirim,32,Espírito Santo,ES,3,Sudeste,SE,,,594.897,-21.14073467877522,-41.072073369450045
3164704,São Sebastião do Paraíso,310047,São Sebastião do Paraíso,3108,Varginha,31,Minas Gerais,MG,3,Sudeste,SE,,,814.925,-20.922415741407406,-47.00640940668382
3506904,Bofete,350011,Botucatu,3503,Bauru,35,São Paulo,SP,3,Sudeste,SE,,,654.546,-23.12864034961267,-48.28630129482552
4108403,Francisco Beltrão,410009,Francisco Beltrão,4103,Cascavel,41,Paraná,PR,4,Sul,S,,,731.379,-26.047754796507963,-53.13284682977758
2302008,Barro,230012,Brejo Santo,2304,Juazeiro do Norte,23,Ceará,CE,2,Nordeste,NE,,,711.346,-7.125540813301302,-38.79391422915659
2903102,Barra do Rocha,290014,Ipiaú,2904,Vitória da Conquista,29,Bahia,BA,2,Nordeste,NE,,,214.411,-14.102480397903568,-39.587949383936184
2505709,Dona Inês,250002,Guarabira,2501,João Pessoa,25,Paraíba,PB,2,Nordeste,NE,,,173.648,-6.609426221437471,-35.64825073931092
2926301,Riachão do Jacuípe,290029,Feira de Santana,2910,Feira de Santana,29,Bahia,BA,2,Nordeste,NE,,,1155.417,-11.801011086324422,-39.42347446452701
4312351,Montauri,430038,Nova Prata - Guaporé,4307,Caxias do Sul,43,Rio Grande do Sul,RS,4,Sul,S,,,82.23,-28.66982695268783,-52.050188583482765
3531407,Monte Aprazível,350025,São José do Rio Preto,3507,São José do Rio Preto,35,São Paulo,SP,3,Sudeste,SE,,,495.559,-20.73747436805819,-49.76584083810653
2612000,Sairé,260009,Caruaru,2602,Caruaru,26,Pernambuco,PE,2,Nordeste,NE,,,190.454,-8.302739490353872,-35.68447446027134
5215504,Ouvidor,520004,Catalão,5201,Goiânia,52,Goiás,GO,5,Centro-oeste,CO,5205109,Catalão/GO,411.318,-18.21825306269607,-47.74713416124504
4206751,Ibiam,420015,Videira,4205,Caçador,42,Santa Catarina,SC,4,Sul,S,,,146.009,-27.20837421065253,-51.21546323414833
3204401,Rio Novo do Sul,320007,Cachoeiro de Itapemirim,3204,Cachoeiro do Itapemirim,32,Espírito Santo,ES,3,Sudeste,SE,,,204.464,-20.818089834619467,-40.91872137975308
5002951,Chapadão do Sul,500003,Paranaíba - Chapadão do Sul - Cassilândia,5001,Campo Grande,50,Mato Grosso do Sul,MS,5,Centro-oeste,CO,,,3252.327,-18.994523110001385,-52.69802122752737
2911253,Gavião,290029,Feira de Santana,2910,Feira de Santana,29,Bahia,BA,2,Nordeste,NE,,,384.592,-11.508884131281693,-39.75733959753901
2203206,Curimatá,220015,Corrente,2205,Corrente - Bom Jesus,22,Piauí,PI,2,Nordeste,NE,,,2344.949,-9.94069373392073,-44.30649503148962
1720499,São Valério,170010,Gurupi,1703,Gurupi,17,Tocantins,TO,1,Norte,N,,,2520.465,-11.804044300154445,-48.16966341316758
3115359,Catas Altas,310003,Santa Bárbara - Ouro Preto,3101,Belo Horizonte,31,Minas Gerais,MG,3,Sudeste,SE,,,240.042,-20.075489719828774,-43.40778711513768
3156502,Rubelita,310008,Salinas,3102,Montes Claros,31,Minas Gerais,MG,3,Sudeste,SE,,,1110.295,-16.36765872367053,-42.23396441902879
3302502,Magé,330001,Rio de Janeiro,3301,Rio de Janeiro,33,Rio de Janeiro,RJ,3,Sudeste,SE,3304557,Rio de Janeiro/RJ,390.775,-22.612616719429663,-43.113026232398504
4100202,Adrianópolis,410001,Curitiba,4101,Curitiba,41,Paraná,PR,4,Sul,S,,,1343.898,-24.783256627108234,-48.82056299929376
3507001,Boituva,350003,Sorocaba,3502,Sorocaba,35,São Paulo,SP,3,Sudeste,SE,,,248.954,-23.287583958293727,-47.6749612514438
2513984,São Francisco,250014,Sousa,2504,Sousa - Cajazeiras,25,Paraíba,PB,2,Nordeste,NE,,,90.724,-6.635169982770794,-38.059660731901936
2918100,Jeremoabo,290028,Jeremoabo,2909,Paulo Afonso,29,Bahia,BA,2,Nordeste,NE,,,4267.489,-9.981423975485844,-38.49929862666778
2926400,Riacho de Santana,290016,Guanambi,2905,Guanambi,29,Bahia,BA,2,Nordeste,NE,,,3183.361,-13.63315620876345,-43.04972582111414
3123528,Durandé,310028,Manhuaçu,3106,Juíz de Fora,31,Minas Gerais,MG,3,Sudeste,SE,,,217.461,-20.14726564312221,-41.795431899569216
2804706,Nossa Senhora de Lourdes,280003,Propriá,2801,Aracaju,28,Sergipe,SE,2,Nordeste,NE,,,83.767,-10.076788934029949,-37.01448396080561
2603801,Capoeiras,260010,Garanhuns,2602,Caruaru,26,Pernambuco,PE,2,Nordeste,NE,,,337.108,-8.686652233529392,-36.59917538512705
3107307,Bocaiúva,310006,Montes Claros,3102,Montes Claros,31,Minas Gerais,MG,3,Sudeste,SE,,,3206.757,-17.289724004332317,-43.68653788875932
3140001,Mariana,310003,Santa Bárbara - Ouro Preto,3101,Belo Horizonte,31,Minas Gerais,MG,3,Sudeste,SE,,,1194.208,-20.329102507182796,-43.33133404239296
2911105,Formosa do Rio Preto,290018,Barreiras,2906,Barreiras,29,Bahia,BA,2,Nordeste,NE,,,15634.328,-11.014212909098337,-45.74529016851842
2513968,São Domingos,250012,Pombal,2503,Patos,25,Paraíba,PB,2,Nordeste,NE,,,170.361,-6.80396705954246,-37.95077327303609
2211357,Várzea Branca,220013,São Raimundo Nonato,2204,São Raimundo Nonato,22,Piauí,PI,2,Nordeste,NE,,,450.429,-9.32269256426015,-42.92164451670771
4207106,Ilhota,420019,Blumenau,4207,Blumenau,42,Santa Catarina,SC,4,Sul,S,4202404,Blumenau/SC,253.024,-26.859040894958426,-48.85735098104653
3148301,Paula Cândido,310033,Viçosa,3106,Juíz de Fora,31,Minas Gerais,MG,3,Sudeste,SE,,,268.321,-20.855880212307195,-42.98497618520342
2918209,Jiquiriçá,290003,Santo Antônio de Jesus,2902,Santo Antônio de Jesus,29,Bahia,BA,2,Nordeste,NE,,,238.66,-13.32451958616597,-39.584656715705755
4312179,Mato Queimado,430024,Cerro Largo,4305,Ijuí,43,Rio Grande do Sul,RS,4,Sul,S,,,114.653,-28.24301870023901,-54.6565665226566
2310001,Palhano,230007,Russas - Limoeiro do Norte,2302,Quixadá,23,Ceará,CE,2,Nordeste,NE,,,436.98,-4.708398440948664,-38.02809875445805
4320354,Sentinela do Sul,430005,Camaquã,4301,Porto Alegre,43,Rio Grande do Sul,RS,4,Sul,S,,,282.13,-30.62529304124146,-51.60768649224613
4304002,Campo Novo,430021,Três Passos,4305,Ijuí,43,Rio Grande do Sul,RS,4,Sul,S,,,220.719,-27.668328348542065,-53.82460504204086
3115458,Catuji,310013,Teófilo Otoni,3103,Teófilo Otoni,31,Minas Gerais,MG,3,Sudeste,SE,,,419.38,-17.371747160219208,-41.498477141199956
2804805,Nossa Senhora do Socorro,280001,Aracaju,2801,Aracaju,28,Sergipe,SE,2,Nordeste,NE,2800308,Aracaju/SE,155.018,-10.863838205911158,-37.145552709365994
3131802,Itabirinha,310022,Mantena,3104,Governador Valadares,31,Minas Gerais,MG,3,Sudeste,SE,,,209.034,-18.549193389776875,-41.244619048240935
2513943,São Domingos do Cariri,250005,Campina Grande,2502,Campina Grande,25,Paraíba,PB,2,Nordeste,NE,,,233.835,-7.588135775538684,-36.40479997624457
2902906,Barra do Choça,290011,Vitória da Conquista,2904,Vitória da Conquista,29,Bahia,BA,2,Nordeste,NE,,,765.931,-14.91305450134394,-40.58126996065522
3164506,São Sebastião do Maranhão,310021,Guanhães,3104,Governador Valadares,31,Minas Gerais,MG,3,Sudeste,SE,,,517.83,-18.059732180679035,-42.5411829193189
3556008,Urupês,350025,São José do Rio Preto,3507,São José do Rio Preto,35,São Paulo,SP,3,Sudeste,SE,,,323.916,-21.205203388147723,-49.265173219399486
2407401,Martins,240010,Pau dos Ferros,2403,Mossoró,24,Rio Grande do Norte,RN,2,Nordeste,NE,,,169.464,-6.080223812219474,-37.90590210099517
2611804,Ribeirão,260018,Escada - Ribeirão,2601,Recife,26,Pernambuco,PE,2,Nordeste,NE,,,289.566,-8.504556728683479,-35.3664602582969
4108452,Foz do Jordão,410004,Guarapuava,4102,Guarapuava,41,Paraná,PR,4,Sul,S,,,230.716,-25.698526378216712,-52.089103645649814
4312153,Mato Leitão,430040,Santa Cruz do Sul,4308,Santa Cruz do Sul - Lajeado,43,Rio Grande do Sul,RS,4,Sul,S,,,46.799,-29.524817066464273,-52.13617322426718
2301802,Baixio,230010,Icó,2303,Iguatu,23,Ceará,CE,2,Nordeste,NE,,,145.556,-6.711448864009066,-38.753034134577725
3204203,Piúma,320001,Vitória,3201,Vitória,32,Espírito Santo,ES,3,Sudeste,SE,,,73.623,-20.83753894212253,-40.77244722758438
2513927,São Bentinho,250012,Pombal,2503,Patos,25,Paraíba,PB,2,Nordeste,NE,,,199.635,-6.873778786793878,-37.707174950972735
4320453,Sério,430041,Lajeado,4308,Santa Cruz do Sul - Lajeado,43,Rio Grande do Sul,RS,4,Sul,S,,,105.428,-29.393659340128647,-52.24870070042643
5215306,Orizona,520006,Pires do Rio,5201,Goiânia,52,Goiás,GO,5,Centro-oeste,CO,,,1971.265,-17.007864792183238,-48.194850312507036
3123601,Elói Mendes,310040,Varginha,3108,Varginha,31,Minas Gerais,MG,3,Sudeste,SE,,,499.537,-21.612366427320108,-45.59732979544216
2203008,Cristalândia do Piauí,220015,Corrente,2205,Corrente - Bom Jesus,22,Piauí,PI,2,Nordeste,NE,,,1202.898,-10.741885625393518,-45.11363547513272
3156304,Rodeiro,310029,Ubá,3106,Juíz de Fora,31,Minas Gerais,MG,3,Sudeste,SE,3169901,Ubá/MG,72.673,-21.210682432845562,-42.84131285724319
3547809,Santo André,350001,São Paulo,3501,São Paulo,35,São Paulo,SP,3,Sudeste,SE,3550308,São Paulo/SP,175.801,-23.727911467177606,-46.44166369966745
4215356,Saltinho,420012,Maravilha,4204,Chapecó,42,Santa Catarina,SC,4,Sul,S,,,156.568,-26.590521576574528,-53.02227848560172
3506805,Bocaina,350010,Jaú,3503,Bauru,35,São Paulo,SP,3,Sudeste,SE,,,363.926,-22.105430307066236,-48.52905087698626
3164605,São Sebastião do Oeste,310065,Divinópolis,3113,Divinópolis,31,Minas Gerais,MG,3,Sudeste,SE,,,408.09,-20.251584798959126,-45.0442327360863
4312138,Mato Castelhano,430025,Passo Fundo,4306,Passo Fundo,43,Rio Grande do Sul,RS,4,Sul,S,,,238.268,-28.277646315243356,-52.19888191635265
5207253,Doverlândia,520011,Jataí-Mineiros,5203,Rio Verde,52,Goiás,GO,5,Centro-oeste,CO,,,3227.558,-16.804712258492927,-52.49325440846442
3139300,Manga,310007,Janaúba,3102,Montes Claros,31,Minas Gerais,MG,3,Sudeste,SE,,,1950.184,-14.648100227370763,-44.09254592745595
2603603,Camutanga,260002,Goiana - Timbaúba,2601,Recife,26,Pernambuco,PE,2,Nordeste,NE,,,39.116,-7.43391105908655,-35.299186751239105
2611903,Rio Formoso,260007,Barreiros - Sirinhaém,2601,Recife,26,Pernambuco,PE,2,Nordeste,NE,,,227.458,-8.675068971506136,-35.21815017722115
3515350,Euclides da Cunha Paulista,350018,Presidente Prudente,3505,Presidente Prudente,35,São Paulo,SP,3,Sudeste,SE,,,571.169,-22.51901426912811,-52.58927798085045
3540002,Pompéia,350013,Marília,3504,Marília,35,São Paulo,SP,3,Sudeste,SE,,,784.674,-22.02918948730397,-50.18772695357603
1720804,Sítio Novo do Tocantins,170009,Araguatins,1702,Araguaína,17,Tocantins,TO,1,Norte,N,,,307.095,-5.635116485937178,-47.68409423066158
3115409,Catas Altas da Noruega,310038,Conselheiro Lafaiete,3107,Barbacena,31,Minas Gerais,MG,3,Sudeste,SE,,,141.622,-20.66958476648851,-43.499976973289655
2926202,Riachão das Neves,290018,Barreiras,2906,Barreiras,29,Bahia,BA,2,Nordeste,NE,,,5969.305,-11.622837815554012,-45.217307949222146
4312252,Minas do Leão,430006,Charqueadas - Triunfo - São Jerônimo,4301,Porto Alegre,43,Rio Grande do Sul,RS,4,Sul,S,,,424.339,-30.07472356013944,-52.0779146100359
2505600,Diamante,250010,Itaporanga,2503,Patos,25,Paraíba,PB,2,Nordeste,NE,,,271.791,-7.423745030713106,-38.31554237482292
3556354,Vargem,350041,Bragança Paulista,3510,Campinas,35,São Paulo,SP,3,Sudeste,SE,,,142.595,-22.89018682447088,-46.4144809283323
5215405,Ouro Verde de Goiás,520002,Anápolis,5201,Goiânia,52,Goiás,GO,5,Centro-oeste,CO,,,208.804,-16.254381092272,-49.219564504641525
3148103,Patrocínio,310064,Patrocínio,3112,Patos de Minas,31,Minas Gerais,MG,3,Sudeste,SE,,,2874.344,-18.97051560747863,-47.0512548783677
3131109,Inimutaba,310004,Curvelo,3101,Belo Horizonte,31,Minas Gerais,MG,3,Sudeste,SE,,,527.06,-18.730258991893702,-44.29191753943863
3156403,Romaria,310061,Monte Carmelo,3111,Uberlândia,31,Minas Gerais,MG,3,Sudeste,SE,,,407.557,-18.903532420417296,-47.56255697203511
3531803,Monte Mor,350038,Campinas,3510,Campinas,35,São Paulo,SP,3,Sudeste,SE,3509502,Campinas/SP,240.566,-22.953195924667945,-47.307329063139555
5207352,Edealina,520009,Piracanjuba,5202,Itumbiara,52,Goiás,GO,5,Centro-oeste,CO,,,598.218,-17.420098427939184,-49.739621064113095
1503903,Juruti,150017,Oriximiná,1505,Santarém,15,Pará,PA,1,Norte,N,,,8305.907,-2.622808043143135,-56.22134324414184
2804607,Nossa Senhora das Dores,280001,Aracaju,2801,Aracaju,28,Sergipe,SE,2,Nordeste,NE,,,482.785,-10.466455108347319,-37.24041035749574
3302908,Miguel Pereira,330006,Valença,3302,Volta Redonda - Barra Mansa,33,Rio de Janeiro,RJ,3,Sudeste,SE,,,287.933,-22.506491274625546,-43.469240902727904
4100608,Alto Paraná,410017,Paranavaí,4104,Maringá,41,Paraná,PR,4,Sul,S,,,409.014,-23.076284432481724,-52.32382907463986
2918001,Jequié,290012,Jequié,2904,Vitória da Conquista,29,Bahia,BA,2,Nordeste,NE,2918001,Jequié,2969.039,-13.87760673039109,-40.14613046067112
4320404,Serafina Corrêa,430038,Nova Prata - Guaporé,4307,Caxias do Sul,43,Rio Grande do Sul,RS,4,Sul,S,,,163.503,-28.70161291392006,-51.933573915157865
2603702,Canhotinho,260010,Garanhuns,2602,Caruaru,26,Pernambuco,PE,2,Nordeste,NE,,,422.831,-8.89314145733212,-36.176921049972265
2705705,Olho d'Água das Flores,270011,Pão de Açúcar - Olho d'Água das Flores - Batalha,2702,Arapiraca,27,Alagoas,AL,2,Nordeste,NE,,,188.398,-9.533007068942272,-37.257310146228505
1300029,Alvarães,130005,Tefé,1302,Tefé,13,Amazonas,AM,1,Norte,N,,,5964.611,-3.6964071010288273,-65.32975863823424
4116950,Nova Esperança do Sudoeste,410009,Francisco Beltrão,4103,Cascavel,41,Paraná,PR,4,Sul,S,,,207.849,-25.898204010600068,-53.25799120573643
4215307,Salete,420022,Rio do Sul,4207,Blumenau,42,Santa Catarina,SC,4,Sul,S,,,177.887,-26.96962325621519,-50.010685052863224
2105153,Igarapé do Meio,210009,Santa Inês,2102,Santa Inês - Bacabal,21,Maranhão,MA,2,Nordeste,NE,,,368.703,-3.656486325800147,-45.12386364583112
5100250,Alta Floresta,510010,Alta Floresta,5103,Sinop,51,Mato Grosso,MT,5,Centro-oeste,CO,,,8955.409,-10.05580468189205,-56.36770852877031
3122900,Dona Euzébia,310032,Cataguases,3106,Juíz de Fora,31,Minas Gerais,MG,3,Sudeste,SE,,,70.231,-21.331451584040536,-42.80105570958164
3148202,Patrocínio do Muriaé,310031,Muriaé,3106,Juíz de Fora,31,Minas Gerais,MG,3,Sudeste,SE,,,108.246,-21.16715283610736,-42.252986383944105
2301851,Banabuiú,230006,Quixadá,2302,Quixadá,23,Ceará,CE,2,Nordeste,NE,,,1080.983,-5.2622046707437695,-38.90364430550761
4312203,Maximiliano de Almeida,430032,Tapejara - Sananduva,4306,Passo Fundo,43,Rio Grande do Sul,RS,4,Sul,S,,,208.955,-27.60396523530971,-51.81576497908943
3163904,São Pedro da União,310044,Guaxupé,3108,Varginha,31,Minas Gerais,MG,3,Sudeste,SE,,,260.827,-21.126831564433196,-46.641947415528826
3523602,Itirapina,350037,São Carlos,3509,Araraquara,35,São Paulo,SP,3,Sudeste,SE,,,564.603,-22.294603125052205,-47.83406502042159
3556305,Valparaíso,350022,Araçatuba,3506,Araçatuba,35,São Paulo,SP,3,Sudeste,SE,,,857.661,-21.20310358423383,-50.9238679823833
2513851,Santo André,250005,Campina Grande,2502,Campina Grande,25,Paraíba,PB,2,Nordeste,NE,,,197.791,-7.221077228606855,-36.61465697804701
4117057,Nova Laranjeiras,410011,Laranjeiras do Sul - Quedas do Iguaçu,4103,Cascavel,41,Paraná,PR,4,Sul,S,,,1201.246,-25.225318278933575,-52.57583057498851
1712702,Mateiros,170001,Palmas,1701,Palmas,17,Tocantins,TO,1,Norte,N,,,9589.273,-10.583008016327046,-46.50260695771107
3204252,Ponto Belo,320003,São Mateus,3202,São Mateus,32,Espírito Santo,ES,3,Sudeste,SE,,,360.11,-18.25079631789409,-40.514257379118014
3114709,Carvalhópolis,310042,Alfenas,3108,Varginha,31,Minas Gerais,MG,3,Sudeste,SE,,,81.101,-21.772818329618012,-45.8305142675494
3123007,Dores de Campos,310037,Barbacena,3107,Barbacena,31,Minas Gerais,MG,3,Sudeste,SE,,,124.842,-21.100142806281674,-43.989613933058145
3539806,Poá,350001,São Paulo,3501,São Paulo,35,São Paulo,SP,3,Sudeste,SE,3550308,São Paulo/SP,17.264,-23.530476886266026,-46.34678327999084
2407302,Marcelino Vieira,240010,Pau dos Ferros,2403,Mossoró,24,Rio Grande do Norte,RN,2,Nordeste,NE,,,345.711,-6.280315707173896,-38.1573357819081
3515400,Fartura,350017,Piraju,3504,Marília,35,São Paulo,SP,3,Sudeste,SE,,,429.171,-23.390174765471876,-49.51968701854362
3302858,Mesquita,330001,Rio de Janeiro,3301,Rio de Janeiro,33,Rio de Janeiro,RJ,3,Sudeste,SE,3304557,Rio de Janeiro/RJ,41.169,-22.799313499808466,-43.45231513392908
3548104,Santo Antônio do Jardim,350044,São João da Boa Vista,3510,Campinas,35,São Paulo,SP,3,Sudeste,SE,,,109.956,-22.130317997460445,-46.68348968966892
4125209,São Jorge d'Oeste,410012,Dois Vizinhos,4103,Cascavel,41,Paraná,PR,4,Sul,S,,,379.442,-25.655927181245296,-52.93987382221335
2612208,Salgueiro,260017,Salgueiro,2604,Petrolina,26,Pernambuco,PE,2,Nordeste,NE,,,1678.562,-8.129180743139866,-39.08981491121738
3556404,Vargem Grande do Sul,350044,São João da Boa Vista,3510,Campinas,35,São Paulo,SP,3,Sudeste,SE,,,267.178,-21.86067852150932,-46.89898365556247
3155702,Rio Piracicaba,310026,João Monlevade,3105,Ipatinga,31,Minas Gerais,MG,3,Sudeste,SE,,,373.037,-19.970814598023253,-43.14920067720376
1720853,Sucupira,170010,Gurupi,1703,Gurupi,17,Tocantins,TO,1,Norte,N,,,1018.222,-12.113281298678189,-48.834343128620326
2105104,Icatu,210001,São Luís,2101,São Luís,21,Maranhão,MA,2,Nordeste,NE,,,1124.446,-2.653297742538866,-43.86300127077382
3204609,Santa Teresa,320002,Afonso Cláudio - Venda Nova do Imigrante - Santa Maria de Jetibá,3201,Vitória,32,Espírito Santo,ES,3,Sudeste,SE,,,683.032,-19.879204630179807,-40.634853767029
3114808,Carvalhos,310054,Caxambu - Baependi,3109,Pouso Alegre,31,Minas Gerais,MG,3,Sudeste,SE,,,282.254,-22.02256039508529,-44.48860863169128
2211209,Uruçuí,220018,Uruçuí,2206,Floriano,22,Piauí,PI,2,Nordeste,NE,,,8413.009,-7.791883030375114,-44.56948602407579
3131158,Ipaba,310024,Ipatinga,3105,Ipatinga,31,Minas Gerais,MG,3,Sudeste,SE,3131307,Ipatinga/MG,113.246,-19.408841390997686,-42.37079773315727
5108501,Vera,510008,Sorriso,5103,Sinop,51,Mato Grosso,MT,5,Centro-oeste,CO,,,2978.675,-12.418767722154108,-55.345548606777335
3531605,Monte Castelo,350020,Dracena,3505,Presidente Prudente,35,São Paulo,SP,3,Sudeste,SE,,,233.289,-21.254704633475743,-51.57123274737635
3139201,Malacacheta,310013,Teófilo Otoni,3103,Teófilo Otoni,31,Minas Gerais,MG,3,Sudeste,SE,,,727.886,-17.843360070013517,-42.110226675286576
3539905,Poloni,350025,São José do Rio Preto,3507,São José do Rio Preto,35,São Paulo,SP,3,Sudeste,SE,,,135.119,-20.75246024745488,-49.81996832267931
5215702,Palmeiras de Goiás,520015,Palmeiras de Goiás,5204,São Luís de Montes Belos - Iporá,52,Goiás,GO,5,Centro-oeste,CO,,,1537.199,-16.809009493965842,-49.94482020231445
5002902,Cassilândia,500003,Paranaíba - Chapadão do Sul - Cassilândia,5001,Campo Grande,50,Mato Grosso do Sul,MS,5,Centro-oeste,CO,,,3711.715,-19.097582525816943,-52.17351116472574
2705507,Murici,270005,União dos Palmares,2701,Maceió,27,Alagoas,AL,2,Nordeste,NE,,,418.028,-9.290862776254901,-35.92395871213957
1504208,Marabá,150009,Marabá,1503,Marabá,15,Pará,PA,1,Norte,N,1504208,Marabá,15127.872,-5.629805374372115,-50.016968691429085
2902252,Arataca,290010,Camacan,2903,Ilhéus - Itabuna,29,Bahia,BA,2,Nordeste,NE,,,435.962,-15.243275297754545,-39.41217949237021
4117008,Nova Fátima,410024,Cornélio Procópio - Bandeirantes,4105,Londrina,41,Paraná,PR,4,Sul,S,,,283.423,-23.418505170737554,-50.53846975416582
2604007,Carpina,260006,Carpina,2601,Recife,26,Pernambuco,PE,2,Nordeste,NE,,,146.494,-7.819232830517577,-35.30606147891111
3548203,Santo Antônio do Pinhal,350050,Taubaté - Pindamonhangaba,3511,São José dos Campos,35,São Paulo,SP,3,Sudeste,SE,,,132.966,-22.831661055723902,-45.698154857437316
3147501,Passabém,310005,Itabira,3101,Belo Horizonte,31,Minas Gerais,MG,3,Sudeste,SE,,,94.183,-19.360287411038914,-43.17529984178191
4304358,Candiota,430010,Bagé,4302,Pelotas,43,Rio Grande do Sul,RS,4,Sul,S,4301602,Bagé/RS,933.628,-31.554434760700538,-53.745719591311904
2513802,Santa Teresinha,250009,Patos,2503,Patos,25,Paraíba,PB,2,Nordeste,NE,,,359.442,-7.091142053918531,-37.44539104181122
5108352,Vale de São Domingos,510005,Pontes e Lacerda - Comodoro,5102,Cáceres,51,Mato Grosso,MT,5,Centro-oeste,CO,,,1902.108,-14.965997649771744,-58.96306565126553
2513158,Santa Cecília,250005,Campina Grande,2502,Campina Grande,25,Paraíba,PB,2,Nordeste,NE,,,217.577,-7.728940435810847,-35.92154826569417
5100300,Alto Araguaia,510016,Rondonópolis,5105,Rondonópolis,51,Mato Grosso,MT,5,Centro-oeste,CO,,,5094.148,-17.42696335828858,-53.464190151036696
3523404,Itatiba,350039,Jundiaí,3510,Campinas,35,São Paulo,SP,3,Sudeste,SE,3523404,Itatiba,322.253,-23.00670869323088,-46.81430073475663
2407252,Major Sales,240010,Pau dos Ferros,2403,Mossoró,24,Rio Grande do Norte,RN,2,Nordeste,NE,,,31.971,-6.405107598887915,-38.31764474703648
3131000,Inhaúma,310002,Sete Lagoas,3101,Belo Horizonte,31,Minas Gerais,MG,3,Sudeste,SE,3167202,Sete Lagoas/MG,244.996,-19.49794392607839,-44.40912887242081
3531704,Monteiro Lobato,350049,São José dos Campos,3511,São José dos Campos,35,São Paulo,SP,3,Sudeste,SE,3549904,São José dos Campos/SP,332.408,-22.93637172220122,-45.804190007017816
5215801,Palmelo,520006,Pires do Rio,5201,Goiânia,52,Goiás,GO,5,Centro-oeste,CO,,,59.809,-17.306390573192772,-48.39737311101594
5003256,Costa Rica,500004,Coxim,5001,Campo Grande,50,Mato Grosso do Sul,MS,5,Centro-oeste,CO,,,4159.384,-18.518791702013765,-53.20312945770248
1712504,Marianópolis do Tocantins,170003,Paraíso do Tocantins,1701,Palmas,17,Tocantins,TO,1,Norte,N,,,2089.575,-9.787577536052607,-49.70003950374035
4108809,Guaíra,410008,Toledo,4103,Cascavel,41,Paraná,PR,4,Sul,S,,,563.414,-24.190534422546882,-54.231241698245334
1504307,Maracanã,150004,Castanhal,1502,Castanhal,15,Pará,PA,1,Norte,N,,,807.628,-0.810134916231109,-47.497441449011205
3204559,Santa Maria de Jetibá,320002,Afonso Cláudio - Venda Nova do Imigrante - Santa Maria de Jetibá,3201,Vitória,32,Espírito Santo,ES,3,Sudeste,SE,,,735.198,-20.085099313354064,-40.80638902673933
2705606,Novo Lino,270002,Porto Calvo - São Luís do Quitunde,2701,Maceió,27,Alagoas,AL,2,Nordeste,NE,,,219.327,-8.964399218543425,-35.63061877964921
4215208,Romelândia,420009,São Miguel do Oeste,4204,Chapecó,42,Santa Catarina,SC,4,Sul,S,,,223.333,-26.648389525226335,-53.31712397416641
4320800,Soledade,430031,Soledade,4306,Passo Fundo,43,Rio Grande do Sul,RS,4,Sul,S,,,1215.056,-28.839159738157626,-52.53712252531858
4312625,Muliterno,430030,Marau,4306,Passo Fundo,43,Rio Grande do Sul,RS,4,Sul,S,,,110.969,-28.326919586182047,-51.77700171494713
3523503,Itatinga,350011,Botucatu,3503,Bauru,35,São Paulo,SP,3,Sudeste,SE,,,979.526,-23.153630778392568,-48.629424471891305
3122801,Dom Viçoso,310053,São Lourenço,3109,Pouso Alegre,31,Minas Gerais,MG,3,Sudeste,SE,,,113.921,-22.228565811578694,-45.14282641240634
3507159,Bom Sucesso de Itararé,350004,Itapeva,3502,Sorocaba,35,São Paulo,SP,3,Sudeste,SE,,,133.578,-24.31593615247875,-49.164579589197686
1720655,Silvanópolis,170002,Porto Nacional,1701,Palmas,17,Tocantins,TO,1,Norte,N,,,1258.771,-11.13075316989862,-48.00498927912181
2210508,São Pedro do Piauí,220002,Amarante - Água Branca - Regeneração,2201,Teresina,22,Piauí,PI,2,Nordeste,NE,,,518.285,-5.818189140022222,-42.78660359877639
4312617,Muitos Capões,430039,Vacaria,4307,Caxias do Sul,43,Rio Grande do Sul,RS,4,Sul,S,,,1193.23,-28.384951065241257,-51.2296482406121
2910503,Entre Rios,290002,Alagoinhas,2901,Salvador,29,Bahia,BA,2,Nordeste,NE,,,1187.767,-12.063569458197207,-38.04827505599151
3172103,Volta Grande,310036,Além Paraíba,3106,Juíz de Fora,31,Minas Gerais,MG,3,Sudeste,SE,,,205.552,-21.75802234896115,-42.557356441669064
3556206,Valinhos,350038,Campinas,3510,Campinas,35,São Paulo,SP,3,Sudeste,SE,3509502,Campinas/SP,148.72,-22.975120211346525,-46.981223647997645
2104909,Guimarães,210008,Cururupu,2101,São Luís,21,Maranhão,MA,2,Nordeste,NE,,,478.857,-2.1464415007771858,-44.662809792501804
2309409,Novo Oriente,230013,Crateús,2305,Crateús,23,Ceará,CE,2,Nordeste,NE,,,954.384,-5.592393943135115,-40.770897363057685
4125001,São João do Ivaí,410025,Ivaiporã,4105,Londrina,41,Paraná,PR,4,Sul,S,,,351.885,-23.992376108606834,-51.84818337079988
5108303,União do Sul,510007,Sinop,5103,Sinop,51,Mato Grosso,MT,5,Centro-oeste,CO,,,4590.628,-11.52767599529901,-54.316447283520084
2210623,Sebastião Barros,220015,Corrente,2205,Corrente - Bom Jesus,22,Piauí,PI,2,Nordeste,NE,,,893.489,-10.654383445519262,-44.83335429543235
4312609,Muçum,430043,Encantado,4308,Santa Cruz do Sul - Lajeado,43,Rio Grande do Sul,RS,4,Sul,S,,,111.247,-29.140403439494925,-51.81558253217917
3539202,Pirapozinho,350018,Presidente Prudente,3505,Presidente Prudente,35,São Paulo,SP,3,Sudeste,SE,3541406,Presidente Prudente/SP,477.673,-22.47918338999455,-51.61979998458777
2513109,Salgado de São Félix,250004,Itabaiana,2501,João Pessoa,25,Paraíba,PB,2,Nordeste,NE,,,204.079,-7.414727499993934,-35.4635968765339
3107208,Bocaina de Minas,310027,Juiz de Fora,3106,Juíz de Fora,31,Minas Gerais,MG,3,Sudeste,SE,,,503.77,-22.215716495571414,-44.48275881299572
4108650,Goioxim,410004,Guarapuava,4102,Guarapuava,41,Paraná,PR,4,Sul,S,,,702.284,-25.129769101824248,-51.994671218265914
4207007,Içara,420002,Criciúma,4202,Criciúma,42,Santa Catarina,SC,4,Sul,S,4204608,Criciúma/SC,230.487,-28.75168211628721,-49.277393935870435
3114600,Carrancas,310043,Lavras,3108,Varginha,31,Minas Gerais,MG,3,Sudeste,SE,,,727.894,-21.496353385207655,-44.61208271698382
3204658,São Domingos do Norte,320005,Colatina,3203,Colatina,32,Espírito Santo,ES,3,Sudeste,SE,,,298.58,-19.122438382284006,-40.56668088952022
5003207,Corumbá,500010,Corumbá,5003,Corumbá,50,Mato Grosso do Sul,MS,5,Centro-oeste,CO,5003207,Internacional de Corumbá/Brasil,64431.145,-18.724467914102405,-56.72693337763444
4100459,Altamira do Paraná,410015,Campo Mourão,4104,Maringá,41,Paraná,PR,4,Sul,S,,,386.952,-24.81337544142147,-52.69230807170477
3515301,Estrela do Norte,350018,Presidente Prudente,3505,Presidente Prudente,35,São Paulo,SP,3,Sudeste,SE,3541406,Presidente Prudente/SP,264.987,-22.485611238061622,-51.66907298440746
3139250,Mamonas,310012,Espinosa,3102,Montes Claros,31,Minas Gerais,MG,3,Sudeste,SE,,,284.365,-15.012832833257564,-42.95391330283929
2210607,São Raimundo Nonato,220013,São Raimundo Nonato,2204,São Raimundo Nonato,22,Piauí,PI,2,Nordeste,NE,,,2415.29,-8.965650926693307,-42.71563056389639
3548005,Santo Antônio de Posse,350038,Campinas,3510,Campinas,35,São Paulo,SP,3,Sudeste,SE,,,154.133,-22.60327726447533,-46.94991536879206
2918357,João Dourado,290020,Irecê,2907,Irecê,29,Bahia,BA,2,Nordeste,NE,,,913.258,-11.220169225257033,-41.56721355577176
2301208,Aracoiaba,230003,Redenção-Acarape,2301,Fortaleza,23,Ceará,CE,2,Nordeste,NE,,,643.988,-4.482964413526083,-38.71346302109297
4304408,Canela,430036,Caxias do Sul,4307,Caxias do Sul,43,Rio Grande do Sul,RS,4,Sul,S,,,253.05,-29.351353022278552,-50.775162959481
2902302,Aratuípe,290006,Nazaré - Maragogipe,2902,Santo Antônio de Jesus,29,Bahia,BA,2,Nordeste,NE,,,174.012,-13.084629824612483,-39.06942934045205
2926657,Ribeirão do Largo,290011,Vitória da Conquista,2904,Vitória da Conquista,29,Bahia,BA,2,Nordeste,NE,,,1363.7,-15.427224045204875,-40.65184654142508
3531001,Monções,350022,Araçatuba,3506,Araçatuba,35,São Paulo,SP,3,Sudeste,SE,,,104.352,-20.863136009215694,-50.079458007934726
4125100,São João do Triunfo,410027,Ponta Grossa,4106,Ponta Grossa,41,Paraná,PR,4,Sul,S,,,718.68,-25.670249955342246,-50.28683241883671
2105005,Humberto de Campos,210006,Barreirinhas,2101,São Luís,21,Maranhão,MA,2,Nordeste,NE,,,1714.625,-2.7209951538587047,-43.562810944697496
2513208,Santa Cruz,250014,Sousa,2504,Sousa - Cajazeiras,25,Paraíba,PB,2,Nordeste,NE,,,217.677,-6.548844243463327,-38.05281505203553
5215603,Padre Bernardo,520020,Águas Lindas de Goiás,5206,Luziânia - Águas Lindas de Goiás,52,Goiás,GO,5,Centro-oeste,CO,5300108,Brasília/DF,3142.615,-15.361401784545814,-48.304335756177146
4312450,Morro Redondo,430009,Pelotas,4302,Pelotas,43,Rio Grande do Sul,RS,4,Sul,S,,,244.644,-31.63714883381411,-52.63774796313689
4312443,Morrinhos do Sul,430008,Torres,4301,Porto Alegre,43,Rio Grande do Sul,RS,4,Sul,S,,,166.224,-29.337589631726154,-49.95419943249152
5108402,Várzea Grande,510001,Cuiabá,5101,Cuiabá,51,Mato Grosso,MT,5,Centro-oeste,CO,5103403,Cuiabá/MT,939.887,-15.556075355924094,-56.28926382740534
4214508,Rio do Campo,420022,Rio do Sul,4207,Blumenau,42,Santa Catarina,SC,4,Sul,S,,,502.095,-26.8923067280996,-50.13139401635226
1504109,Magalhães Barata,150004,Castanhal,1502,Castanhal,15,Pará,PA,1,Norte,N,,,323.984,-0.8098517372193931,-47.63520971658047
5003306,Coxim,500004,Coxim,5001,Campo Grande,50,Mato Grosso do Sul,MS,5,Centro-oeste,CO,,,6390.663,-18.280898796942537,-54.67412213770177
2202406,Capitão de Campos,220007,Piripiri,2202,Parnaíba,22,Piauí,PI,2,Nordeste,NE,,,564.858,-4.5231399147922575,-41.90049778466619
2918456,Jucuruçu,290008,Teixeira de Freitas,2903,Ilhéus - Itabuna,29,Bahia,BA,2,Nordeste,NE,,,1457.656,-16.84556757747418,-40.10075358476467
4312427,Mormaço,430031,Soledade,4306,Passo Fundo,43,Rio Grande do Sul,RS,4,Sul,S,,,146.191,-28.693759367434637,-52.66187723209647
3522802,Itaporanga,350004,Itapeva,3502,Sorocaba,35,São Paulo,SP,3,Sudeste,SE,,,507.997,-23.672949422043573,-49.4584913520264
4116901,Nova Esperança,410014,Maringá,4104,Maringá,41,Paraná,PR,4,Sul,S,,,402.051,-23.191518273690313,-52.250955399363605
2603900,Carnaíba,260014,Afogados da Ingazeira,2603,Serra Talhada,26,Pernambuco,PE,2,Nordeste,NE,,,432.134,-7.795242031615302,-37.72676836283053
4320602,Severiano de Almeida,430026,Erechim,4306,Passo Fundo,43,Rio Grande do Sul,RS,4,Sul,S,,,167.598,-27.41545342053692,-52.11139193370213
2705903,Olho d'Água Grande,270007,Arapiraca,2702,Arapiraca,27,Alagoas,AL,2,Nordeste,NE,,,115.509,-10.056533876900895,-36.79261325818064
5100201,Água Boa,510015,Água Boa,5104,Barra do Garças,51,Mato Grosso,MT,5,Centro-oeste,CO,,,7549.308,-13.977564264645068,-52.50025308122186
5207535,Faina,520005,Goiás - Itapuranga,5201,Goiânia,52,Goiás,GO,5,Centro-oeste,CO,,,1949.685,-15.43549799103437,-50.37056142292792
2505006,Cubati,250005,Campina Grande,2502,Campina Grande,25,Paraíba,PB,2,Nordeste,NE,,,163.57,-6.860507641099993,-36.326658125787894
3106507,Berilo,310017,Araçuaí,3103,Teófilo Otoni,31,Minas Gerais,MG,3,Sudeste,SE,,,587.106,-16.862375936963858,-42.49428875015017
2910305,Elísio Medrado,290003,Santo Antônio de Jesus,2902,Santo Antônio de Jesus,29,Bahia,BA,2,Nordeste,NE,,,179.329,-12.934872312298785,-39.52633543903257
2414803,Vera Cruz,240001,Natal,2401,Natal,24,Rio Grande do Norte,RN,2,Nordeste,NE,,,84.127,-6.037194679656233,-35.43552771862053
3507209,Borá,350014,Assis,3504,Marília,35,São Paulo,SP,3,Sudeste,SE,,,118.951,-22.244216994185503,-50.50212705702768
4206306,Guabiruba,420021,Brusque,4207,Blumenau,42,Santa Catarina,SC,4,Sul,S,4202909,Brusque/SC,172.173,-27.103337763789114,-49.0207504549609
2926608,Ribeira do Pombal,290025,Ribeira do Pombal,2909,Paulo Afonso,29,Bahia,BA,2,Nordeste,NE,,,1228.125,-10.794014958190479,-38.54693951040405
1200807,Porto Acre,120001,Rio Branco,1201,Rio Branco,12,Acre,AC,1,Norte,N,,,2603.942,-9.629524336133697,-67.69843022511651
3514601,Dumont,350031,Ribeirão Preto,3508,Ribeirão Preto,35,São Paulo,SP,3,Sudeste,SE,,,111.361,-21.247082574371834,-47.97980719933784
4108700,Grandes Rios,410025,Ivaiporã,4105,Londrina,41,Paraná,PR,4,Sul,S,,,311.512,-24.190492917597222,-51.44751265602038
1703701,Brejinho de Nazaré,170002,Porto Nacional,1701,Palmas,17,Tocantins,TO,1,Norte,N,,,1722.59,-11.02927078826835,-48.62412677876268
2309201,Nova Olinda,230011,Juazeiro do Norte,2304,Juazeiro do Norte,23,Ceará,CE,2,Nordeste,NE,,,282.584,-7.093138958972608,-39.665085043354495
4312401,Montenegro,430007,Montenegro,4301,Porto Alegre,43,Rio Grande do Sul,RS,4,Sul,S,,,425.159,-29.710125440024456,-51.50292700819509
2804003,Maruim,280001,Aracaju,2801,Aracaju,28,Sergipe,SE,2,Nordeste,NE,2800308,Aracaju/SE,95.554,-10.73040510976983,-37.10523198441491
4320701,Sobradinho,430042,Sobradinho,4308,Santa Cruz do Sul - Lajeado,43,Rio Grande do Sul,RS,4,Sul,S,,,128.823,-29.405570134865524,-53.026006397478305
4124400,Santo Antônio do Sudoeste,410009,Francisco Beltrão,4103,Cascavel,41,Paraná,PR,4,Sul,S,,,327.008,-26.066368511634117,-53.63337523427854
2210409,São Miguel do Tapuio,220003,Campo Maior,2201,Teresina,22,Piauí,PI,2,Nordeste,NE,,,4988.973,-5.741035770933088,-41.43977363593059
2902104,Araci,290033,Serrinha,2910,Feira de Santana,29,Bahia,BA,2,Nordeste,NE,,,1496.246,-11.212471532220258,-39.06446381581778
3123205,Dores do Indaiá,310067,Dores do Indaiá,3113,Divinópolis,31,Minas Gerais,MG,3,Sudeste,SE,,,1111.202,-19.48965312147797,-45.54732819461407
3302809,Mendes,330004,Volta Redonda - Barra Mansa,3302,Volta Redonda - Barra Mansa,33,Rio de Janeiro,RJ,3,Sudeste,SE,,,95.324,-22.52152775765355,-43.7397619621665
2910404,Encruzilhada,290011,Vitória da Conquista,2904,Vitória da Conquista,29,Bahia,BA,2,Nordeste,NE,,,1890.133,-15.594911729204663,-40.99991235155983
3172004,Visconde do Rio Branco,310029,Ubá,3106,Juíz de Fora,31,Minas Gerais,MG,3,Sudeste,SE,,,243.351,-21.01157730030876,-42.83996502141139
4100509,Altônia,410016,Umuarama,4104,Maringá,41,Paraná,PR,4,Sul,S,,,663.955,-23.90220048458982,-53.94928821134721
2918407,Juazeiro,290022,Juazeiro,2908,Juazeiro,29,Bahia,BA,2,Nordeste,NE,2611101,Petrolina/PE - Juazeiro/BA,6721.592,-9.556874382494318,-40.27468264543188
3106606,Bertópolis,310019,Águas Formosas,3103,Teófilo Otoni,31,Minas Gerais,MG,3,Sudeste,SE,,,427.803,-16.974530227791423,-40.574243816960795
4206405,Guaraciaba,420009,São Miguel do Oeste,4204,Chapecó,42,Santa Catarina,SC,4,Sul,S,,,331.766,-26.580105585112587,-53.57107639921105
5207501,Estrela do Norte,520016,Porangatu,5205,Porangatu - Uruaçu,52,Goiás,GO,5,Centro-oeste,CO,,,301.139,-13.814164162866225,-49.08621963506456
2406601,Lagoa Salgada,240001,Natal,2401,Natal,24,Rio Grande do Norte,RN,2,Nordeste,NE,,,79.128,-6.1471925827278895,-35.50504145610334
3548054,Santo Antônio do Aracanguá,350022,Araçatuba,3506,Araçatuba,35,São Paulo,SP,3,Sudeste,SE,,,1308.889,-20.87292125540043,-50.554383299040055
2301000,Aquiraz,230001,Fortaleza,2301,Fortaleza,23,Ceará,CE,2,Nordeste,NE,2304400,Fortaleza/CE,480.236,-3.9765700867288563,-38.39408074071723
2414902,Viçosa,240010,Pau dos Ferros,2403,Mossoró,24,Rio Grande do Norte,RN,2,Nordeste,NE,,,37.905,-5.987056141014845,-37.95502440500037
4116208,Morretes,410002,Paranaguá,4101,Curitiba,41,Paraná,PR,4,Sul,S,,,686.489,-25.51825585119167,-48.85624356770914
4304200,Candelária,430040,Santa Cruz do Sul,4308,Santa Cruz do Sul - Lajeado,43,Rio Grande do Sul,RS,4,Sul,S,,,944.735,-29.700363957106557,-52.81321929473915
2210391,São Miguel do Fidalgo,220011,Oeiras,2203,Picos,22,Piauí,PI,2,Nordeste,NE,,,813.444,-7.596751614040875,-42.33266526474518
2309300,Nova Russas,230013,Crateús,2305,Crateús,23,Ceará,CE,2,Nordeste,NE,,,736.911,-4.679855959138216,-40.52877783960758
4312500,Mostardas,430001,Porto Alegre,4301,Porto Alegre,43,Rio Grande do Sul,RS,4,Sul,S,,,1977.442,-30.854278115607826,-50.72905276094817
4320677,Sinimbu,430040,Santa Cruz do Sul,4308,Santa Cruz do Sul - Lajeado,43,Rio Grande do Sul,RS,4,Sul,S,,,509.778,-29.44435552309108,-52.5688498429152
2513000,Salgadinho,250009,Patos,2503,Patos,25,Paraíba,PB,2,Nordeste,NE,,,179.005,-7.098730427611898,-36.842137871300466
5215652,Palestina de Goiás,520014,Iporá,5204,São Luís de Montes Belos - Iporá,52,Goiás,GO,5,Centro-oeste,CO,,,1318.047,-16.704524835568726,-51.441808681579204
2210383,São Miguel da Baixa Grande,220002,Amarante - Água Branca - Regeneração,2201,Teresina,22,Piauí,PI,2,Nordeste,NE,,,444.528,-5.8188252690705236,-42.272991256279994
5003108,Corguinho,500001,Campo Grande,5001,Campo Grande,50,Mato Grosso do Sul,MS,5,Centro-oeste,CO,,,2638.923,-19.807573805619565,-55.05740476716406
2202208,Campo Maior,220003,Campo Maior,2201,Teresina,22,Piauí,PI,2,Nordeste,NE,,,1680.863,-4.876998510757716,-42.144999414993656
2105302,Imperatriz,210019,Imperatriz,2105,Imperatriz,21,Maranhão,MA,2,Nordeste,NE,2105302,Imperatriz/MA,1369.039,-5.339771440297401,-47.57523824609156
3115003,Cascalho Rico,310059,Uberlândia,3111,Uberlândia,31,Minas Gerais,MG,3,Sudeste,SE,,,367.308,-18.568644576972293,-47.87695545691271
2902203,Aramari,290002,Alagoinhas,2901,Salvador,29,Bahia,BA,2,Nordeste,NE,,,368.947,-12.050722135133537,-38.52498546973411
3163805,São Miguel do Anta,310033,Viçosa,3106,Juíz de Fora,31,Minas Gerais,MG,3,Sudeste,SE,,,152.111,-20.726823574285355,-42.710833930511974
2210375,São Luis do Piauí,220009,Picos,2203,Picos,22,Piauí,PI,2,Nordeste,NE,,,238.099,-6.759968900412718,-41.260580536023596
2301109,Aracati,230008,Aracati,2302,Quixadá,23,Ceará,CE,2,Nordeste,NE,,,1227.196,-4.680982499419846,-37.685505437385636
5207600,Fazenda Nova,520013,São Luís de Montes Belos,5204,São Luís de Montes Belos - Iporá,52,Goiás,GO,5,Centro-oeste,CO,,,1279.107,-16.151406084442744,-50.857590081450425
4304309,Cândido Godói,430019,Santa Rosa,4305,Ijuí,43,Rio Grande do Sul,RS,4,Sul,S,,,247.196,-27.933677885070175,-54.71946399323157
2406700,Lajes,240011,Assú,2403,Mossoró,24,Rio Grande do Norte,RN,2,Nordeste,NE,,,676.627,-5.698166902140529,-36.18059705959513
4108007,Florestópolis,410021,Londrina,4105,Londrina,41,Paraná,PR,4,Sul,S,,,246.853,-22.893354458949226,-51.402686464744605
4320651,Silveira Martins,430011,Santa Maria,4303,Santa Maria,43,Rio Grande do Sul,RS,4,Sul,S,,,119.285,-29.63339325278992,-53.570202497884495
4312476,Morro Reuter,430002,Novo Hamburgo - São Leopoldo,4301,Porto Alegre,43,Rio Grande do Sul,RS,4,Sul,S,4314902,Porto Alegre/RS,87.032,-29.521520009940602,-51.05195312706724
5100508,Alto Paraguai,510003,Diamantino,5101,Cuiabá,51,Mato Grosso,MT,5,Centro-oeste,CO,,,1847.354,-14.759797373947661,-56.66124171223485
2504801,Coremas,250009,Patos,2503,Patos,25,Paraíba,PB,2,Nordeste,NE,,,372.012,-7.050476338086338,-37.975307366093524
2202307,Canto do Buriti,220019,Canto do Buriti,2206,Floriano,22,Piauí,PI,2,Nordeste,NE,,,4325.643,-8.342574645154992,-43.33760851467756
3155603,Rio Pardo de Minas,310008,Salinas,3102,Montes Claros,31,Minas Gerais,MG,3,Sudeste,SE,,,3117.675,-15.708961807511733,-42.55136372169882
2105401,Itapecuru Mirim,210004,Itapecuru Mirim,2101,São Luís,21,Maranhão,MA,2,Nordeste,NE,,,1480.641,-3.387319031907139,-44.27765974210105
2612109,Salgadinho,260004,Limoeiro,2601,Recife,26,Pernambuco,PE,2,Nordeste,NE,,,87.218,-7.9161448830692,-35.59381851723235
2803807,Malhada dos Bois,280003,Propriá,2801,Aracaju,28,Sergipe,SE,2,Nordeste,NE,,,63.199,-10.329222167635933,-36.944419116836286
3302106,Itaocara,330012,Santo Antônio de Pádua,3304,Campos dos Goytacazes,33,Rio de Janeiro,RJ,3,Sudeste,SE,,,433.182,-21.726890010113102,-42.08224211437383
2603926,Carnaubeira da Penha,260013,Serra Talhada,2603,Serra Talhada,26,Pernambuco,PE,2,Nordeste,NE,,,1004.248,-8.409135184894392,-38.72157765397321
4311809,Marau,430030,Marau,4306,Passo Fundo,43,Rio Grande do Sul,RS,4,Sul,S,,,649.77,-28.45520515011011,-52.26868157087684
5100607,Alto Taquari,510016,Rondonópolis,5105,Rondonópolis,51,Mato Grosso,MT,5,Centro-oeste,CO,,,1744.743,-17.82616891906028,-53.33485037955278
2504900,Cruz do Espírito Santo,250001,João Pessoa,2501,João Pessoa,25,Paraíba,PB,2,Nordeste,NE,,,192.512,-7.1489710631546926,-35.10274800473886
3106408,Belo Vale,310038,Conselheiro Lafaiete,3107,Barbacena,31,Minas Gerais,MG,3,Sudeste,SE,,,364.94,-20.424889706596055,-44.06014482270206
1720101,São Bento do Tocantins,170009,Araguatins,1702,Araguaína,17,Tocantins,TO,1,Norte,N,,,1099.58,-5.976005000061174,-47.93986189491638
4206207,Gravatal,420003,Tubarão,4202,Criciúma,42,Santa Catarina,SC,4,Sul,S,4218707,Tubarão - Laguna/SC,165.718,-28.354019534329627,-49.01952408318536
3204500,Santa Leopoldina,320002,Afonso Cláudio - Venda Nova do Imigrante - Santa Maria de Jetibá,3201,Vitória,32,Espírito Santo,ES,3,Sudeste,SE,,,718.326,-20.123158546720973,-40.539257963530204
3139607,Mantena,310022,Mantena,3104,Governador Valadares,31,Minas Gerais,MG,3,Sudeste,SE,,,685.208,-18.684918729055543,-41.080869413757235
2414704,Várzea,240002,Santo Antônio - Passa e Fica - Nova Cruz,2401,Natal,24,Rio Grande do Norte,RN,2,Nordeste,NE,,,72.684,-6.351456235553511,-35.368391961899874
2926509,Ribeira do Amparo,290025,Ribeira do Pombal,2909,Paulo Afonso,29,Bahia,BA,2,Nordeste,NE,,,666.036,-10.967742226909644,-38.37831288971419
4311791,Maratá,430007,Montenegro,4301,Porto Alegre,43,Rio Grande do Sul,RS,4,Sul,S,,,82.063,-29.548172562356417,-51.55028293843709
3147402,Paraopeba,310002,Sete Lagoas,3101,Belo Horizonte,31,Minas Gerais,MG,3,Sudeste,SE,,,625.631,-19.272196241031494,-44.452661328542334
3507100,Bom Jesus dos Perdões,350041,Bragança Paulista,3510,Campinas,35,São Paulo,SP,3,Sudeste,SE,3504107,Atibaia/SP,108.366,-23.172519989605124,-46.47897886685319
3514502,Duartina,350009,Bauru,3503,Bauru,35,São Paulo,SP,3,Sudeste,SE,,,264.557,-22.39328731244223,-49.41337334330432
1703602,Brasilândia do Tocantins,170007,Colinas do Tocantins,1702,Araguaína,17,Tocantins,TO,1,Norte,N,,,645.908,-8.289902278406784,-48.442792926385565
2309607,Pacajus,230001,Fortaleza,2301,Fortaleza,23,Ceará,CE,2,Nordeste,NE,,,250.305,-4.183823537087319,-38.49832703015856
2910701,Euclides da Cunha,290026,Euclides da Cunha,2909,Paulo Afonso,29,Bahia,BA,2,Nordeste,NE,,,2025.368,-10.464200056759854,-38.9151409747278
1503457,Ipixuna do Pará,150007,Paragominas,1502,Castanhal,15,Pará,PA,1,Norte,N,,,5215.555,-2.8057781601373186,-47.921546249966106
4303608,Cambará do Sul,430036,Caxias do Sul,4307,Caxias do Sul,43,Rio Grande do Sul,RS,4,Sul,S,,,1182.679,-29.05800094553767,-50.13526218769418
3302205,Itaperuna,330011,Itaperuna,3304,Campos dos Goytacazes,33,Rio de Janeiro,RJ,3,Sudeste,SE,,,1106.694,-21.22509754231077,-41.89402488723255
2803906,Malhador,280004,Itabaiana,2802,Itabaiana,28,Sergipe,SE,2,Nordeste,NE,,,101.888,-10.672891062669565,-37.2877918658881
1711902,Lagoa da Confusão,170003,Paraíso do Tocantins,1701,Palmas,17,Tocantins,TO,1,Norte,N,,,10563.181,-11.034998820699732,-50.16072229023584
2105351,Itaipava do Grajaú,210020,Barra do Corda,2105,Imperatriz,21,Maranhão,MA,2,Nordeste,NE,,,1244.398,-5.185122979774372,-45.678149239683734
4311775,Maquiné,430003,Tramandaí - Osório,4301,Porto Alegre,43,Rio Grande do Sul,RS,4,Sul,S,,,613.58,-29.63558073609693,-50.20839543234477
5003157,Coronel Sapucaia,500009,Amambai,5002,Dourados,50,Mato Grosso do Sul,MS,5,Centro-oeste,CO,,,1023.727,-23.347730262797096,-55.38308228302342
2918308,Jitaúna,290012,Jequié,2904,Vitória da Conquista,29,Bahia,BA,2,Nordeste,NE,,,262.05,-13.957972288230847,-39.86666005077884
2202251,Canavieira,220017,Floriano,2206,Floriano,22,Piauí,PI,2,Nordeste,NE,,,2165.2,-7.55771627065743,-43.558611435479065
3131406,Ipiaçu,310060,Ituiutaba,3111,Uberlândia,31,Minas Gerais,MG,3,Sudeste,SE,,,466.02,-18.698222910184978,-49.93211916978907
3522653,Itapirapuã Paulista,350004,Itapeva,3502,Sorocaba,35,São Paulo,SP,3,Sudeste,SE,,,406.478,-24.56900305539767,-49.22293443811377
5207402,Edéia,520015,Palmeiras de Goiás,5204,São Luís de Montes Belos - Iporá,52,Goiás,GO,5,Centro-oeste,CO,,,1469.099,-17.477064482488803,-49.96382651262585
2406502,Lagoa Nova,240008,Currais Novos,2402,Caicó,24,Rio Grande do Norte,RN,2,Nordeste,NE,,,176.302,-6.092457711225826,-36.51911491724619
2210805,Simplício Mendes,220012,Simplício Mendes,2203,Picos,22,Piauí,PI,2,Nordeste,NE,,,1360.04,-7.798909390059026,-42.021392693443616
4311759,Manoel Viana,430015,Uruguaiana,4304,Uruguaiana,43,Rio Grande do Sul,RS,4,Sul,S,,,1365.086,-29.42965072263999,-55.55821109955756
2902500,Baianópolis,290018,Barreiras,2906,Barreiras,29,Bahia,BA,2,Nordeste,NE,,,3321.752,-12.657168048450854,-44.44027677804375
2611408,Primavera,260018,Escada - Ribeirão,2601,Recife,26,Pernambuco,PE,2,Nordeste,NE,,,113.563,-8.326952200378727,-35.390778649075905
3555604,Uchoa,350025,São José do Rio Preto,3507,São José do Rio Preto,35,São Paulo,SP,3,Sudeste,SE,3549805,São José do Rio Preto/SP,256.982,-20.938047747131726,-49.15843184568082
2105203,Igarapé Grande,210012,Pedreiras,2102,Santa Inês - Bacabal,21,Maranhão,MA,2,Nordeste,NE,,,346.218,-4.5920905808846655,-44.8262395245466
2301406,Aratuba,230003,Redenção-Acarape,2301,Fortaleza,23,Ceará,CE,2,Nordeste,NE,,,119.758,-4.4173325749316295,-39.024952481302165
2504850,Coxixola,250008,Sumé,2502,Campina Grande,25,Paraíba,PB,2,Nordeste,NE,,,173.942,-7.645249933447513,-36.63416312105856
5108600,Vila Rica,510014,Confresa - Vila Rica,5104,Barra do Garças,51,Mato Grosso,MT,5,Centro-oeste,CO,,,7436.42,-9.980647438088551,-51.40634976336093
3203809,Muqui,320007,Cachoeiro de Itapemirim,3204,Cachoeiro do Itapemirim,32,Espírito Santo,ES,3,Sudeste,SE,,,327.268,-20.93829925376983,-41.34392389508584
2513406,Santa Luzia,250009,Patos,2503,Patos,25,Paraíba,PB,2,Nordeste,NE,,,440.766,-6.91718532282771,-36.90652667250063
3539103,Pirapora do Bom Jesus,350001,São Paulo,3501,São Paulo,35,São Paulo,SP,3,Sudeste,SE,3550308,São Paulo/SP,108.304,-23.378302543625807,-46.98491338586929
3506409,Bilac,350023,Birigui - Penápolis,3506,Araçatuba,35,São Paulo,SP,3,Sudeste,SE,,,158.025,-21.427789761793566,-50.47926665479798
3164209,São Romão,310011,São Francisco,3102,Montes Claros,31,Minas Gerais,MG,3,Sudeste,SE,,,2434.004,-16.38944928506672,-45.40629994810575
2202604,Castelo do Piauí,220003,Campo Maior,2201,Teresina,22,Piauí,PI,2,Nordeste,NE,,,2378.846,-5.326581106744205,-41.567003932565385
2603207,Caetés,260010,Garanhuns,2602,Caruaru,26,Pernambuco,PE,2,Nordeste,NE,,,294.946,-8.803950781207229,-36.65918713907776
3547403,Santa Rita d'Oeste,350030,Santa Fé do Sul,3507,São José do Rio Preto,35,São Paulo,SP,3,Sudeste,SE,,,209.8,-20.097152738531054,-50.81270153709825
2910776,Feira da Mata,290016,Guanambi,2905,Guanambi,29,Bahia,BA,2,Nordeste,NE,,,1176.504,-14.131692112050452,-44.23216476380494
5100409,Alto Garças,510016,Rondonópolis,5105,Rondonópolis,51,Mato Grosso,MT,5,Centro-oeste,CO,,,3857.559,-16.8883050199418,-53.58097451636443
2611507,Quipapá,260010,Garanhuns,2602,Caruaru,26,Pernambuco,PE,2,Nordeste,NE,,,230.617,-8.836064516839565,-36.028679552726075
4107900,Floresta,410014,Maringá,4104,Maringá,41,Paraná,PR,4,Sul,S,4115200,Maringá/PR,158.334,-23.607076082027522,-52.0900899393623
3139409,Manhuaçu,310028,Manhuaçu,3106,Juíz de Fora,31,Minas Gerais,MG,3,Sudeste,SE,,,628.318,-20.19532503569677,-42.10683462701104
2301505,Arneiroz,230014,Tauá,2305,Crateús,23,Ceará,CE,2,Nordeste,NE,,,1068.447,-6.239363413261173,-40.15494534638765
2505204,Cuitegi,250002,Guarabira,2501,João Pessoa,25,Paraíba,PB,2,Nordeste,NE,,,42.091,-6.899191216305989,-35.52280725470078
3203908,Nova Venécia,320006,Nova Venécia,3203,Colatina,32,Espírito Santo,ES,3,Sudeste,SE,,,1439.57,-18.69842653520228,-40.522434485549084
5215009,Nova Veneza,520001,Goiânia,5201,Goiânia,52,Goiás,GO,5,Centro-oeste,CO,5208707,Goiânia/GO,122.354,-16.358538756981133,-49.30649834414771
3530904,Mombuca,350040,Piracicaba,3510,Campinas,35,São Paulo,SP,3,Sudeste,SE,,,133.698,-22.942719794343876,-47.602005742994564
4303673,Campestre da Serra,430036,Caxias do Sul,4307,Caxias do Sul,43,Rio Grande do Sul,RS,4,Sul,S,,,538.436,-28.726203797986773,-51.098751480708955
2414753,Venha-Ver,240010,Pau dos Ferros,2403,Mossoró,24,Rio Grande do Norte,RN,2,Nordeste,NE,,,71.621,-6.320718562908172,-38.52677978607392
4116059,Missal,410007,Foz do Iguaçu,4103,Cascavel,41,Paraná,PR,4,Sul,S,,,326.214,-25.094893913239243,-54.24190679925771
3156007,Rio Vermelho,310021,Guanhães,3104,Governador Valadares,31,Minas Gerais,MG,3,Sudeste,SE,,,987.246,-18.254581549324097,-43.054931947672415
3302007,Itaguaí,330001,Rio de Janeiro,3301,Rio de Janeiro,33,Rio de Janeiro,RJ,3,Sudeste,SE,3304557,Rio de Janeiro/RJ,282.607,-22.830050616041248,-43.81334857652866
1703909,Caseara,170003,Paraíso do Tocantins,1701,Palmas,17,Tocantins,TO,1,Norte,N,,,1680.014,-9.401668362440564,-49.84857197044116
1503507,Irituia,150004,Castanhal,1502,Castanhal,15,Pará,PA,1,Norte,N,,,1385.209,-1.8115355654531329,-47.39985943656433
4320008,Sapucaia do Sul,430001,Porto Alegre,4301,Porto Alegre,43,Rio Grande do Sul,RS,4,Sul,S,4314902,Porto Alegre/RS,58.247,-29.82335340633466,-51.133709118990076
3131208,Ipanema,310028,Manhuaçu,3106,Juíz de Fora,31,Minas Gerais,MG,3,Sudeste,SE,,,456.641,-19.757799969045568,-41.749355190762614
1720002,Santa Terezinha do Tocantins,170008,Tocantinópolis,1702,Araguaína,17,Tocantins,TO,1,Norte,N,,,274.105,-6.472653831017556,-47.75110292340938
2910750,Fátima,290027,Cícero Dantas,2909,Paulo Afonso,29,Bahia,BA,2,Nordeste,NE,,,368.342,-10.59650493366933,-38.20228771237412
2513356,Santa Inês,250010,Itaporanga,2503,Patos,25,Paraíba,PB,2,Nordeste,NE,,,327.635,-7.666371772422467,-38.577374554942
3139508,Manhumirim,310028,Manhuaçu,3106,Juíz de Fora,31,Minas Gerais,MG,3,Sudeste,SE,,,182.9,-20.347320797037565,-41.93940220372763
2925808,Queimadas,290032,Conceição do Coité,2910,Feira de Santana,29,Bahia,BA,2,Nordeste,NE,,,2011.06,-11.056724188701331,-39.75245184361037
1703891,Carrasco Bonito,170009,Araguatins,1702,Araguaína,17,Tocantins,TO,1,Norte,N,,,190.352,-5.337172798846693,-48.00992545244469
2603306,Calçado,260010,Garanhuns,2602,Caruaru,26,Pernambuco,PE,2,Nordeste,NE,,,121.434,-8.750282150225868,-36.32186834554276
4214409,Rio das Antas,420015,Videira,4205,Caçador,42,Santa Catarina,SC,4,Sul,S,,,314.913,-26.90907633659723,-51.06340943508904
3522703,Itápolis,350036,Araraquara,3509,Araraquara,35,São Paulo,SP,3,Sudeste,SE,,,996.747,-21.548104115604488,-48.815473991645895
2804201,Monte Alegre de Sergipe,280006,Nossa Senhora da Glória,2802,Itabaiana,28,Sergipe,SE,2,Nordeste,NE,,,387.352,-10.064484269506135,-37.61627217757908
1703883,Carmolândia,170005,Araguaína,1702,Araguaína,17,Tocantins,TO,1,Norte,N,,,339.366,-7.045120554268811,-48.37454302595746
3147808,Passa Vinte,310027,Juiz de Fora,3106,Juíz de Fora,31,Minas Gerais,MG,3,Sudeste,SE,,,246.565,-22.182923125493602,-44.261506660761185
3106804,Bias Fortes,310027,Juiz de Fora,3106,Juíz de Fora,31,Minas Gerais,MG,3,Sudeste,SE,,,283.535,-21.624690890061885,-43.77367424597963
5100359,Alto Boa Vista,510014,Confresa - Vila Rica,5104,Barra do Garças,51,Mato Grosso,MT,5,Centro-oeste,CO,,,2248.414,-11.811502339166372,-51.7502234412955
2910727,Eunápolis,290009,Eunápolis - Porto Seguro,2903,Ilhéus - Itabuna,29,Bahia,BA,2,Nordeste,NE,2910727,Eunápolis,1425.979,-16.298751734550414,-39.60611858127207
2309508,Orós,230010,Icó,2303,Iguatu,23,Ceará,CE,2,Nordeste,NE,,,577.526,-6.244245171801411,-38.94478937344124
1711803,Juarina,170007,Colinas do Tocantins,1702,Araguaína,17,Tocantins,TO,1,Norte,N,,,483.452,-8.140807659490529,-49.110332841199366
3555406,Ubatuba,350051,Caraguatatuba - Ubatuba - São Sebastião,3511,São José dos Campos,35,São Paulo,SP,3,Sudeste,SE,3510500,Caraguatatuba - Ubatuba - São Sebastião/SP,708.246,-23.3787867107715,-45.02369603014307
3172202,Wenceslau Braz,310052,Itajubá,3109,Pouso Alegre,31,Minas Gerais,MG,3,Sudeste,SE,3132404,Itajubá/MG,102.487,-22.554683398256493,-45.40136953497437
2705804,Olho d'Água do Casado,270009,Delmiro Gouveia,2702,Arapiraca,27,Alagoas,AL,2,Nordeste,NE,,,327.679,-9.435794217449624,-37.813092769880036
5214838,Nova Crixás,520005,Goiás - Itapuranga,5201,Goiânia,52,Goiás,GO,5,Centro-oeste,CO,,,7308.682,-14.13384888443872,-50.56170365707061
3131307,Ipatinga,310024,Ipatinga,3105,Ipatinga,31,Minas Gerais,MG,3,Sudeste,SE,3131307,Ipatinga/MG,164.482,-19.438670585097533,-42.600937985903954
4107850,Flor da Serra do Sul,410009,Francisco Beltrão,4103,Cascavel,41,Paraná,PR,4,Sul,S,,,256.157,-26.2371951536236,-53.29301879779614
2505279,Curral de Cima,250003,Mamanguape - Rio Tinto,2501,João Pessoa,25,Paraíba,PB,2,Nordeste,NE,,,86.428,-6.733838075620539,-35.28474585545379
2406908,Lucrécia,240010,Pau dos Ferros,2403,Mossoró,24,Rio Grande do Norte,RN,2,Nordeste,NE,,,30.931,-6.103579440286696,-37.824372600757165
2301307,Araripe,230011,Juazeiro do Norte,2304,Juazeiro do Norte,23,Ceará,CE,2,Nordeste,NE,,,1097.345,-7.2392852612406395,-40.07654193919741
2902401,Aurelino Leal,290007,Ilhéus - Itabuna,2903,Ilhéus - Itabuna,29,Bahia,BA,2,Nordeste,NE,,,445.394,-14.362134129011139,-39.47826310478979
3164001,São Pedro dos Ferros,310030,Ponte Nova,3106,Juíz de Fora,31,Minas Gerais,MG,3,Sudeste,SE,,,402.739,-20.054191014080555,-42.56984369232203
2611309,Pombos,260005,Vitória de Santo Antão,2601,Recife,26,Pernambuco,PE,2,Nordeste,NE,,,203.105,-8.179782027710779,-35.396210688432376
3555505,Ubirajara,350009,Bauru,3503,Bauru,35,São Paulo,SP,3,Sudeste,SE,,,282.179,-22.54431461148616,-49.66589527755289
3539400,Piratininga,350009,Bauru,3503,Bauru,35,São Paulo,SP,3,Sudeste,SE,3506003,Bauru/SP,402.409,-22.4249527090869,-49.19179708468532
2202653,Caxingó,220006,Parnaíba,2202,Parnaíba,22,Piauí,PI,2,Nordeste,NE,,,491.093,-3.3918999541464303,-41.85058193054888
4124301,Santo Antônio do Paraíso,410024,Cornélio Procópio - Bandeirantes,4105,Londrina,41,Paraná,PR,4,Sul,S,,,162.647,-23.579505865869294,-50.62992769587387
5214804,Nova Aurora,520004,Catalão,5201,Goiânia,52,Goiás,GO,5,Centro-oeste,CO,,,307.335,-18.10028513564486,-48.29650081090884
3123106,Dores de Guanhães,310021,Guanhães,3104,Governador Valadares,31,Minas Gerais,MG,3,Sudeste,SE,,,382.124,-19.05401683183351,-42.931109469626634
4311643,Linha Nova,430002,Novo Hamburgo - São Leopoldo,4301,Porto Alegre,43,Rio Grande do Sul,RS,4,Sul,S,,,63.46,-29.45966256004569,-51.21551020493106
3203700,Muniz Freire,320008,Alegre,3204,Cachoeiro do Itapemirim,32,Espírito Santo,ES,3,Sudeste,SE,,,678.804,-20.426779230193358,-41.43497276099284
3531209,Monte Alegre do Sul,350048,Amparo,3510,Campinas,35,São Paulo,SP,3,Sudeste,SE,,,110.308,-22.70430218679811,-46.667659129751094
1503309,Igarapé-Miri,150003,Abaetetuba,1501,Belém,15,Pará,PA,1,Norte,N,,,1996.798,-2.062704899402871,-49.1307440455606
3539509,Pitangueiras,350031,Ribeirão Preto,3508,Ribeirão Preto,35,São Paulo,SP,3,Sudeste,SE,,,430.638,-21.006221982020048,-48.24935946729505
3302056,Italva,330010,Campos dos Goytacazes,3304,Campos dos Goytacazes,33,Rio de Janeiro,RJ,3,Sudeste,SE,,,291.193,-21.42390855214017,-41.65383100702965
4116109,Moreira Sales,410015,Campo Mourão,4104,Maringá,41,Paraná,PR,4,Sul,S,,,356.711,-24.02408231527839,-53.00647542240932
3155801,Rio Pomba,310029,Ubá,3106,Juíz de Fora,31,Minas Gerais,MG,3,Sudeste,SE,,,252.418,-21.248379910356043,-43.17180043566542
2603108,Cachoeirinha,260009,Caruaru,2602,Caruaru,26,Pernambuco,PE,2,Nordeste,NE,,,179.262,-8.484928147505965,-36.290944705769036
3547304,Santana de Parnaíba,350001,São Paulo,3501,São Paulo,35,São Paulo,SP,3,Sudeste,SE,3550308,São Paulo/SP,179.89,-23.449468607029072,-46.91696694732232
2309458,Ocara,230003,Redenção-Acarape,2301,Fortaleza,23,Ceará,CE,2,Nordeste,NE,,,763.075,-4.52646364083082,-38.50733393635013
3506300,Bernardino de Campos,350015,Ourinhos,3504,Marília,35,São Paulo,SP,3,Sudeste,SE,,,244.158,-23.030769537078754,-49.49189825933074
3164100,São Pedro do Suaçuí,310021,Guanhães,3104,Governador Valadares,31,Minas Gerais,MG,3,Sudeste,SE,,,308.106,-18.347889650060623,-42.59262873695852
4311627,Lindolfo Collor,430002,Novo Hamburgo - São Leopoldo,4301,Porto Alegre,43,Rio Grande do Sul,RS,4,Sul,S,4314902,Porto Alegre/RS,33.348,-29.58260567331835,-51.21962369979118
1720309,São Sebastião do Tocantins,170009,Araguatins,1702,Araguaína,17,Tocantins,TO,1,Norte,N,,,289.597,-5.241004381969702,-48.33174271386368
2505238,Cuité de Mamanguape,250001,João Pessoa,2501,João Pessoa,25,Paraíba,PB,2,Nordeste,NE,,,107.68,-6.905991370665717,-35.25207676345215
3114907,Casa Grande,310038,Conselheiro Lafaiete,3107,Barbacena,31,Minas Gerais,MG,3,Sudeste,SE,,,157.727,-20.836185701016955,-43.938017354613066
3147006,Paracatu,310062,Patos de Minas,3112,Patos de Minas,31,Minas Gerais,MG,3,Sudeste,SE,,,8231.029,-17.172988059086645,-46.88424413823092
5214903,Nova Roma,520021,Posse-Campos Belos,5206,Luziânia - Águas Lindas de Goiás,52,Goiás,GO,5,Centro-oeste,CO,,,2136.725,-13.80046160426668,-47.01035146289674
5107958,Tangará da Serra,510002,Tangará da Serra,5101,Cuiabá,51,Mato Grosso,MT,5,Centro-oeste,CO,,,11636.262,-14.430610028761565,-58.29145216454481
2104552,Governador Edison Lobão,210019,Imperatriz,2105,Imperatriz,21,Maranhão,MA,2,Nordeste,NE,,,615.957,-5.718470367687575,-47.32477452457965
2705101,Matriz de Camaragibe,270002,Porto Calvo - São Luís do Quitunde,2701,Maceió,27,Alagoas,AL,2,Nordeste,NE,,,238.112,-9.104498280568377,-35.58159818882664
2210656,Sigefredo Pacheco,220003,Campo Maior,2201,Teresina,22,Piauí,PI,2,Nordeste,NE,,,1031.102,-4.975551206006973,-41.80513835796301
3531308,Monte Alto,350031,Ribeirão Preto,3508,Ribeirão Preto,35,São Paulo,SP,3,Sudeste,SE,,,346.95,-21.259314842367804,-48.533009218970264
3147600,Passa Quatro,310053,São Lourenço,3109,Pouso Alegre,31,Minas Gerais,MG,3,Sudeste,SE,,,277.221,-22.405781510191044,-44.96833987186189
1503408,Inhangapi,150004,Castanhal,1502,Castanhal,15,Pará,PA,1,Norte,N,,,472.599,-1.4646770706939662,-47.92266997184497
1703800,Buriti do Tocantins,170009,Araguatins,1702,Araguaína,17,Tocantins,TO,1,Norte,N,,,252.73,-5.337668759909571,-48.13631398329613
2301257,Ararendá,230013,Crateús,2305,Crateús,23,Ceará,CE,2,Nordeste,NE,,,342.302,-4.7729627643437444,-40.7462323059668
3138807,Luz,310067,Dores do Indaiá,3113,Divinópolis,31,Minas Gerais,MG,3,Sudeste,SE,,,1171.659,-19.827340724446877,-45.67881942279523
4206652,Guatambú,420007,Chapecó,4204,Chapecó,42,Santa Catarina,SC,4,Sul,S,4204202,Chapecó/SC,206.196,-27.116473902586296,-52.78338989403889
3155900,Rio Preto,310027,Juiz de Fora,3106,Juíz de Fora,31,Minas Gerais,MG,3,Sudeste,SE,,,348.046,-22.041026752976784,-43.87862171080585
4311734,Mampituba,430008,Torres,4301,Porto Alegre,43,Rio Grande do Sul,RS,4,Sul,S,,,156.653,-29.262368174747145,-50.003065290203814
5107941,Tabaporã,510012,Juara,5103,Sinop,51,Mato Grosso,MT,5,Centro-oeste,CO,,,8439.05,-11.214129482133341,-56.496442029461974
4303558,Camargo,430030,Marau,4306,Passo Fundo,43,Rio Grande do Sul,RS,4,Sul,S,,,138.069,-28.616396430891804,-52.22125721379418
3302403,Macaé,330014,Macaé - Rio das Ostras,3305,Macaé - Rio das Ostras - Cabo Frio,33,Rio de Janeiro,RJ,3,Sudeste,SE,3302403,Macaé - Rio das Ostras/RJ,1216.989,-22.295622792442998,-41.977096942688796
5214879,Nova Iguaçu de Goiás,520017,Uruaçu - Niquelândia,5205,Porangatu - Uruaçu,52,Goiás,GO,5,Centro-oeste,CO,,,625.625,-14.312097439023638,-49.28832617019937
4319901,Sapiranga,430002,Novo Hamburgo - São Leopoldo,4301,Porto Alegre,43,Rio Grande do Sul,RS,4,Sul,S,4314902,Porto Alegre/RS,137.759,-29.613436082326952,-50.99568522016328
1200385,Plácido de Castro,120001,Rio Branco,1201,Rio Branco,12,Acre,AC,1,Norte,N,,,1952.531,-10.249093121797786,-67.34031984449527
2804102,Moita Bonita,280004,Itabaiana,2802,Itabaiana,28,Sergipe,SE,2,Nordeste,NE,,,95.397,-10.593547651490224,-37.34040328133739
3547650,Santa Salete,350028,Jales,3507,São José do Rio Preto,35,São Paulo,SP,3,Sudeste,SE,,,79.192,-20.258686989997734,-50.72014991853567
2210631,Sebastião Leal,220018,Uruçuí,2206,Floriano,22,Piauí,PI,2,Nordeste,NE,,,3148.866,-7.745016992020347,-44.09258049961214
2202455,Capitão Gervásio Oliveira,220014,São João do Piauí,2204,São Raimundo Nonato,22,Piauí,PI,2,Nordeste,NE,,,1132.996,-8.529253389620498,-41.90124162556918
3147709,Passa Tempo,310069,Oliveira,3113,Divinópolis,31,Minas Gerais,MG,3,Sudeste,SE,,,429.172,-20.648934407612813,-44.49109899360243
2705200,Messias,270001,Maceió,2701,Maceió,27,Alagoas,AL,2,Nordeste,NE,2704302,Maceió/AL,114.156,-9.343608032952712,-35.812351103608016
3523107,Itaquaquecetuba,350001,São Paulo,3501,São Paulo,35,São Paulo,SP,3,Sudeste,SE,3550308,São Paulo/SP,82.575,-23.461469912598478,-46.33379760044661
5107925,Sorriso,510008,Sorriso,5103,Sinop,51,Mato Grosso,MT,5,Centro-oeste,CO,,,8454.83,-12.668007724595391,-55.722957906190224
4311718,Maçambará,430017,São Borja,4304,Uruguaiana,43,Rio Grande do Sul,RS,4,Sul,S,,,1682.676,-29.066187545800215,-55.77499343848465
4214805,Rio do Sul,420022,Rio do Sul,4207,Blumenau,42,Santa Catarina,SC,4,Sul,S,,,260.817,-27.196050864105366,-49.62995257072487
3514924,Elisiário,350026,Catanduva,3507,São José do Rio Preto,35,São Paulo,SP,3,Sudeste,SE,3511102,Catanduva/SP,93.314,-21.16163378730119,-49.09205224356889
3130606,Inconfidentes,310050,Pouso Alegre,3109,Pouso Alegre,31,Minas Gerais,MG,3,Sudeste,SE,,,149.611,-22.336576245619852,-46.281691742332086
5214861,Nova Glória,520018,Ceres - Rialma - Goianésia,5205,Porangatu - Uruaçu,52,Goiás,GO,5,Centro-oeste,CO,,,411.753,-15.077722585224297,-49.50731665011336
4311700,Machadinho,430033,Lagoa Vermelha,4306,Passo Fundo,43,Rio Grande do Sul,RS,4,Sul,S,,,335.344,-27.58700787344889,-51.673973438464635
3555802,Urânia,350028,Jales,3507,São José do Rio Preto,35,São Paulo,SP,3,Sudeste,SE,,,209.262,-20.208924832632043,-50.65252811177791
2112803,Viana,210005,Viana,2101,São Luís,21,Maranhão,MA,2,Nordeste,NE,,,1166.745,-3.1563044199526527,-45.00250269609907
5215231,Novo Gama,520019,Luziânia,5206,Luziânia - Águas Lindas de Goiás,52,Goiás,GO,5,Centro-oeste,CO,5300108,Brasília/DF,192.285,-16.124875337029014,-48.074542245066546
3506359,Bertioga,350002,Santos,3501,São Paulo,35,São Paulo,SP,3,Sudeste,SE,,,491.546,-23.759761999841732,-46.0300217792158
2104628,Governador Luiz Rocha,210016,Presidente Dutra,2104,Presidente Dutra,21,Maranhão,MA,2,Nordeste,NE,,,401.587,-5.52830065332872,-44.090224514959985
1200351,Marechal Thaumaturgo,120004,Cruzeiro do Sul,1202,Cruzeiro do Sul,12,Acre,AC,1,Norte,N,,,8185.635,-9.096072984478958,-72.55879060873818
3514908,Elias Fausto,350038,Campinas,3510,Campinas,35,São Paulo,SP,3,Sudeste,SE,,,202.36,-23.07064017677473,-47.37065547478422
4206603,Guarujá do Sul,420009,São Miguel do Oeste,4204,Chapecó,42,Santa Catarina,SC,4,Sul,S,,,100.63,-26.398336356116854,-53.484020636687994
2910602,Esplanada,290002,Alagoinhas,2901,Salvador,29,Bahia,BA,2,Nordeste,NE,,,1299.356,-11.931246435863807,-37.885340087226865
5206800,Damolândia,520003,Inhumas - Itaberaí - Anicuns,5201,Goiânia,52,Goiás,GO,5,Centro-oeste,CO,,,86.057,-16.255582087828394,-49.3336657554175
3539301,Pirassununga,350037,São Carlos,3509,Araraquara,35,São Paulo,SP,3,Sudeste,SE,,,727.714,-21.995856011922992,-47.38993463555396
2202554,Caridade do Piauí,220010,Paulistana,2203,Picos,22,Piauí,PI,2,Nordeste,NE,,,498.793,-7.7036137560867335,-40.95583765120558
4303509,Camaquã,430005,Camaquã,4301,Porto Alegre,43,Rio Grande do Sul,RS,4,Sul,S,,,1678.991,-30.922642034283303,-51.78844708226623
3122405,Divisa Nova,310042,Alfenas,3108,Varginha,31,Minas Gerais,MG,3,Sudeste,SE,,,216.955,-21.51791305324754,-46.24508203260778
4124707,São Jerônimo da Serra,410024,Cornélio Procópio - Bandeirantes,4105,Londrina,41,Paraná,PR,4,Sul,S,,,824.268,-23.716219541457548,-50.77832461162016
1703867,Cariri do Tocantins,170010,Gurupi,1703,Gurupi,17,Tocantins,TO,1,Norte,N,,,1126.291,-11.933027598811913,-49.20277777783163
1200336,Mâncio Lima,120004,Cruzeiro do Sul,1202,Cruzeiro do Sul,12,Acre,AC,1,Norte,N,,,5414.073,-7.504824244538576,-73.43582190567027
2202539,Caraúbas do Piauí,220006,Parnaíba,2202,Parnaíba,22,Piauí,PI,2,Nordeste,NE,,,463.184,-3.5625163292832784,-41.823134903781906
3547601,Santa Rosa de Viterbo,350031,Ribeirão Preto,3508,Ribeirão Preto,35,São Paulo,SP,3,Sudeste,SE,,,288.576,-21.503776379090343,-47.3662174261503
2611705,Riacho das Almas,260009,Caruaru,2602,Caruaru,26,Pernambuco,PE,2,Nordeste,NE,,,313.613,-8.082088092974956,-35.88268856674016
3106655,Berizal,310008,Salinas,3102,Montes Claros,31,Minas Gerais,MG,3,Sudeste,SE,,,488.756,-15.684116394005756,-41.76175820368946
3555901,Uru,350012,Lins,3503,Bauru,35,São Paulo,SP,3,Sudeste,SE,,,146.901,-21.765974765862314,-49.296288137700785
5215207,Novo Brasil,520005,Goiás - Itapuranga,5201,Goiânia,52,Goiás,GO,5,Centro-oeste,CO,,,649.35,-16.054738283182477,-50.64627092043813
1200328,Jordão,120005,Tarauacá,1202,Cruzeiro do Sul,12,Acre,AC,1,Norte,N,,,5346.443,-9.241691330314275,-71.9054700221863
5002407,Caarapó,500005,Dourados,5002,Dourados,50,Mato Grosso do Sul,MS,5,Centro-oeste,CO,,,2115.73,-22.588311932211287,-54.80275728789968
4320230,Sede Nova,430021,Três Passos,4305,Ijuí,43,Rio Grande do Sul,RS,4,Sul,S,,,119.312,-27.641126331313238,-53.9531580000087
4312054,Marques de Souza,430041,Lajeado,4308,Santa Cruz do Sul - Lajeado,43,Rio Grande do Sul,RS,4,Sul,S,,,125.714,-29.289316684824275,-52.148787377874655
5108006,Tapurah,510008,Sorriso,5103,Sinop,51,Mato Grosso,MT,5,Centro-oeste,CO,,,4492.539,-12.568008595776453,-56.5317642724974
2104602,Governador Eugênio Barros,210016,Presidente Dutra,2104,Presidente Dutra,21,Maranhão,MA,2,Nordeste,NE,,,647.015,-5.366783255057966,-44.09593454529104
2210706,Simões,220010,Paulistana,2203,Picos,22,Piauí,PI,2,Nordeste,NE,,,1076.055,-7.670979554681305,-40.74173211050341
3531100,Mongaguá,350002,Santos,3501,São Paulo,35,São Paulo,SP,3,Sudeste,SE,3548500,Baixada Santista/SP,142.521,-24.070066751706104,-46.66794831808584
1200450,Senador Guiomard,120001,Rio Branco,1201,Rio Branco,12,Acre,AC,1,Norte,N,,,2320.956,-9.99730914614847,-67.42770750324402
2513307,Santa Helena,250015,Cajazeiras,2504,Sousa - Cajazeiras,25,Paraíba,PB,2,Nordeste,NE,,,211.143,-6.730481325907393,-38.58411923510119
1712157,Lavandeira,170011,Dianópolis,1703,Gurupi,17,Tocantins,TO,1,Norte,N,,,468.006,-12.81262734936072,-46.41045504247103
2210052,São José do Divino,220007,Piripiri,2202,Parnaíba,22,Piauí,PI,2,Nordeste,NE,,,391.157,-3.7842187794348954,-41.85697858009291
1503705,Itupiranga,150009,Marabá,1503,Marabá,15,Pará,PA,1,Norte,N,,,7880.303,-5.114825662678797,-49.86969313048042
2925758,Presidente Tancredo Neves,290005,Valença,2902,Santo Antônio de Jesus,29,Bahia,BA,2,Nordeste,NE,,,441.82,-13.449221883826695,-39.41764655380897
3302452,Macuco,330008,Nova Friburgo,3303,Petrópolis,33,Rio de Janeiro,RJ,3,Sudeste,SE,,,78.364,-22.024001422499754,-42.27353461047663
4116505,Nova Aliança do Ivaí,410017,Paranavaí,4104,Maringá,41,Paraná,PR,4,Sul,S,,,130.614,-23.169354429412177,-52.61048818984151
1703842,Campos Lindos,170005,Araguaína,1702,Araguaína,17,Tocantins,TO,1,Norte,N,,,3234.445,-8.203799016823647,-46.80458426725427
2603504,Camocim de São Félix,260009,Caruaru,2602,Caruaru,26,Pernambuco,PE,2,Nordeste,NE,,,72.01,-8.349997848649284,-35.772066028721994
3547700,Santo Anastácio,350018,Presidente Prudente,3505,Presidente Prudente,35,São Paulo,SP,3,Sudeste,SE,,,552.876,-22.0376569477115,-51.7225196029983
4214607,Rio do Oeste,420022,Rio do Sul,4207,Blumenau,42,Santa Catarina,SC,4,Sul,S,,,245.057,-27.15897683459447,-49.841672771214654
4320206,Seberi,430029,Frederico Westphalen,4306,Passo Fundo,43,Rio Grande do Sul,RS,4,Sul,S,,,301.032,-27.5010092354137,-53.3626792375376
2705002,Mata Grande,270009,Delmiro Gouveia,2702,Arapiraca,27,Alagoas,AL,2,Nordeste,NE,,,909.535,-9.05181549170203,-37.75574392143744
1200427,Rodrigues Alves,120004,Cruzeiro do Sul,1202,Cruzeiro do Sul,12,Acre,AC,1,Norte,N,,,3082.396,-7.843976819278281,-73.22426120812966
4108320,Francisco Alves,410016,Umuarama,4104,Maringá,41,Paraná,PR,4,Sul,S,,,320.119,-24.094837475540604,-53.872855037382514
2202505,Caracol,220013,São Raimundo Nonato,2204,São Raimundo Nonato,22,Piauí,PI,2,Nordeste,NE,,,1610.959,-9.089088193366207,-43.3467226665425
3522901,Itapuí,350010,Jaú,3503,Bauru,35,São Paulo,SP,3,Sudeste,SE,,,140.023,-22.25082511158487,-48.70144972583965
4320321,Senador Salgado Filho,430019,Santa Rosa,4305,Ijuí,43,Rio Grande do Sul,RS,4,Sul,S,,,147.086,-28.02885156659426,-54.53679754726224
3130655,Indaiabira,310008,Salinas,3102,Montes Claros,31,Minas Gerais,MG,3,Sudeste,SE,,,1004.149,-15.562196301622546,-42.14295987610869
1703826,Cachoeirinha,170008,Tocantinópolis,1702,Araguaína,17,Tocantins,TO,1,Norte,N,,,351.535,-6.090008615446438,-47.841336001863944
2308807,Moraújo,230015,Sobral,2306,Sobral,23,Ceará,CE,2,Nordeste,NE,,,414.445,-3.461105572752788,-40.67953456899758
2505105,Cuité,250006,Cuité - Nova Floresta,2502,Campina Grande,25,Paraíba,PB,2,Nordeste,NE,,,733.818,-6.548612988890846,-36.078305829507094
2909901,Curaçá,290022,Juazeiro,2908,Juazeiro,29,Bahia,BA,2,Nordeste,NE,,,5950.614,-9.222481712599434,-39.65145849777313
4108304,Foz do Iguaçu,410007,Foz do Iguaçu,4103,Cascavel,41,Paraná,PR,4,Sul,S,4108304,Internacional de Foz do Iguaçu/Brasil - Ciudad del Este/Paraguai,606.501,-25.468264093757856,-54.483152214961
2112605,Urbano Santos,210003,Chapadinha,2101,São Luís,21,Maranhão,MA,2,Nordeste,NE,,,1706.196,-3.2601038797124624,-43.28083806923862
1503804,Jacundá,150009,Marabá,1503,Marabá,15,Pará,PA,1,Norte,N,,,2008.333,-4.598532720898647,-49.18119781455699
4320305,Selbach,430027,Cruz Alta,4306,Passo Fundo,43,Rio Grande do Sul,RS,4,Sul,S,,,176.47,-28.66861124083419,-52.978627479883244
3122470,Dom Bosco,310063,Unaí,3112,Patos de Minas,31,Minas Gerais,MG,3,Sudeste,SE,,,817.383,-16.740318088122816,-46.28992032227632
3523008,Itapura,350024,Andradina,3506,Araçatuba,35,São Paulo,SP,3,Sudeste,SE,,,301.653,-20.59507438821425,-51.44056805279456
4214706,Rio dos Cedros,420019,Blumenau,4207,Blumenau,42,Santa Catarina,SC,4,Sul,S,,,555.473,-26.617926623585106,-49.368384838565476
1200401,Rio Branco,120001,Rio Branco,1201,Rio Branco,12,Acre,AC,1,Norte,N,1200401,Rio Branco,8834.832,-10.066138650294345,-68.37108201516791
5206602,Cumari,520004,Catalão,5201,Goiânia,52,Goiás,GO,5,Centro-oeste,CO,,,568.365,-18.320787506434318,-48.134048756950044
3204054,Pedro Canário,320003,São Mateus,3202,São Mateus,32,Espírito Santo,ES,3,Sudeste,SE,,,433.453,-18.18243858738874,-40.03710137257774
3514700,Echaporã,350013,Marília,3504,Marília,35,São Paulo,SP,3,Sudeste,SE,,,515.258,-22.448232402055776,-50.20062076709458
2910008,Dário Meira,290014,Ipiaú,2904,Vitória da Conquista,29,Bahia,BA,2,Nordeste,NE,,,413.637,-14.404981079121567,-39.98800646436511
3138682,Luislândia,310006,Montes Claros,3102,Montes Claros,31,Minas Gerais,MG,3,Sudeste,SE,,,411.714,-16.196269541547085,-44.59648667187587
4124509,Santo Inácio,410019,Paranacity - Colorado,4104,Maringá,41,Paraná,PR,4,Sul,S,,,278.541,-22.718640156177056,-51.80159932851528
2210003,São João do Piauí,220014,São João do Piauí,2204,São Raimundo Nonato,22,Piauí,PI,2,Nordeste,NE,,,1527.488,-8.320437705005263,-42.25736775141314
3555703,União Paulista,350025,São José do Rio Preto,3507,São José do Rio Preto,35,São Paulo,SP,3,Sudeste,SE,,,79.056,-20.890530810325068,-49.88725660339082
1200393,Porto Walter,120004,Cruzeiro do Sul,1202,Cruzeiro do Sul,12,Acre,AC,1,Norte,N,,,6452.756,-8.492089801531439,-72.7340807898348
2925709,Presidente Jânio Quadros,290011,Vitória da Conquista,2904,Vitória da Conquista,29,Bahia,BA,2,Nordeste,NE,,,1208.566,-14.696631729335072,-41.72586412891126
4100103,Abatiá,410022,Santo Antônio da Platina,4105,Londrina,41,Paraná,PR,4,Sul,S,,,227.923,-23.30690512784435,-50.3094871698767
3122454,Divisópolis,310018,Pedra Azul,3103,Teófilo Otoni,31,Minas Gerais,MG,3,Sudeste,SE,,,572.926,-15.762882505661329,-40.912311901817866
2104404,Gonçalves Dias,210016,Presidente Dutra,2104,Presidente Dutra,21,Maranhão,MA,2,Nordeste,NE,,,883.588,-5.152255342943854,-44.17200100958113
3138674,Luisburgo,310028,Manhuaçu,3106,Juíz de Fora,31,Minas Gerais,MG,3,Sudeste,SE,,,145.418,-20.436289521545635,-42.07445984840373
1720150,São Félix do Tocantins,170001,Palmas,1701,Palmas,17,Tocantins,TO,1,Norte,N,,,1913.11,-10.068601291183661,-46.67791405771465
2112704,Vargem Grande,210004,Itapecuru Mirim,2101,São Luís,21,Maranhão,MA,2,Nordeste,NE,,,1958.702,-3.710872953277052,-43.85380637386433
2308906,Morrinhos,230015,Sobral,2306,Sobral,23,Ceará,CE,2,Nordeste,NE,,,411.608,-3.284056681676055,-40.08915667169979
4312104,Mata,430011,Santa Maria,4303,Santa Maria,43,Rio Grande do Sul,RS,4,Sul,S,,,316.121,-29.5375374107488,-54.4678944788166
1200252,Epitaciolândia,120002,Brasiléia,1201,Rio Branco,12,Acre,AC,1,Norte,N,,,1652.715,-10.889200584659715,-68.61822537472867
5107800,Santo Antônio de Leverger,510001,Cuiabá,5101,Cuiabá,51,Mato Grosso,MT,5,Centro-oeste,CO,,,9519.194,-16.532635592506903,-55.450429480018975
2415008,Vila Flor,240003,Canguaretama,2401,Natal,24,Rio Grande do Norte,RN,2,Nordeste,NE,,,47.656,-6.302818382553762,-35.08706228462245
3302270,Japeri,330001,Rio de Janeiro,3301,Rio de Janeiro,33,Rio de Janeiro,RJ,3,Sudeste,SE,3304557,Rio de Janeiro/RJ,81.697,-22.66192466783167,-43.60575611120634
2512606,Quixaba,250009,Patos,2503,Patos,25,Paraíba,PB,2,Nordeste,NE,2510808,Patos/PB,147.158,-7.040681620836654,-37.1355047899195
3106705,Betim,310001,Belo Horizonte,3101,Belo Horizonte,31,Minas Gerais,MG,3,Sudeste,SE,3106200,Belo Horizonte/MG,344.076,-19.947464595505625,-44.19916873406498
5215256,Novo Planalto,520016,Porangatu,5205,Porangatu - Uruaçu,52,Goiás,GO,5,Centro-oeste,CO,,,1254.491,-13.250498777287142,-49.72674709328788
3514809,Eldorado,350005,Registro,3502,Sorocaba,35,São Paulo,SP,3,Sudeste,SE,,,1654.256,-24.495016356336645,-48.23362503618654
4206504,Guaramirim,420016,Joinville,4206,Joinville,42,Santa Catarina,SC,4,Sul,S,4208906,Jaraguá do Sul/SC,267.514,-26.476550936796244,-48.944882423417596
1720259,São Salvador do Tocantins,170010,Gurupi,1703,Gurupi,17,Tocantins,TO,1,Norte,N,,,1424.753,-12.57757034124934,-48.36415265327344
5107792,Santo Antônio do Leste,510017,Primavera do Leste,5105,Rondonópolis,51,Mato Grosso,MT,5,Centro-oeste,CO,,,3403.593,-14.805150075268635,-53.66992726482835
5206701,Damianópolis,520021,Posse-Campos Belos,5206,Luziânia - Águas Lindas de Goiás,52,Goiás,GO,5,Centro-oeste,CO,,,417.625,-14.556802579694399,-46.19172014209586
3138658,Lontra,310006,Montes Claros,3102,Montes Claros,31,Minas Gerais,MG,3,Sudeste,SE,,,258.925,-15.856349195683112,-44.269619929450805
4116307,Munhoz de Melo,410014,Maringá,4104,Maringá,41,Paraná,PR,4,Sul,S,,,137.03,-23.130357584950215,-51.73475832680099
2901809,Antônio Gonçalves,290023,Senhor do Bonfim,2908,Juazeiro,29,Bahia,BA,2,Nordeste,NE,,,345.282,-10.601509683359714,-40.36236463257559
3122306,Divinópolis,310065,Divinópolis,3113,Divinópolis,31,Minas Gerais,MG,3,Sudeste,SE,3122306,Divinópolis,708.115,-20.12371589816863,-44.93069164452525
4320263,Segredo,430042,Sobradinho,4308,Santa Cruz do Sul - Lajeado,43,Rio Grande do Sul,RS,4,Sul,S,,,245.17,-29.3121660434598,-52.92963011824158
5002704,Campo Grande,500001,Campo Grande,5001,Campo Grande,50,Mato Grosso do Sul,MS,5,Centro-oeste,CO,5002704,Campo Grande,8082.327,-20.913620180330913,-54.249459256922776
1711951,Lagoa do Tocantins,170001,Palmas,1701,Palmas,17,Tocantins,TO,1,Norte,N,,,917.632,-10.341862572483866,-47.48114441513464
4124608,São Carlos do Ivaí,410017,Paranavaí,4104,Maringá,41,Paraná,PR,4,Sul,S,,,225.079,-23.34217424088275,-52.48045939593234
2201804,Bocaina,220009,Picos,2203,Picos,22,Piauí,PI,2,Nordeste,NE,,,261.49,-6.906021924270077,-41.30420702638733
3302254,Itatiaia,330005,Resende,3302,Volta Redonda - Barra Mansa,33,Rio de Janeiro,RJ,3,Sudeste,SE,3304201,Resende/RJ,241.035,-22.44166282504046,-44.58784163066998
3547502,Santa Rita do Passa Quatro,350037,São Carlos,3509,Araraquara,35,São Paulo,SP,3,Sudeste,SE,,,752.911,-21.68234046221547,-47.50805602337824
5107909,Sinop,510007,Sinop,5103,Sinop,51,Mato Grosso,MT,5,Centro-oeste,CO,5107909,Sinop,3990.87,-11.710854126762806,-55.50151903605964
2104503,Governador Archer,210016,Presidente Dutra,2104,Presidente Dutra,21,Maranhão,MA,2,Nordeste,NE,,,445.857,-4.999497664422684,-44.22150228198797
2300705,Alto Santo,230007,Russas - Limoeiro do Norte,2302,Quixadá,23,Ceará,CE,2,Nordeste,NE,,,1147.209,-5.516161393462898,-38.240878164023904
2210102,São José do Peixe,220017,Floriano,2206,Floriano,22,Piauí,PI,2,Nordeste,NE,,,1287.174,-7.482427668050725,-42.582321081456236
4303905,Campo Bom,430002,Novo Hamburgo - São Leopoldo,4301,Porto Alegre,43,Rio Grande do Sul,RS,4,Sul,S,4314902,Porto Alegre/RS,60.562,-29.672686038477035,-51.04854730819044
1503754,Jacareacanga,150016,Itaituba,1505,Santarém,15,Pará,PA,1,Norte,N,,,53308.337,-7.4452639484917285,-57.30277051151304
2201919,Bom Princípio do Piauí,220006,Parnaíba,2202,Parnaíba,22,Piauí,PI,2,Nordeste,NE,,,523.143,-3.1574077388236885,-41.63063142890869
2406809,Lajes Pintadas,240004,Santa Cruz,2401,Natal,24,Rio Grande do Norte,RN,2,Nordeste,NE,,,130.211,-6.148064249799987,-36.134221611659946
2504405,Conceição,250010,Itaporanga,2503,Patos,25,Paraíba,PB,2,Nordeste,NE,,,580.65,-7.503763289057261,-38.528320567612084
3171600,Virgem da Lapa,310017,Araçuaí,3103,Teófilo Otoni,31,Minas Gerais,MG,3,Sudeste,SE,,,868.914,-16.715470538165906,-42.33962488574936
2512705,Remígio,250005,Campina Grande,2502,Campina Grande,25,Paraíba,PB,2,Nordeste,NE,,,183.459,-6.926842102236631,-35.84880129707513
3522307,Itapetininga,350006,Itapetininga,3502,Sorocaba,35,São Paulo,SP,3,Sudeste,SE,3522307,Itapetininga/SP,1789.35,-23.645476207741766,-48.12332508184293
4214003,Presidente Getúlio,420023,Ibirama - Presidente Getúlio,4207,Blumenau,42,Santa Catarina,SC,4,Sul,S,,,297.16,-27.062583797247875,-49.714429772806604
5002803,Caracol,500011,Jardim,5003,Corumbá,50,Mato Grosso do Sul,MS,5,Centro-oeste,CO,,,2928.706,-21.94257589914112,-57.09101217070723
4320107,Sarandi,430028,Carazinho,4306,Passo Fundo,43,Rio Grande do Sul,RS,4,Sul,S,,,351.718,-27.941328811581787,-52.89630222215384
2201903,Bom Jesus,220016,Bom Jesus,2205,Corrente - Bom Jesus,22,Piauí,PI,2,Nordeste,NE,,,5470.984,-9.245738491975949,-44.54020033011968
4108106,Flórida,410014,Maringá,4104,Maringá,41,Paraná,PR,4,Sul,S,,,83.046,-23.105590184617135,-51.95645382121494
5107883,Serra Nova Dourada,510014,Confresa - Vila Rica,5104,Barra do Garças,51,Mato Grosso,MT,5,Centro-oeste,CO,,,1490.793,-12.023007024053618,-51.362097714992096
1503606,Itaituba,150016,Itaituba,1505,Santarém,15,Pará,PA,1,Norte,N,,,62042.375,-5.871138575069601,-56.496714536875466
4116406,Nossa Senhora das Graças,410019,Paranacity - Colorado,4104,Maringá,41,Paraná,PR,4,Sul,S,,,186.259,-22.913872020008345,-51.79788039688766
3163409,São José do Goiabal,310024,Ipatinga,3105,Ipatinga,31,Minas Gerais,MG,3,Sudeste,SE,,,189.578,-19.93122235200905,-42.69331134431642
1200203,Cruzeiro do Sul,120004,Cruzeiro do Sul,1202,Cruzeiro do Sul,12,Acre,AC,1,Norte,N,,,8793.341,-7.9722387948509414,-72.75570341478115
2705408,Monteirópolis,270011,Pão de Açúcar - Olho d'Água das Flores - Batalha,2702,Arapiraca,27,Alagoas,AL,2,Nordeste,NE,,,86.605,-9.600611729707465,-37.29612665950378
5107875,Sapezal,510002,Tangará da Serra,5101,Cuiabá,51,Mato Grosso,MT,5,Centro-oeste,CO,,,13614.552,-13.154436365257812,-58.6535499074385
2504504,Condado,250012,Pombal,2503,Patos,25,Paraíba,PB,2,Nordeste,NE,,,265.473,-6.904953833516883,-37.615467130528906
2803401,Japoatã,280003,Propriá,2801,Aracaju,28,Sergipe,SE,2,Nordeste,NE,,,402.353,-10.436079217658571,-36.78868885631668
3204104,Pinheiros,320003,São Mateus,3202,São Mateus,32,Espírito Santo,ES,3,Sudeste,SE,,,973.136,-18.369893733167796,-40.198200882078005
3146909,Papagaios,310068,Pará de Minas,3113,Divinópolis,31,Minas Gerais,MG,3,Sudeste,SE,,,553.577,-19.3764781133319,-44.6913323583099
2414308,Timbaúba dos Batistas,240007,Caicó,2402,Caicó,24,Rio Grande do Norte,RN,2,Nordeste,NE,,,135.456,-6.477690640654609,-37.24720742018451
3130556,Imbé de Minas,310025,Caratinga,3105,Ipatinga,31,Minas Gerais,MG,3,Sudeste,SE,,,196.735,-19.618645286568515,-41.96770319283271
4205803,Garuva,420016,Joinville,4206,Joinville,42,Santa Catarina,SC,4,Sul,S,,,508.635,-26.056364993764937,-48.866523449217816
2308708,Morada Nova,230007,Russas - Limoeiro do Norte,2302,Quixadá,23,Ceará,CE,2,Nordeste,NE,,,2822.836,-5.025432695714269,-38.43528284942017
4311908,Marcelino Ramos,430026,Erechim,4306,Passo Fundo,43,Rio Grande do Sul,RS,4,Sul,S,,,229.551,-27.478434862830497,-51.950712429815724
5107859,São Félix do Araguaia,510014,Confresa - Vila Rica,5104,Barra do Garças,51,Mato Grosso,MT,5,Centro-oeste,CO,,,16682.473,-11.454590419789204,-51.969599489619476
2909802,Cruz das Almas,290004,Cruz das Almas,2902,Santo Antônio de Jesus,29,Bahia,BA,2,Nordeste,NE,,,139.118,-12.683035208330493,-39.11791118355103
3514106,Dois Córregos,350010,Jaú,3503,Bauru,35,São Paulo,SP,3,Sudeste,SE,,,632.972,-22.39590782570663,-48.34050112708102
3155207,Rio Espera,310038,Conselheiro Lafaiete,3107,Barbacena,31,Minas Gerais,MG,3,Sudeste,SE,,,238.602,-20.867881673901888,-43.4920773373844
3506706,Boa Esperança do Sul,350036,Araraquara,3509,Araraquara,35,São Paulo,SP,3,Sudeste,SE,,,690.748,-21.93501156779133,-48.46359198742382
1720200,São Miguel do Tocantins,170009,Araguatins,1702,Araguaína,17,Tocantins,TO,1,Norte,N,,,406.957,-5.543428318622865,-47.597771225817795
1703206,Bernardo Sayão,170007,Colinas do Tocantins,1702,Araguaína,17,Tocantins,TO,1,Norte,N,,,924.045,-7.983475214129216,-48.96911675429887
4108205,Formosa do Oeste,410008,Toledo,4103,Cascavel,41,Paraná,PR,4,Sul,S,,,275.651,-24.29271042428711,-53.33171611154966
3114204,Carmo do Cajuru,310065,Divinópolis,3113,Divinópolis,31,Minas Gerais,MG,3,Sudeste,SE,,,455.807,-20.19647647993916,-44.70115002857001
4123907,Santa Mariana,410024,Cornélio Procópio - Bandeirantes,4105,Londrina,41,Paraná,PR,4,Sul,S,,,425.703,-23.06025739879326,-50.538754533867504
2113009,Vitorino Freire,210010,Bacabal,2102,Santa Inês - Bacabal,21,Maranhão,MA,2,Nordeste,NE,,,1193.386,-4.243725924623597,-45.31249947029309
1200302,Feijó,120005,Tarauacá,1202,Cruzeiro do Sul,12,Acre,AC,1,Norte,N,,,27946.684,-8.923358827179152,-70.74396789581813
2803500,Lagarto,280005,Lagarto,2802,Itabaiana,28,Sergipe,SE,2,Nordeste,NE,,,968.921,-10.902704836022831,-37.66443696351658
3138708,Luminárias,310043,Lavras,3108,Varginha,31,Minas Gerais,MG,3,Sudeste,SE,,,500.143,-21.537977879339394,-44.92314486348864
3122355,Divisa Alegre,310018,Pedra Azul,3103,Teófilo Otoni,31,Minas Gerais,MG,3,Sudeste,SE,,,117.802,-15.69867304324347,-41.37406768266441
1712009,Lajeado,170001,Palmas,1701,Palmas,17,Tocantins,TO,1,Norte,N,,,318.292,-9.850561800595484,-48.29095225919073
2300507,Alcântaras,230015,Sobral,2306,Sobral,23,Ceará,CE,2,Nordeste,NE,,,135.76,-3.592264851215104,-40.54301784858571
2209906,São João da Serra,220003,Campo Maior,2201,Teresina,22,Piauí,PI,2,Nordeste,NE,,,994.224,-5.542505065062354,-41.87784582932433
2406106,Jucurutu,240007,Caicó,2402,Caicó,24,Rio Grande do Norte,RN,2,Nordeste,NE,,,933.73,-6.0580022232434345,-37.021393319141126
4303707,Campina das Missões,430019,Santa Rosa,4305,Ijuí,43,Rio Grande do Sul,RS,4,Sul,S,,,224.792,-27.962995692249642,-54.83410195949733
2901601,Antas,290027,Cícero Dantas,2909,Paulo Afonso,29,Bahia,BA,2,Nordeste,NE,,,326.36,-10.396686981833522,-38.30037912947774
3302304,Laje do Muriaé,330011,Itaperuna,3304,Campos dos Goytacazes,33,Rio de Janeiro,RJ,3,Sudeste,SE,,,253.53,-21.25010224071657,-42.13511872100843
2611533,Quixaba,260014,Afogados da Ingazeira,2603,Serra Talhada,26,Pernambuco,PE,2,Nordeste,NE,,,210.705,-7.7176098975473435,-37.849073885348574
2512507,Queimadas,250005,Campina Grande,2502,Campina Grande,25,Paraíba,PB,2,Nordeste,NE,2504009,Campina Grande/PB,402.748,-7.399421315513456,-35.91370272219975
3114303,Carmo do Paranaíba,310062,Patos de Minas,3112,Patos de Minas,31,Minas Gerais,MG,3,Sudeste,SE,,,1307.862,-18.90766144858542,-46.18518470271955
4312005,Mariano Moro,430026,Erechim,4306,Passo Fundo,43,Rio Grande do Sul,RS,4,Sul,S,,,98.727,-27.342492173615078,-52.16837646062597
3171402,Vieiras,310031,Muriaé,3106,Juíz de Fora,31,Minas Gerais,MG,3,Sudeste,SE,,,112.691,-20.912644892764572,-42.28198571523413
3106002,Bela Vista de Minas,310026,João Monlevade,3105,Ipatinga,31,Minas Gerais,MG,3,Sudeste,SE,,,109.25,-19.798668653609074,-43.10581824180189
4115705,Matinhos,410002,Paranaguá,4101,Curitiba,41,Paraná,PR,4,Sul,S,,,117.479,-25.76175338637378,-48.55477929788241
2926103,Retirolândia,290032,Conceição do Coité,2910,Feira de Santana,29,Bahia,BA,2,Nordeste,NE,,,242.331,-11.503041906341501,-39.41669469197607
3130507,Ilicínea,310046,Três Pontas - Boa Esperança,3108,Varginha,31,Minas Gerais,MG,3,Sudeste,SE,,,376.341,-20.93145674643577,-45.80164218552638
5108204,Torixoréu,510013,Barra do Garças,5104,Barra do Garças,51,Mato Grosso,MT,5,Centro-oeste,CO,,,2398.383,-16.294731322319496,-52.88992899193618
2104800,Grajaú,210020,Barra do Corda,2105,Imperatriz,21,Maranhão,MA,2,Nordeste,NE,,,8861.696,-5.840227044028929,-46.01494455313909
4107520,Esperança Nova,410016,Umuarama,4104,Maringá,41,Paraná,PR,4,Sul,S,,,141.317,-23.71416339269653,-53.79750016550816
5002605,Camapuã,500001,Campo Grande,5001,Campo Grande,50,Mato Grosso do Sul,MS,5,Centro-oeste,CO,,,6238.127,-19.341925446604126,-53.869515628720634
2201705,Bertolínia,220018,Uruçuí,2206,Floriano,22,Piauí,PI,2,Nordeste,NE,,,1216.116,-7.744980143817674,-43.87721082772167
3538709,Piracicaba,350040,Piracicaba,3510,Campinas,35,São Paulo,SP,3,Sudeste,SE,3538709,Piracicaba/SP,1377.173,-22.72639335997101,-47.784061996776416
5207105,Diorama,520014,Iporá,5204,São Luís de Montes Belos - Iporá,52,Goiás,GO,5,Centro-oeste,CO,,,685.382,-16.223307365786802,-51.35045866166425
2406205,Lagoa d'Anta,240002,Santo Antônio - Passa e Fica - Nova Cruz,2401,Natal,24,Rio Grande do Norte,RN,2,Nordeste,NE,,,104.065,-6.384163975159955,-35.6263122028035
2901700,Antônio Cardoso,290029,Feira de Santana,2910,Feira de Santana,29,Bahia,BA,2,Nordeste,NE,,,293.53,-12.379795483625907,-39.14705133280344
2209872,São João da Fronteira,220007,Piripiri,2202,Parnaíba,22,Piauí,PI,2,Nordeste,NE,,,817.115,-3.992347048562617,-41.283798780687974
4311981,Mariana Pimentel,430001,Porto Alegre,4301,Porto Alegre,43,Rio Grande do Sul,RS,4,Sul,S,,,338.45,-30.31397598767538,-51.58429850271464
2300606,Altaneira,230011,Juazeiro do Norte,2304,Juazeiro do Norte,23,Ceará,CE,2,Nordeste,NE,,,72.675,-6.985614620323964,-39.69929730817947
4303806,Campinas do Sul,430026,Erechim,4306,Passo Fundo,43,Rio Grande do Sul,RS,4,Sul,S,,,276.162,-27.73625950762015,-52.657459190872835
2925956,Rafael Jambeiro,290029,Feira de Santana,2910,Feira de Santana,29,Bahia,BA,2,Nordeste,NE,,,1090.552,-12.47873794514641,-39.574078573731924
2603454,Camaragibe,260001,Recife,2601,Recife,26,Pernambuco,PE,2,Nordeste,NE,2611606,Recife/PE,51.321,-7.986775544119336,-34.99581175742367
2504306,Catolé do Rocha,250011,Catolé do Rocha - São Bento,2503,Patos,25,Paraíba,PB,2,Nordeste,NE,,,551.765,-6.321104253960861,-37.70446932223065
4123857,Santa Maria do Oeste,410005,Pitanga,4102,Guarapuava,41,Paraná,PR,4,Sul,S,,,815.151,-24.912908674155116,-51.92793932249396
4107504,Engenheiro Beltrão,410015,Campo Mourão,4104,Maringá,41,Paraná,PR,4,Sul,S,,,470.825,-23.760091083198386,-52.27062826374128
3106101,Belmiro Braga,310027,Juiz de Fora,3106,Juíz de Fora,31,Minas Gerais,MG,3,Sudeste,SE,,,393.086,-21.98580525061411,-43.46873335172391
3171501,Mathias Lobato,310020,Governador Valadares,3104,Governador Valadares,31,Minas Gerais,MG,3,Sudeste,SE,,,172.297,-18.611134311628724,-41.92718237846139
3506508,Birigui,350023,Birigui - Penápolis,3506,Araçatuba,35,São Paulo,SP,3,Sudeste,SE,3506508,Birigui/SP,530.031,-21.26160626580009,-50.35097257658945
1703008,Babaçulândia,170005,Araguaína,1702,Araguaína,17,Tocantins,TO,1,Norte,N,,,1790.297,-7.174540678498113,-47.8568371596405
3530508,Mococa,350047,São José do Rio Pardo - Mococa,3510,Campinas,35,São Paulo,SP,3,Sudeste,SE,,,855.701,-21.44946739912934,-47.03282628827856
2209971,São João do Arraial,220008,Esperantina,2202,Parnaíba,22,Piauí,PI,2,Nordeste,NE,,,215.149,-3.8192685185480424,-42.44895428732398
2925931,Quixabeira,290030,Jacobina,2910,Feira de Santana,29,Bahia,BA,2,Nordeste,NE,,,366.387,-11.392514889645588,-40.11861381824527
2611606,Recife,260001,Recife,2601,Recife,26,Pernambuco,PE,2,Nordeste,NE,2611606,Recife/PE,218.843,-8.039344933812515,-34.93308626989148
3301603,Duas Barras,330008,Nova Friburgo,3303,Petrópolis,33,Rio de Janeiro,RJ,3,Sudeste,SE,,,379.619,-22.055608867678373,-42.49804432131112
3163300,São José do Divino,310013,Teófilo Otoni,3103,Teófilo Otoni,31,Minas Gerais,MG,3,Sudeste,SE,,,328.704,-18.398280186586096,-41.3759797782688
4123956,Santa Mônica,410020,Loanda,4104,Maringá,41,Paraná,PR,4,Sul,S,,,260.488,-23.154186432033903,-53.10914341652479
1200609,Tarauacá,120005,Tarauacá,1202,Cruzeiro do Sul,12,Acre,AC,1,Norte,N,,,20169.487,-8.239465985652659,-71.44499154421595
2803302,Japaratuba,280001,Aracaju,2801,Aracaju,28,Sergipe,SE,2,Nordeste,NE,,,365.677,-10.553246252734013,-36.90298952194435
3204005,Pancas,320005,Colatina,3203,Colatina,32,Espírito Santo,ES,3,Sudeste,SE,,,837.842,-19.146810299446578,-40.817777901881755
2414209,Tibau do Sul,240003,Canguaretama,2401,Natal,24,Rio Grande do Norte,RN,2,Nordeste,NE,,,102.68,-6.241687725671628,-35.09981752300552
3506607,Biritiba Mirim,350001,São Paulo,3501,São Paulo,35,São Paulo,SP,3,Sudeste,SE,3550308,São Paulo/SP,317.406,-23.62416535050682,-46.0213227907851
1703107,Barrolândia,170003,Paraíso do Tocantins,1701,Palmas,17,Tocantins,TO,1,Norte,N,,,697.759,-9.865780961084154,-48.79119008646258
2209955,São João da Varjota,220011,Oeiras,2203,Picos,22,Piauí,PI,2,Nordeste,NE,,,394.457,-6.956534292721122,-41.88215086421388
2406155,Jundiá,240001,Natal,2401,Natal,24,Rio Grande do Norte,RN,2,Nordeste,NE,,,44.641,-6.256318843713937,-35.34036135926269
5100102,Acorizal,510001,Cuiabá,5101,Cuiabá,51,Mato Grosso,MT,5,Centro-oeste,CO,,,850.763,-15.17726934810166,-56.31803578454012
3155108,Rio do Prado,310015,Almenara,3103,Teófilo Otoni,31,Minas Gerais,MG,3,Sudeste,SE,,,479.815,-16.676569034249233,-40.55579210794537
3114105,Carmo de Minas,310053,São Lourenço,3109,Pouso Alegre,31,Minas Gerais,MG,3,Sudeste,SE,,,322.285,-22.091998283543536,-45.16150913055788
2925907,Quijingue,290026,Euclides da Cunha,2909,Paulo Afonso,29,Bahia,BA,2,Nordeste,NE,,,1380.798,-10.778078794422457,-39.049782961172816
2603405,Calumbi,260013,Serra Talhada,2603,Serra Talhada,26,Pernambuco,PE,2,Nordeste,NE,,,179.314,-8.003915851266596,-38.078682877359896
3147303,Paraisópolis,310052,Itajubá,3109,Pouso Alegre,31,Minas Gerais,MG,3,Sudeste,SE,,,331.238,-22.57149048595549,-45.81699934917244
2910206,Dom Macedo Costa,290003,Santo Antônio de Jesus,2902,Santo Antônio de Jesus,29,Bahia,BA,2,Nordeste,NE,,,94.778,-12.912355283022086,-39.17395974685574
2201770,Boa Hora,220005,Barras,2201,Teresina,22,Piauí,PI,2,Nordeste,NE,,,339.902,-4.354149501017351,-42.10547680947466
4303103,Cachoeirinha,430001,Porto Alegre,4301,Porto Alegre,43,Rio Grande do Sul,RS,4,Sul,S,4314902,Porto Alegre/RS,43.76,-29.920910705954075,-51.09531520905745
1200708,Xapuri,120002,Brasiléia,1201,Rio Branco,12,Acre,AC,1,Norte,N,,,5350.3,-10.575599063069118,-68.50470680369766
2406007,José da Penha,240010,Pau dos Ferros,2403,Mossoró,24,Rio Grande do Norte,RN,2,Nordeste,NE,,,117.635,-6.3405800890159805,-38.283050126758305
1502954,Eldorado do Carajás,150010,Parauapebas,1503,Marabá,15,Pará,PA,1,Norte,N,,,2956.69,-6.069645326531981,-49.24543528781511
4115754,Mauá da Serra,410023,Apucarana,4105,Londrina,41,Paraná,PR,4,Sul,S,,,107.535,-23.910823388477823,-51.18053117721698
5206909,Davinópolis,520004,Catalão,5201,Goiânia,52,Goiás,GO,5,Centro-oeste,CO,,,482.857,-18.117487062514815,-47.56554987827843
3301702,Duque de Caxias,330001,Rio de Janeiro,3301,Rio de Janeiro,33,Rio de Janeiro,RJ,3,Sudeste,SE,3304557,Rio de Janeiro/RJ,467.319,-22.63249168477309,-43.29960646390159
2112902,Vitória do Mearim,210005,Viana,2101,São Luís,21,Maranhão,MA,2,Nordeste,NE,,,715.625,-3.5678532153497136,-44.92208433527855
2309102,Mulungu,230003,Redenção-Acarape,2301,Fortaleza,23,Ceará,CE,2,Nordeste,NE,,,97.951,-4.3194463496817,-38.99319550160095
3522158,Itaoca,350004,Itapeva,3502,Sorocaba,35,São Paulo,SP,3,Sudeste,SE,,,183.015,-24.617880985123808,-48.83900476492613
1502939,Dom Eliseu,150007,Paragominas,1502,Castanhal,15,Pará,PA,1,Norte,N,,,5268.809,-4.186576157727251,-47.89811162920531
4115739,Mato Rico,410005,Pitanga,4102,Guarapuava,41,Paraná,PR,4,Sul,S,,,402.533,-24.70142817166692,-52.209489893895864
3105905,Barroso,310037,Barbacena,3107,Barbacena,31,Minas Gerais,MG,3,Sudeste,SE,,,82.07,-21.18322906663189,-43.957817173275515
4311270,Lagoa dos Três Cantos,430025,Passo Fundo,4306,Passo Fundo,43,Rio Grande do Sul,RS,4,Sul,S,,,138.602,-28.570945050641843,-52.83413202556793
2902005,Aracatu,290013,Brumado,2904,Vitória da Conquista,29,Bahia,BA,2,Nordeste,NE,,,1489.804,-14.371225706445248,-41.374548422885724
3203320,Marataízes,320007,Cachoeiro de Itapemirim,3204,Cachoeiro do Itapemirim,32,Espírito Santo,ES,3,Sudeste,SE,,,130.268,-21.10005832549462,-40.89363659217732
1703073,Barra do Ouro,170005,Araguaína,1702,Araguaína,17,Tocantins,TO,1,Norte,N,,,1105.84,-7.717768853936064,-47.57860790288577
2504355,Caturité,250005,Campina Grande,2502,Campina Grande,25,Paraíba,PB,2,Nordeste,NE,,,117.825,-7.415963689897038,-36.05770231326882
3555109,Tupi Paulista,350020,Dracena,3505,Presidente Prudente,35,São Paulo,SP,3,Sudeste,SE,,,244.663,-21.39041444120999,-51.58721224602183
3171808,Virginópolis,310021,Guanhães,3104,Governador Valadares,31,Minas Gerais,MG,3,Sudeste,SE,,,439.878,-18.79188106904114,-42.67029080281827
2201739,Betânia do Piauí,220010,Paulistana,2203,Picos,22,Piauí,PI,2,Nordeste,NE,,,667.433,-8.122720672092036,-40.765488576894356
2210300,São Julião,220009,Picos,2203,Picos,22,Piauí,PI,2,Nordeste,NE,,,291.089,-7.081581529142171,-40.820586071730354
2300903,Apuiarés,230005,Itapagé,2301,Fortaleza,23,Ceará,CE,2,Nordeste,NE,,,543.98,-3.968315925359466,-39.330698110910724
2926004,Remanso,290022,Juazeiro,2908,Juazeiro,29,Bahia,BA,2,Nordeste,NE,,,4571.634,-9.594877652008389,-42.245403189935246
3139102,Madre de Deus de Minas,310039,São João del Rei,3107,Barbacena,31,Minas Gerais,MG,3,Sudeste,SE,,,492.909,-21.484976518476635,-44.332146887148006
2414159,Tenente Laurentino Cruz,240008,Currais Novos,2402,Caicó,24,Rio Grande do Norte,RN,2,Nordeste,NE,,,68.556,-6.159083273599306,-36.722695396752464
2610905,Pesqueira,260012,Belo Jardim - Pesqueira,2602,Caruaru,26,Pernambuco,PE,2,Nordeste,NE,,,970.438,-8.392367396327272,-36.73523058059887
4107553,Farol,410015,Campo Mourão,4104,Maringá,41,Paraná,PR,4,Sul,S,,,289.232,-24.123308427244893,-52.6288484201437
5214408,Nazário,520015,Palmeiras de Goiás,5204,São Luís de Montes Belos - Iporá,52,Goiás,GO,5,Centro-oeste,CO,,,281.144,-16.583336943984648,-49.84943240299347
2104701,Graça Aranha,210016,Presidente Dutra,2104,Presidente Dutra,21,Maranhão,MA,2,Nordeste,NE,,,271.445,-5.414802424551474,-44.318119713375296
4311254,Lagoão,430042,Sobradinho,4308,Santa Cruz do Sul - Lajeado,43,Rio Grande do Sul,RS,4,Sul,S,,,387.453,-29.23810076625721,-52.787487013427274
2202117,Campo Alegre do Fidalgo,220014,São João do Piauí,2204,São Raimundo Nonato,22,Piauí,PI,2,Nordeste,NE,,,657.797,-8.282815212055588,-41.821476092593656
3203304,Mantenópolis,320005,Colatina,3203,Colatina,32,Espírito Santo,ES,3,Sudeste,SE,,,321.417,-18.87642357143619,-41.07172372109731
1703057,Bandeirantes do Tocantins,170007,Colinas do Tocantins,1702,Araguaína,17,Tocantins,TO,1,Norte,N,,,1540.543,-7.903014113211704,-48.675544553041874
4107546,Espigão Alto do Iguaçu,410011,Laranjeiras do Sul - Quedas do Iguaçu,4103,Cascavel,41,Paraná,PR,4,Sul,S,,,325.584,-25.352540268864836,-52.78700656761072
1503044,Floresta do Araguaia,150012,Redenção,1504,Redenção,15,Pará,PA,1,Norte,N,,,3444.285,-7.548322816155295,-49.57603053805248
4311239,Lagoa Bonita do Sul,430042,Sobradinho,4308,Santa Cruz do Sul - Lajeado,43,Rio Grande do Sul,RS,4,Sul,S,,,109.758,-29.502506448270488,-53.04172543083362
3538600,Piracaia,350041,Bragança Paulista,3510,Campinas,35,São Paulo,SP,3,Sudeste,SE,,,385.64,-23.04686471752154,-46.30221852471961
2202109,Campinas do Piauí,220012,Simplício Mendes,2203,Picos,22,Piauí,PI,2,Nordeste,NE,,,783.843,-7.656540619396101,-41.87137290397645
3130903,Inhapim,310025,Caratinga,3105,Ipatinga,31,Minas Gerais,MG,3,Sudeste,SE,,,858.024,-19.498630656713555,-41.96691425645933
4107538,Entre Rios do Oeste,410013,Marechal Cândido Rondon,4103,Cascavel,41,Paraná,PR,4,Sul,S,,,120.294,-24.71277478757976,-54.222352507115126
3163607,São José do Mantimento,310028,Manhuaçu,3106,Juíz de Fora,31,Minas Gerais,MG,3,Sudeste,SE,,,54.701,-20.02012678128168,-41.770042414197334
3505906,Batatais,350031,Ribeirão Preto,3508,Ribeirão Preto,35,São Paulo,SP,3,Sudeste,SE,,,849.526,-20.867798945870035,-47.57477373268949
3171907,Virgolândia,310020,Governador Valadares,3104,Governador Valadares,31,Minas Gerais,MG,3,Sudeste,SE,,,281.022,-18.45166969411489,-42.317545942673
2602704,Buenos Aires,260006,Carpina,2601,Recife,26,Pernambuco,PE,2,Nordeste,NE,,,93.187,-7.73791921091366,-35.34723930129902
2112852,Vila Nova dos Martírios,210019,Imperatriz,2105,Imperatriz,21,Maranhão,MA,2,Nordeste,NE,,,1190.008,-5.0747999968496895,-48.08049553713935
3546900,Santa Lúcia,350036,Araraquara,3509,Araraquara,35,São Paulo,SP,3,Sudeste,SE,3503208,Araraquara/SP,153.86,-21.670768117515237,-48.05735957067359
2104677,Governador Nunes Freire,210011,Governador Nunes Freire,2102,Santa Inês - Bacabal,21,Maranhão,MA,2,Nordeste,NE,,,1049.208,-2.062347581304912,-45.821153801208894
2202091,Caldeirão Grande do Piauí,220009,Picos,2203,Picos,22,Piauí,PI,2,Nordeste,NE,,,467.082,-7.307999145349564,-40.62280790179736
5214507,Nerópolis,520001,Goiânia,5201,Goiânia,52,Goiás,GO,5,Centro-oeste,CO,5208707,Goiânia/GO,204.713,-16.42677013787225,-49.18478440337924
3530409,Mirassolândia,350025,São José do Rio Preto,3507,São José do Rio Preto,35,São Paulo,SP,3,Sudeste,SE,3549805,São José do Rio Preto/SP,166.125,-20.595004575872757,-49.487005550291634
2611002,Petrolândia,260013,Serra Talhada,2603,Serra Talhada,26,Pernambuco,PE,2,Nordeste,NE,,,1056.589,-8.899330205821645,-38.30789390066018
2933505,Wenceslau Guimarães,290014,Ipiaú,2904,Vitória da Conquista,29,Bahia,BA,2,Nordeste,NE,,,655.056,-13.628550471380388,-39.619253931888906
2504702,Congo,250008,Sumé,2502,Campina Grande,25,Paraíba,PB,2,Nordeste,NE,,,324.686,-7.795037494472761,-36.6465318261997
2202083,Cajueiro da Praia,220006,Parnaíba,2202,Parnaíba,22,Piauí,PI,2,Nordeste,NE,,,271.165,-2.9927054431043505,-41.361602715033584
3147105,Pará de Minas,310068,Pará de Minas,3113,Divinópolis,31,Minas Gerais,MG,3,Sudeste,SE,,,551.105,-19.83422186336213,-44.60788421019257
3301504,Cordeiro,330008,Nova Friburgo,3303,Petrópolis,33,Rio de Janeiro,RJ,3,Sudeste,SE,,,113.048,-22.058803653000194,-42.34222061891022
2202075,Cajazeiras do Piauí,220011,Oeiras,2203,Picos,22,Piauí,PI,2,Nordeste,NE,,,515.427,-6.781536087246602,-42.45903176800642
5108055,Terra Nova do Norte,510007,Sinop,5103,Sinop,51,Mato Grosso,MT,5,Centro-oeste,CO,,,2399.737,-10.512562245155594,-54.984062014981504
3122702,Dom Silvério,310030,Ponte Nova,3106,Juíz de Fora,31,Minas Gerais,MG,3,Sudeste,SE,,,194.972,-20.1346414753615,-42.94623026907829
2104651,Governador Newton Bello,210009,Santa Inês,2102,Santa Inês - Bacabal,21,Maranhão,MA,2,Nordeste,NE,,,1144.146,-3.4190992199288326,-45.92589156580894
2803708,Macambira,280004,Itabaiana,2802,Itabaiana,28,Sergipe,SE,2,Nordeste,NE,,,137.496,-10.660041236521794,-37.59685676777774
3155405,Rio Novo,310027,Juiz de Fora,3106,Juíz de Fora,31,Minas Gerais,MG,3,Sudeste,SE,,,209.31,-21.468570899937568,-43.143909838517565
2602803,Buíque,260011,Arcoverde,2602,Caruaru,26,Pernambuco,PE,2,Nordeste,NE,,,1295.821,-8.648301191372255,-37.118045490714735
4319505,São Sebastião do Caí,430002,Novo Hamburgo - São Leopoldo,4301,Porto Alegre,43,Rio Grande do Sul,RS,4,Sul,S,4314902,Porto Alegre/RS,113.067,-29.590174983157144,-51.337146572363814
3163706,São Lourenço,310053,São Lourenço,3109,Pouso Alegre,31,Minas Gerais,MG,3,Sudeste,SE,,,58.019,-22.117149115281574,-45.034284759432815
1503002,Faro,150017,Oriximiná,1505,Santarém,15,Pará,PA,1,Norte,N,,,11771.669,-1.1591503957993299,-57.80590758582255
2925303,Porto Seguro,290009,Eunápolis - Porto Seguro,2903,Ilhéus - Itabuna,29,Bahia,BA,2,Nordeste,NE,2925303,Porto Seguro,2285.734,-16.625013001099898,-39.279101461924675
3522208,Itapecerica da Serra,350001,São Paulo,3501,São Paulo,35,São Paulo,SP,3,Sudeste,SE,3550308,São Paulo/SP,151.012,-23.737258216380667,-46.85884457754091
2202059,Cabeceiras do Piauí,220005,Barras,2201,Teresina,22,Piauí,PI,2,Nordeste,NE,,,608.744,-4.4320258236714904,-42.333679713422526
4213906,Presidente Castello Branco,420010,Concórdia,4204,Chapecó,42,Santa Catarina,SC,4,Sul,S,,,65.433,-27.23333457346635,-51.780935584760094
2210359,São Lourenço do Piauí,220013,São Raimundo Nonato,2204,São Raimundo Nonato,22,Piauí,PI,2,Nordeste,NE,,,673.821,-9.171655101809534,-42.535492213350686
3138906,Machacalis,310019,Águas Formosas,3103,Teófilo Otoni,31,Minas Gerais,MG,3,Sudeste,SE,,,332.378,-17.083856756984122,-40.71972566728823
4319364,São Pedro das Missões,430034,Palmeira das Missões,4306,Passo Fundo,43,Rio Grande do Sul,RS,4,Sul,S,,,79.894,-27.77970720315117,-53.23767536242226
3147204,Paraguaçu,310042,Alfenas,3108,Varginha,31,Minas Gerais,MG,3,Sudeste,SE,,,424.296,-21.56680759329697,-45.74991663368839
3554904,Três Fronteiras,350030,Santa Fé do Sul,3507,São José do Rio Preto,35,São Paulo,SP,3,Sudeste,SE,,,151.594,-20.273743891536505,-50.86958920723534
2705309,Minador do Negrão,270008,Palmeira dos Índios,2702,Arapiraca,27,Alagoas,AL,2,Nordeste,NE,,,167.461,-9.336913167211755,-36.86353785694942
2902054,Araçás,290002,Alagoinhas,2901,Salvador,29,Bahia,BA,2,Nordeste,NE,,,474.577,-12.172946814977472,-38.21254419730971
4319356,São Pedro da Serra,430007,Montenegro,4301,Porto Alegre,43,Rio Grande do Sul,RS,4,Sul,S,,,37.631,-29.41863333185633,-51.50919578204397
3155504,Rio Paranaíba,310062,Patos de Minas,3112,Patos de Minas,31,Minas Gerais,MG,3,Sudeste,SE,,,1352.353,-19.240004783573845,-46.298919583027796
4123824,Santa Lúcia,410006,Cascavel,4103,Cascavel,41,Paraná,PR,4,Sul,S,,,126.813,-25.383146847663305,-53.55304061250038
4311304,Lagoa Vermelha,430033,Lagoa Vermelha,4306,Passo Fundo,43,Rio Grande do Sul,RS,4,Sul,S,,,1272.725,-28.227354627875556,-51.502217769148736
2202174,Campo Largo do Piauí,220005,Barras,2201,Teresina,22,Piauí,PI,2,Nordeste,NE,,,478.079,-3.8810338028857436,-42.54604709979802
3114501,Carmópolis de Minas,310069,Oliveira,3113,Divinópolis,31,Minas Gerais,MG,3,Sudeste,SE,,,400.01,-20.561910500192695,-44.647856647483344
2933455,Wanderley,290018,Barreiras,2906,Barreiras,29,Bahia,BA,2,Nordeste,NE,,,2920.579,-11.80892295465753,-43.906741934012075
3514007,Dobrada,350036,Araraquara,3509,Araraquara,35,São Paulo,SP,3,Sudeste,SE,,,149.729,-21.51612300381911,-48.35732372039039
4205704,Garopaba,420001,Florianópolis,4201,Florianópolis,42,Santa Catarina,SC,4,Sul,S,,,114.773,-28.046740628104583,-48.65894886561851
3203353,Marilândia,320005,Colatina,3203,Colatina,32,Espírito Santo,ES,3,Sudeste,SE,,,327.642,-19.429741810410043,-40.52068140339806
3130705,Indianópolis,310059,Uberlândia,3111,Uberlândia,31,Minas Gerais,MG,3,Sudeste,SE,,,830.03,-18.95229931639433,-47.84964568817318
3538907,Pirajuí,350009,Bauru,3503,Bauru,35,São Paulo,SP,3,Sudeste,SE,,,823.758,-21.957593368907684,-49.41361325323551
3139003,Machado,310042,Alfenas,3108,Varginha,31,Minas Gerais,MG,3,Sudeste,SE,,,585.958,-21.665935080082395,-45.92012089808828
2406403,Lagoa de Velhos,240006,São Paulo do Potengi,2401,Natal,24,Rio Grande do Norte,RN,2,Nordeste,NE,,,111.607,-6.01049352971794,-35.84438783852129
4123808,Santa Izabel do Oeste,410009,Francisco Beltrão,4103,Cascavel,41,Paraná,PR,4,Sul,S,,,321.003,-25.783555310776844,-53.4229999104218
3106309,Belo Oriente,310024,Ipatinga,3105,Ipatinga,31,Minas Gerais,MG,3,Sudeste,SE,3131307,Ipatinga/MG,334.909,-19.259416390593017,-42.45041745260932
3171709,Virgínia,310053,São Lourenço,3109,Pouso Alegre,31,Minas Gerais,MG,3,Sudeste,SE,,,326.515,-22.34194060276606,-45.10851330330608
4311155,Jóia,430018,Ijuí,4305,Ijuí,43,Rio Grande do Sul,RS,4,Sul,S,,,1238.709,-28.766558796832538,-54.15477513897091
3203346,Marechal Floriano,320002,Afonso Cláudio - Venda Nova do Imigrante - Santa Maria de Jetibá,3201,Vitória,32,Espírito Santo,ES,3,Sudeste,SE,,,285.495,-20.431268501057815,-40.77390295955639
2300804,Antonina do Norte,230011,Juazeiro do Norte,2304,Juazeiro do Norte,23,Ceará,CE,2,Nordeste,NE,,,259.706,-6.756486779013645,-39.981273110347324
3546702,Santa Gertrudes,350046,Rio Claro,3510,Campinas,35,São Paulo,SP,3,Sudeste,SE,3543907,Rio Claro/SP,98.045,-22.474813215450055,-47.5211653594771
3555000,Tupã,350016,Tupã,3504,Marília,35,São Paulo,SP,3,Sudeste,SE,,,627.986,-21.947290235049103,-50.534614247220915
2610806,Pedra,260011,Arcoverde,2602,Caruaru,26,Pernambuco,PE,2,Nordeste,NE,,,922.482,-8.697113313798413,-36.89990590464347
3203205,Linhares,320004,Linhares,3202,São Mateus,32,Espírito Santo,ES,3,Sudeste,SE,3203205,Linhares,3496.263,-19.382676730443286,-40.029374582993725
3122504,Dom Cavati,310024,Ipatinga,3105,Ipatinga,31,Minas Gerais,MG,3,Sudeste,SE,,,59.52,-19.385971533567773,-42.09123261481954
2910057,Dias d'Ávila,290001,Salvador,2901,Salvador,29,Bahia,BA,2,Nordeste,NE,2927408,Salvador/BA,183.759,-12.601262739397534,-38.282395260889025
3130804,Ingaí,310043,Lavras,3108,Varginha,31,Minas Gerais,MG,3,Sudeste,SE,,,305.591,-21.41059069466571,-44.924645312921754
2202133,Campo Grande do Piauí,220009,Picos,2203,Picos,22,Piauí,PI,2,Nordeste,NE,,,311.682,-7.183177229160863,-41.06532432050822
4319307,São Paulo das Missões,430024,Cerro Largo,4305,Ijuí,43,Rio Grande do Sul,RS,4,Sul,S,,,222.504,-27.988528101844373,-54.97592783109839
3163508,São José do Jacuri,310021,Guanhães,3104,Governador Valadares,31,Minas Gerais,MG,3,Sudeste,SE,,,345.146,-18.242868026882974,-42.66827121229641
3530706,Mogi Guaçu,350043,Mogi Guaçu,3510,Campinas,35,São Paulo,SP,3,Sudeste,SE,3530706,Mogi Guaçu - Mogi Mirim/SP,812.753,-22.232094351394313,-47.02896653370447
3539004,Pirangi,350026,Catanduva,3507,São José do Rio Preto,35,São Paulo,SP,3,Sudeste,SE,,,215.809,-21.09385194653318,-48.669421165224186
1502806,Curralinho,150020,Breves,1507,Breves,15,Pará,PA,1,Norte,N,,,3617.355,-1.5834676484617882,-49.98804141203078
4115606,Matelândia,410006,Cascavel,4103,Cascavel,41,Paraná,PR,4,Sul,S,,,642.123,-25.35037436541419,-53.90653206749073
2602605,Brejo da Madre de Deus,260009,Caruaru,2602,Caruaru,26,Pernambuco,PE,2,Nordeste,NE,,,761.824,-8.075654199043418,-36.281491858466595
5002001,Batayporã,500007,Nova Andradina,5002,Dourados,50,Mato Grosso do Sul,MS,5,Centro-oeste,CO,,,1826.578,-22.390816136158747,-53.17760159623585
3546801,Santa Isabel,350001,São Paulo,3501,São Paulo,35,São Paulo,SP,3,Sudeste,SE,3550308,São Paulo/SP,362.875,-23.289016662707475,-46.242372919378
5108105,Tesouro,510016,Rondonópolis,5105,Rondonópolis,51,Mato Grosso,MT,5,Centro-oeste,CO,,,4244.073,-15.90664717705306,-53.45638034640962
4311130,Jari,430011,Santa Maria,4303,Santa Maria,43,Rio Grande do Sul,RS,4,Sul,S,,,853.08,-29.291483079754034,-54.2980465173764
2512903,Rio Tinto,250003,Mamanguape - Rio Tinto,2501,João Pessoa,25,Paraíba,PB,2,Nordeste,NE,,,465.24,-6.796876389565308,-35.03614120847693
2201988,Brejo do Piauí,220019,Canto do Buriti,2206,Floriano,22,Piauí,PI,2,Nordeste,NE,,,2267.326,-8.382423539697035,-42.79094864763334
2112233,Trizidela do Vale,210012,Pedreiras,2102,Santa Inês - Bacabal,21,Maranhão,MA,2,Nordeste,NE,,,291.61,-4.539301321168438,-44.68177807568848
2104057,Estreito,210019,Imperatriz,2105,Imperatriz,21,Maranhão,MA,2,Nordeste,NE,,,2719.964,-6.782495050134576,-47.201180052839625
4311122,Jaquirana,430039,Vacaria,4307,Caxias do Sul,43,Rio Grande do Sul,RS,4,Sul,S,,,908.842,-28.948182290545294,-50.36114975069353
3122603,Dom Joaquim,310021,Guanhães,3104,Governador Valadares,31,Minas Gerais,MG,3,Sudeste,SE,,,398.793,-18.928284100211254,-43.25924846997538
3522505,Itapevi,350001,São Paulo,3501,São Paulo,35,São Paulo,SP,3,Sudeste,SE,3550308,São Paulo/SP,82.583,-23.550985417684206,-46.96768605936636
3203163,Laranja da Terra,320002,Afonso Cláudio - Venda Nova do Imigrante - Santa Maria de Jetibá,3201,Vitória,32,Espírito Santo,ES,3,Sudeste,SE,,,458.37,-19.87258116842334,-41.05772535433835
4107405,Enéas Marques,410009,Francisco Beltrão,4103,Cascavel,41,Paraná,PR,4,Sul,S,,,196.238,-25.90671865828896,-53.15377043687873
3530805,Mogi Mirim,350043,Mogi Guaçu,3510,Campinas,35,São Paulo,SP,3,Sudeste,SE,3530706,Mogi Guaçu - Mogi Mirim/SP,497.709,-22.45135162592609,-46.98838221189903
3554953,Tuiuti,350041,Bragança Paulista,3510,Campinas,35,São Paulo,SP,3,Sudeste,SE,,,126.731,-22.830276187308822,-46.687623586743726
2512762,Riachão do Poço,250001,João Pessoa,2501,João Pessoa,25,Paraíba,PB,2,Nordeste,NE,,,40.46,-7.154948395111937,-35.2898727776449
1502905,Curuçá,150004,Castanhal,1502,Castanhal,15,Pará,PA,1,Norte,N,,,676.321,-0.7435815534666318,-47.863430721059885
2300754,Amontada,230002,Itapipoca,2301,Fortaleza,23,Ceará,CE,2,Nordeste,NE,,,1175.044,-3.239600599711444,-39.78518490624044
3155306,Rio Manso,310069,Oliveira,3113,Divinópolis,31,Minas Gerais,MG,3,Sudeste,SE,,,231.54,-20.267053715614868,-44.34496053176751
4319406,São Pedro do Sul,430011,Santa Maria,4303,Santa Maria,43,Rio Grande do Sul,RS,4,Sul,S,,,873.394,-29.611382259307263,-54.23800323369907
2112209,Timon,210014,Timon,2103,Caxias,21,Maranhão,MA,2,Nordeste,NE,2211001,Teresina/PI,1763.219,-5.1855908596716,-42.9810744443383
3138302,Leandro Ferreira,310065,Divinópolis,3113,Divinópolis,31,Minas Gerais,MG,3,Sudeste,SE,,,352.005,-19.679512270012072,-45.040824544677704
2512754,Riachão do Bacamarte,250005,Campina Grande,2502,Campina Grande,25,Paraíba,PB,2,Nordeste,NE,,,40.281,-7.239640722058905,-35.66923199228329
2512747,Riachão,250002,Guarabira,2501,João Pessoa,25,Paraíba,PB,2,Nordeste,NE,,,85.291,-6.541761220741748,-35.64742471608422
3114550,Carneirinho,310058,Iturama,3110,Uberaba,31,Minas Gerais,MG,3,Sudeste,SE,,,2063.462,-19.750240218038037,-50.82981828268644
2201960,Brasileira,220007,Piripiri,2202,Parnaíba,22,Piauí,PI,2,Nordeste,NE,,,880.836,-4.120829053974374,-41.636621174376
2704609,Maravilha,270010,Santana do Ipanema,2702,Arapiraca,27,Alagoas,AL,2,Nordeste,NE,,,334.052,-9.244099757130218,-37.39975492921673
2901957,Apuarema,290012,Jequié,2904,Vitória da Conquista,29,Bahia,BA,2,Nordeste,NE,,,150.83,-13.820033818879962,-39.75157032188046
3522604,Itapira,350043,Mogi Guaçu,3510,Campinas,35,São Paulo,SP,3,Sudeste,SE,,,518.431,-22.431969867521975,-46.77211180889117
4214300,Rancho Queimado,420001,Florianópolis,4201,Florianópolis,42,Santa Catarina,SC,4,Sul,S,,,286.461,-27.673931504114847,-49.089880501042984
3555307,Turmalina,350028,Jales,3507,São José do Rio Preto,35,São Paulo,SP,3,Sudeste,SE,,,147.797,-20.08354681258349,-50.4567633522111
2201945,Boqueirão do Piauí,220003,Campo Maior,2201,Teresina,22,Piauí,PI,2,Nordeste,NE,,,271.024,-4.539797166428187,-42.11127697399488
4311205,Júlio de Castilhos,430011,Santa Maria,4303,Santa Maria,43,Rio Grande do Sul,RS,4,Sul,S,,,1929.544,-29.258435279800732,-53.652443759858365
4124103,Santo Antônio da Platina,410022,Santo Antônio da Platina,4105,Londrina,41,Paraná,PR,4,Sul,S,,,720.385,-23.29660172348003,-50.08552656047856
3130101,Igarapé,310001,Belo Horizonte,3101,Belo Horizonte,31,Minas Gerais,MG,3,Sudeste,SE,3106200,Belo Horizonte/MG,110.894,-20.059414664276837,-44.322053870375996
2104008,Esperantinópolis,210012,Pedreiras,2102,Santa Inês - Bacabal,21,Maranhão,MA,2,Nordeste,NE,,,452.402,-4.899062622019109,-44.89049615502117
4107751,Figueira,410026,Ibaiti,4105,Londrina,41,Paraná,PR,4,Sul,S,,,129.769,-23.876180792401158,-50.4302994776258
3301876,Iguaba Grande,330013,Cabo Frio,3305,Macaé - Rio das Ostras - Cabo Frio,33,Rio de Janeiro,RJ,3,Sudeste,SE,3300209,Araruama/RJ,50.977,-22.827483017946715,-42.21801084143312
2112308,Tuntum,210016,Presidente Dutra,2104,Presidente Dutra,21,Maranhão,MA,2,Nordeste,NE,,,3369.119,-5.610438943683709,-44.730624157985865
4319372,São Pedro do Butiá,430024,Cerro Largo,4305,Ijuí,43,Rio Grande do Sul,RS,4,Sul,S,,,107.394,-28.123286095142085,-54.89511704246949
5107404,São Pedro da Cipa,510018,Jaciara,5105,Rondonópolis,51,Mato Grosso,MT,5,Centro-oeste,CO,,,344.33,-15.954073487339434,-54.74030433541921
2512721,Pedro Régis,250003,Mamanguape - Rio Tinto,2501,João Pessoa,25,Paraíba,PB,2,Nordeste,NE,,,74.216,-6.6681279270122396,-35.29109650723238
2910107,Dom Basílio,290013,Brumado,2904,Vitória da Conquista,29,Bahia,BA,2,Nordeste,NE,,,689.513,-13.856317581693196,-41.712234551946736
3538808,Piraju,350017,Piraju,3504,Marília,35,São Paulo,SP,3,Sudeste,SE,,,504.591,-23.18692093030087,-49.366078023764025
4206108,Grão-Pará,420003,Tubarão,4202,Criciúma,42,Santa Catarina,SC,4,Sul,S,,,334.362,-28.155035479567843,-49.314022149305
2704708,Marechal Deodoro,270001,Maceió,2701,Maceió,27,Alagoas,AL,2,Nordeste,NE,2704302,Maceió/AL,340.987,-9.715299132568834,-35.909625247279685
2201929,Bonfim do Piauí,220013,São Raimundo Nonato,2204,São Raimundo Nonato,22,Piauí,PI,2,Nordeste,NE,,,289.149,-9.171356734942776,-42.87580857090183
2414605,Upanema,240009,Mossoró,2403,Mossoró,24,Rio Grande do Norte,RN,2,Nordeste,NE,,,873.14,-5.61009353873208,-37.29196537358006
5206305,Cristianópolis,520009,Piracanjuba,5202,Itumbiara,52,Goiás,GO,5,Centro-oeste,CO,,,221.624,-17.21299151611345,-48.70725282418106
3514403,Dracena,350020,Dracena,3505,Presidente Prudente,35,São Paulo,SP,3,Sudeste,SE,,,487.271,-21.55668741290286,-51.58412223016656
1502855,Curuá,150017,Oriximiná,1505,Santarém,15,Pará,PA,1,Norte,N,,,1431.346,-1.845779675583711,-55.11348016153003
2309003,Mucambo,230015,Sobral,2306,Sobral,23,Ceará,CE,2,Nordeste,NE,,,192.19,-3.897805894775313,-40.755903889325246
4107736,Fernandes Pinheiro,410029,Irati,4106,Ponta Grossa,41,Paraná,PR,4,Sul,S,,,405.489,-25.51663028659201,-50.51028071128871
4303004,Cachoeira do Sul,430013,Cachoeira do Sul,4303,Santa Maria,43,Rio Grande do Sul,RS,4,Sul,S,,,3736.064,-30.206195045940863,-52.98645042581662
3146552,Pai Pedro,310007,Janaúba,3102,Montes Claros,31,Minas Gerais,MG,3,Sudeste,SE,,,839.805,-15.419123267125729,-43.14958870365263
4319737,São Valério do Sul,430018,Ijuí,4305,Ijuí,43,Rio Grande do Sul,RS,4,Sul,S,,,107.402,-27.82105371754272,-53.90869330118903
3121902,Divinésia,310029,Ubá,3106,Juíz de Fora,31,Minas Gerais,MG,3,Sudeste,SE,,,116.97,-20.987915884894697,-42.99806116434579
3547106,Santa Mercedes,350020,Dracena,3505,Presidente Prudente,35,São Paulo,SP,3,Sudeste,SE,,,166.884,-21.31675661950336,-51.73708616034232
2104107,Fortaleza dos Nogueiras,210022,Balsas,2105,Imperatriz,21,Maranhão,MA,2,Nordeste,NE,,,1853.382,-6.94193762190972,-46.08192387257023
2308351,Milhã,230006,Quixadá,2302,Quixadá,23,Ceará,CE,2,Nordeste,NE,,,502.136,-5.640820795515702,-39.17113663607003
3301850,Guapimirim,330001,Rio de Janeiro,3301,Rio de Janeiro,33,Rio de Janeiro,RJ,3,Sudeste,SE,3304557,Rio de Janeiro/RJ,358.443,-22.583503965228907,-42.9640156273497
2901908,Aporá,290002,Alagoinhas,2901,Salvador,29,Bahia,BA,2,Nordeste,NE,,,479.262,-11.731565418456313,-38.19380316238142
3530607,Mogi das Cruzes,350001,São Paulo,3501,São Paulo,35,São Paulo,SP,3,Sudeste,SE,3550308,São Paulo/SP,712.532,-23.569579880097375,-46.18607096416149
2611200,Poção,260012,Belo Jardim - Pesqueira,2602,Caruaru,26,Pernambuco,PE,2,Nordeste,NE,,,205.118,-8.224733939069695,-36.71130187590082
4124202,Santo Antônio do Caiuá,410017,Paranavaí,4104,Maringá,41,Paraná,PR,4,Sul,S,,,221.391,-22.69883181059667,-52.35702615411721
2414456,Triunfo Potiguar,240011,Assú,2403,Mossoró,24,Rio Grande do Norte,RN,2,Nordeste,NE,,,268.725,-5.91839280746567,-37.15155254162323
2104099,Formosa da Serra Negra,210020,Barra do Corda,2105,Imperatriz,21,Maranhão,MA,2,Nordeste,NE,,,3690.633,-6.514204753405532,-46.18625745123353
3171071,Veredinha,310014,Capelinha,3103,Teófilo Otoni,31,Minas Gerais,MG,3,Sudeste,SE,,,631.691,-17.48766482366253,-42.725249878567126
5214705,Nova América,520018,Ceres - Rialma - Goianésia,5205,Porangatu - Uruaçu,52,Goiás,GO,5,Centro-oeste,CO,,,209.432,-15.045137690222116,-49.934297740519874
5001904,Bataguassu,500002,Três Lagoas,5001,Campo Grande,50,Mato Grosso do Sul,MS,5,Centro-oeste,CO,,,2392.476,-21.80573006531736,-52.57244147392324
2112274,Tufilândia,210009,Santa Inês,2102,Santa Inês - Bacabal,21,Maranhão,MA,2,Nordeste,NE,,,270.934,-3.7580689702222783,-45.58129047312616
2210201,São José do Piauí,220009,Picos,2203,Picos,22,Piauí,PI,2,Nordeste,NE,,,373.347,-6.814959253737231,-41.49103035726141
2202026,Buriti dos Montes,220003,Campo Maior,2201,Teresina,22,Piauí,PI,2,Nordeste,NE,,,2437.329,-5.162304135958202,-41.19988057366887
4319711,São Valentim do Sul,430037,Bento Gonçalves,4307,Caxias do Sul,43,Rio Grande do Sul,RS,4,Sul,S,,,91.899,-29.0568012946527,-51.76098612070541
3138351,Leme do Prado,310014,Capelinha,3103,Teófilo Otoni,31,Minas Gerais,MG,3,Sudeste,SE,,,280.036,-17.06980902513465,-42.74454892433846
2512804,Riacho dos Cavalos,250011,Catolé do Rocha - São Bento,2503,Patos,25,Paraíba,PB,2,Nordeste,NE,,,262.532,-6.478190639561113,-37.63551229382628
2603009,Cabrobó,260017,Salgueiro,2604,Petrolina,26,Pernambuco,PE,2,Nordeste,NE,,,1658.617,-8.38647031890942,-39.32942798020272
3547205,Santana da Ponte Pensa,350030,Santa Fé do Sul,3507,São José do Rio Preto,35,São Paulo,SP,3,Sudeste,SE,,,129.888,-20.260725867736976,-50.79709921509123
4319703,São Valentim,430026,Erechim,4306,Passo Fundo,43,Rio Grande do Sul,RS,4,Sul,S,,,154.45,-27.55378381374537,-52.559485825470574
4116000,Miraselva,410021,Londrina,4105,Londrina,41,Paraná,PR,4,Sul,S,,,90.572,-22.972963589342363,-51.485290335312655
1503200,Igarapé-Açu,150004,Castanhal,1502,Castanhal,15,Pará,PA,1,Norte,N,,,785.983,-1.1450184830949852,-47.56598770961754
2925253,Ponto Novo,290023,Senhor do Bonfim,2908,Juazeiro,29,Bahia,BA,2,Nordeste,NE,,,530.143,-10.958924593135517,-40.10571088165227
2104081,Fernando Falcão,210020,Barra do Corda,2105,Imperatriz,21,Maranhão,MA,2,Nordeste,NE,,,5086.59,-6.173799079114683,-45.306178410537846
3505807,Bastos,350016,Tupã,3504,Marília,35,São Paulo,SP,3,Sudeste,SE,,,170.912,-21.950218007070575,-50.74399731285602
2300150,Acarape,230003,Redenção-Acarape,2301,Fortaleza,23,Ceará,CE,2,Nordeste,NE,,,129.767,-4.217063074275936,-38.662815704006235
3522406,Itapeva,350004,Itapeva,3502,Sorocaba,35,São Paulo,SP,3,Sudeste,SE,,,1826.258,-23.914068856129674,-48.87171750746169
2104073,Feira Nova do Maranhão,210022,Balsas,2105,Imperatriz,21,Maranhão,MA,2,Nordeste,NE,,,1626.052,-7.018665635530154,-46.626746314343315
1101559,Teixeirópolis,110004,Ji-Paraná,1102,Ji-Paraná,11,Rondônia,RO,1,Norte,N,,,459.933,-10.94345879869152,-62.27976543394626
2512788,Riacho de Santo Antônio,250005,Campina Grande,2502,Campina Grande,25,Paraíba,PB,2,Nordeste,NE,,,93.654,-7.682907531231354,-36.13775311389741
4214102,Presidente Nereu,420022,Rio do Sul,4207,Blumenau,42,Santa Catarina,SC,4,Sul,S,,,224.748,-27.268252902515382,-49.35495247090859
2202000,Buriti dos Lopes,220006,Parnaíba,2202,Parnaíba,22,Piauí,PI,2,Nordeste,NE,,,690.539,-3.2392486647419503,-41.804180477907124
3146503,Pains,310066,Formiga,3113,Divinópolis,31,Minas Gerais,MG,3,Sudeste,SE,,,421.862,-20.381544602492145,-45.69391675896281
2504603,Conde,250001,João Pessoa,2501,João Pessoa,25,Paraíba,PB,2,Nordeste,NE,2507507,João Pessoa/PB,171.267,-7.282026345294299,-34.860656812986264
3555356,Ubarana,350025,São José do Rio Preto,3507,São José do Rio Preto,35,São Paulo,SP,3,Sudeste,SE,,,209.861,-21.21975269463207,-49.74821234805421
2917607,Jaguaquara,290012,Jequié,2904,Vitória da Conquista,29,Bahia,BA,2,Nordeste,NE,,,924.512,-13.553854314252217,-39.95700216438306
2414407,Touros,240001,Natal,2401,Natal,24,Rio Grande do Norte,RN,2,Nordeste,NE,,,753.961,-5.281010734662899,-35.607969645506586
2933406,Wagner,290031,Itaberaba,2910,Feira de Santana,29,Bahia,BA,2,Nordeste,NE,,,522.37,-12.231382027244605,-41.14597385852508
2112100,Timbiras,210015,Codó,2103,Caxias,21,Maranhão,MA,2,Nordeste,NE,,,1486.582,-4.153038221672734,-43.81348781213263
4107801,Floraí,410014,Maringá,4104,Maringá,41,Paraná,PR,4,Sul,S,,,190.812,-23.33279714966976,-52.34830694370219
4124020,Santa Tereza do Oeste,410006,Cascavel,4103,Cascavel,41,Paraná,PR,4,Sul,S,4104808,Cascavel/PR,327.737,-25.03691428027269,-53.60574787078365
3171030,Verdelândia,310007,Janaúba,3102,Montes Claros,31,Minas Gerais,MG,3,Sudeste,SE,,,1570.582,-15.540189732844851,-43.62829996856938
2308302,Milagres,230012,Brejo Santo,2304,Juazeiro do Norte,23,Ceará,CE,2,Nordeste,NE,,,579.097,-7.272055616214823,-38.9429420152334
4311502,Lavras do Sul,430012,São Gabriel - Caçapava do Sul,4303,Santa Maria,43,Rio Grande do Sul,RS,4,Sul,S,,,2600.991,-30.77208113619473,-54.15360179720751
3514205,Dolcinópolis,350028,Jales,3507,São José do Rio Preto,35,São Paulo,SP,3,Sudeste,SE,,,77.939,-20.117241482252602,-50.52828472216232
4319802,São Vicente do Sul,430011,Santa Maria,4303,Santa Maria,43,Rio Grande do Sul,RS,4,Sul,S,,,1174.225,-29.709593045030303,-54.75401822595653
1703305,Bom Jesus do Tocantins,170006,Guaraí,1702,Araguaína,17,Tocantins,TO,1,Norte,N,,,1326.947,-9.012406581912783,-47.87922005959608
2704500,Maragogi,270002,Porto Calvo - São Luís do Quitunde,2701,Maceió,27,Alagoas,AL,2,Nordeste,NE,,,333.952,-8.951745029299875,-35.26914746765968
4205902,Gaspar,420019,Blumenau,4207,Blumenau,42,Santa Catarina,SC,4,Sul,S,4202404,Blumenau/SC,386.599,-26.931346187645573,-48.966029494982024
4214201,Quilombo,420007,Chapecó,4204,Chapecó,42,Santa Catarina,SC,4,Sul,S,,,278.983,-26.7292364494155,-52.71798207851956
2803609,Laranjeiras,280001,Aracaju,2801,Aracaju,28,Sergipe,SE,2,Nordeste,NE,2800308,Aracaju/SE,162.274,-10.804542244942645,-37.186167834724664
4124004,Santana do Itararé,410022,Santo Antônio da Platina,4105,Londrina,41,Paraná,PR,4,Sul,S,,,251.831,-23.750862577787796,-49.63249064938068
4107652,Fazenda Rio Grande,410001,Curitiba,4101,Curitiba,41,Paraná,PR,4,Sul,S,4106902,Curitiba/PR,116.41,-25.676309721814803,-49.29740573716833
2209500,Santo Inácio do Piauí,220011,Oeiras,2203,Picos,22,Piauí,PI,2,Nordeste,NE,,,845.492,-7.459404489729758,-42.01586698289436
2925204,Pojuca,290001,Salvador,2901,Salvador,29,Bahia,BA,2,Nordeste,NE,,,314.931,-12.361734071591268,-38.25296333992967
3301900,Itaboraí,330001,Rio de Janeiro,3301,Rio de Janeiro,33,Rio de Janeiro,RJ,3,Sudeste,SE,3304557,Rio de Janeiro/RJ,429.961,-22.750024920519465,-42.85425342202275
5107305,São José do Rio Claro,510003,Diamantino,5101,Cuiabá,51,Mato Grosso,MT,5,Centro-oeste,CO,,,4525.304,-13.551233876149237,-56.80818783189632
2909406,Cotegipe,290018,Barreiras,2906,Barreiras,29,Bahia,BA,2,Nordeste,NE,,,4282.775,-11.711115461995925,-44.32799587036062
2103901,Duque Bacelar,210013,Caxias,2103,Caxias,21,Maranhão,MA,2,Nordeste,NE,,,317.494,-4.099139705267531,-43.0098729240502
4206009,Governador Celso Ramos,420001,Florianópolis,4201,Florianópolis,42,Santa Catarina,SC,4,Sul,S,4205407,Florianópolis/SC,127.556,-27.3766932105247,-48.57728453414662
2308401,Missão Velha,230011,Juazeiro do Norte,2304,Juazeiro do Norte,23,Ceará,CE,2,Nordeste,NE,,,613.317,-7.306450163448638,-39.15287812457061
4311601,Liberato Salzano,430029,Frederico Westphalen,4306,Passo Fundo,43,Rio Grande do Sul,RS,4,Sul,S,,,245.627,-27.549524587475666,-53.06387451757702
2512101,Pombal,250012,Pombal,2503,Patos,25,Paraíba,PB,2,Nordeste,NE,,,894.098,-6.772539551930559,-37.850941722222515
3162948,São José da Barra,310041,Passos,3108,Varginha,31,Minas Gerais,MG,3,Sudeste,SE,,,308.319,-20.74740609089734,-46.243739784795764
5107297,São José do Povo,510016,Rondonópolis,5105,Rondonópolis,51,Mato Grosso,MT,5,Centro-oeste,CO,,,489.737,-16.470955730450246,-54.268082289771876
5206206,Cristalina,520019,Luziânia,5206,Luziânia - Águas Lindas de Goiás,52,Goiás,GO,5,Centro-oeste,CO,,,6153.921,-16.69813507826729,-47.51761779930824
3514304,Dourado,350037,São Carlos,3509,Araraquara,35,São Paulo,SP,3,Sudeste,SE,,,205.874,-22.117293670441917,-48.33352549599518
2414506,Umarizal,240010,Pau dos Ferros,2403,Mossoró,24,Rio Grande do Norte,RN,2,Nordeste,NE,,,249.61,-5.981480697143761,-37.827292447285686
3547007,Santa Maria da Serra,350040,Piracicaba,3510,Campinas,35,São Paulo,SP,3,Sudeste,SE,,,252.621,-22.564568443164493,-48.154256531199664
5002209,Bonito,500011,Jardim,5003,Corumbá,50,Mato Grosso do Sul,MS,5,Centro-oeste,CO,,,5378.723,-21.033212463338046,-56.48276065939271
2201309,Barreiras do Piauí,220015,Corrente,2205,Corrente - Bom Jesus,22,Piauí,PI,2,Nordeste,NE,,,2168.713,-10.003464090516996,-45.71040797327852
4115804,Medianeira,410007,Foz do Iguaçu,4103,Cascavel,41,Paraná,PR,4,Sul,S,,,326.67,-25.26283509674822,-54.09267175879972
3114402,Carmo do Rio Claro,310041,Passos,3108,Varginha,31,Minas Gerais,MG,3,Sudeste,SE,,,1065.685,-20.97210382150002,-46.099101241502446
2901205,Anagé,290011,Vitória da Conquista,2904,Vitória da Conquista,29,Bahia,BA,2,Nordeste,NE,,,1899.685,-14.5898999683767,-40.92771676269639
2909505,Cravolândia,290012,Jequié,2904,Vitória da Conquista,29,Bahia,BA,2,Nordeste,NE,,,182.518,-13.424022365345987,-39.78447498827809
3171105,Veríssimo,310055,Uberaba,3110,Uberaba,31,Minas Gerais,MG,3,Sudeste,SE,,,1031.823,-19.602467280579248,-48.34091478221129
2300200,Acaraú,230017,Acaraú,2306,Sobral,23,Ceará,CE,2,Nordeste,NE,,,842.469,-2.967897993241271,-40.08813298796234
2308377,Miraíma,230002,Itapipoca,2301,Fortaleza,23,Ceará,CE,2,Nordeste,NE,,,708.678,-3.5605707276425744,-39.9086239591546
4319752,São Vendelino,430002,Novo Hamburgo - São Leopoldo,4301,Porto Alegre,43,Rio Grande do Sul,RS,4,Sul,S,,,31.899,-29.382365350037027,-51.37250296431833
4303400,Caiçara,430029,Frederico Westphalen,4306,Passo Fundo,43,Rio Grande do Sul,RS,4,Sul,S,,,189.071,-27.246522092211418,-53.46658716908788
2406304,Lagoa de Pedras,240002,Santo Antônio - Passa e Fica - Nova Cruz,2401,Natal,24,Rio Grande do Norte,RN,2,Nordeste,NE,,,117.971,-6.19243521682993,-35.45083510093086
2512077,Poço de José de Moura,250015,Cajazeiras,2504,Sousa - Cajazeiras,25,Paraíba,PB,2,Nordeste,NE,,,94.646,-6.5936679718849724,-38.49893755706823
4214151,Princesa,420009,São Miguel do Oeste,4204,Chapecó,42,Santa Catarina,SC,4,Sul,S,,,85.598,-26.432945079967933,-53.611775707716276
2503902,Camalaú,250007,Monteiro,2502,Campina Grande,25,Paraíba,PB,2,Nordeste,NE,,,541.841,-7.8998453450410855,-36.79717023219754
3162922,São Joaquim de Bicas,310001,Belo Horizonte,3101,Belo Horizonte,31,Minas Gerais,MG,3,Sudeste,SE,3106200,Belo Horizonte/MG,71.995,-20.070973987530344,-44.249090828360615
1101609,Theobroma,110003,Jaru,1101,Porto Velho,11,Rondônia,RO,1,Norte,N,,,2197.412,-10.121768863288594,-62.34250454584217
5002308,Brasilândia,500002,Três Lagoas,5001,Campo Grande,50,Mato Grosso do Sul,MS,5,Centro-oeste,CO,,,5803.542,-21.075948428572275,-52.434007405737425
2201408,Barro Duro,220002,Amarante - Água Branca - Regeneração,2201,Teresina,22,Piauí,PI,2,Nordeste,NE,,,159.436,-5.801867040340252,-42.50275695731933
4107603,Faxinal,410025,Ivaiporã,4105,Londrina,41,Paraná,PR,4,Sul,S,,,716.804,-24.00313083734133,-51.285310106428184
3106200,Belo Horizonte,310001,Belo Horizonte,3101,Belo Horizonte,31,Minas Gerais,MG,3,Sudeste,SE,3106200,Belo Horizonte/MG,331.337,-19.90267676235889,-43.95998030041725
4115903,Mirador,410017,Paranavaí,4104,Maringá,41,Paraná,PR,4,Sul,S,,,222.016,-23.20226140155702,-52.746090069701474
4213500,Porto Belo,420020,Itajaí,4207,Blumenau,42,Santa Catarina,SC,4,Sul,S,,,93.674,-27.175005929965117,-48.61668367606327
4319604,São Sepé,430011,Santa Maria,4303,Santa Maria,43,Rio Grande do Sul,RS,4,Sul,S,,,2204.779,-30.175737029045973,-53.61982368531543
1503101,Gurupá,150020,Breves,1507,Breves,15,Pará,PA,1,Norte,N,,,8569.663,-1.149422734976893,-51.55388421857459
4311429,Lajeado do Bugre,430034,Palmeira das Missões,4306,Passo Fundo,43,Rio Grande do Sul,RS,4,Sul,S,,,67.947,-27.70327340119274,-53.206029097697936
2901304,Andaraí,290031,Itaberaba,2910,Feira de Santana,29,Bahia,BA,2,Nordeste,NE,,,1589.786,-12.733601953943014,-41.21502848034122
3162906,São João Nepomuceno,310035,São João Nepomuceno - Bicas,3106,Juíz de Fora,31,Minas Gerais,MG,3,Sudeste,SE,,,407.427,-21.58302088904527,-43.00324741515384
1503093,Goianésia do Pará,150011,Tucuruí,1503,Marabá,15,Pará,PA,1,Norte,N,,,7023.933,-4.0271931280374895,-49.00571850626418
2209559,São Braz do Piauí,220013,São Raimundo Nonato,2204,São Raimundo Nonato,22,Piauí,PI,2,Nordeste,NE,,,656.042,-8.962839008829455,-43.00787259686667
4205308,Faxinal dos Guedes,420011,Xanxerê,4204,Chapecó,42,Santa Catarina,SC,4,Sul,S,,,340.07,-26.846669474646042,-52.24432281169746
3203601,Mucurici,320003,São Mateus,3202,São Mateus,32,Espírito Santo,ES,3,Sudeste,SE,,,540.529,-18.01480164611588,-40.512532951048414
3146404,Paineiras,310070,Abaeté,3113,Divinópolis,31,Minas Gerais,MG,3,Sudeste,SE,,,637.309,-18.91883928499579,-45.491035408090234
3130051,Icaraí de Minas,310011,São Francisco,3102,Montes Claros,31,Minas Gerais,MG,3,Sudeste,SE,,,625.664,-16.22512680012846,-44.91639305682972
3513603,Cunha,350052,Guaratinguetá,3511,São José dos Campos,35,São Paulo,SP,3,Sudeste,SE,,,1407.098,-23.052744431293508,-44.94202902023725
2413805,Taboleiro Grande,240010,Pau dos Ferros,2403,Mossoró,24,Rio Grande do Norte,RN,2,Nordeste,NE,,,124.093,-5.935838067277464,-38.051151442188264
1702703,Aurora do Tocantins,170011,Dianópolis,1703,Gurupi,17,Tocantins,TO,1,Norte,N,,,696.194,-12.646636225756799,-46.43288116401594
2917508,Jacobina,290030,Jacobina,2910,Feira de Santana,29,Bahia,BA,2,Nordeste,NE,,,2192.906,-11.134920230075872,-40.56854544882255
2308203,Meruoca,230015,Sobral,2306,Sobral,23,Ceará,CE,2,Nordeste,NE,,,151.651,-3.578593276404136,-40.450851538367125
4311403,Lajeado,430041,Lajeado,4308,Santa Cruz do Sul - Lajeado,43,Rio Grande do Sul,RS,4,Sul,S,4311403,Lajeado/RS,90.801,-29.443275589347987,-52.00740121794735
4124053,Santa Terezinha de Itaipu,410007,Foz do Iguaçu,4103,Cascavel,41,Paraná,PR,4,Sul,S,4108304,Internacional de Foz do Iguaçu/Brasil - Ciudad del Este/Paraguai,270.949,-25.453330644006623,-54.43028947169226
1503077,Garrafão do Norte,150008,Capitão Poço,1502,Castanhal,15,Pará,PA,1,Norte,N,,,1608.014,-2.1683058002823588,-47.07597678517136
3506201,Bento de Abreu,350022,Araçatuba,3506,Araçatuba,35,São Paulo,SP,3,Sudeste,SE,,,301.687,-21.331755157098808,-50.86196145592283
4107702,Fênix,410015,Campo Mourão,4104,Maringá,41,Paraná,PR,4,Sul,S,,,232.209,-23.900569582811496,-52.02972902018895
3154705,Ribeirão Vermelho,310043,Lavras,3108,Varginha,31,Minas Gerais,MG,3,Sudeste,SE,3138203,Lavras/MG,49.251,-21.147887396180412,-45.07306308920979
3113701,Carlos Chagas,310013,Teófilo Otoni,3103,Teófilo Otoni,31,Minas Gerais,MG,3,Sudeste,SE,,,3202.984,-17.67417994326353,-40.84200603611281
5107354,São José do Xingu,510014,Confresa - Vila Rica,5104,Barra do Garças,51,Mato Grosso,MT,5,Centro-oeste,CO,,,7465.563,-10.696453128667173,-52.616918524995576
1101435,Nova União,110004,Ji-Paraná,1102,Ji-Paraná,11,Rondônia,RO,1,Norte,N,,,807.17,-10.889344541528468,-62.53235405701073
2802908,Itabaiana,280004,Itabaiana,2802,Itabaiana,28,Sergipe,SE,2,Nordeste,NE,,,337.348,-10.685585234699934,-37.42162056646595
2112506,Tutóia,210007,Tutóia - Araioses,2101,São Luís,21,Maranhão,MA,2,Nordeste,NE,,,1566.081,-2.923131250766409,-42.39062472272918
3138203,Lavras,310043,Lavras,3108,Varginha,31,Minas Gerais,MG,3,Sudeste,SE,3138203,Lavras/MG,564.744,-21.26467582245463,-45.03848723757707
5206503,Cromínia,520009,Piracanjuba,5202,Itumbiara,52,Goiás,GO,5,Centro-oeste,CO,,,364.918,-17.240542779729658,-49.356932096810056
2405603,Jardim de Piranhas,240007,Caicó,2402,Caicó,24,Rio Grande do Norte,RN,2,Nordeste,NE,,,330.53,-6.3344914124979645,-37.28588540224872
2909307,Correntina,290019,Santa Maria da Vitoria,2906,Barreiras,29,Bahia,BA,2,Nordeste,NE,,,11504.316,-13.467235448801572,-45.39586273417761
1711506,Jaú do Tocantins,170010,Gurupi,1703,Gurupi,17,Tocantins,TO,1,Norte,N,,,2167.201,-12.747736941186483,-48.6454850450599
3105509,Barão do Monte Alto,310031,Muriaé,3106,Juíz de Fora,31,Minas Gerais,MG,3,Sudeste,SE,,,198.313,-21.26478716942509,-42.27843294625712
3170909,Varzelândia,310006,Montes Claros,3102,Montes Claros,31,Minas Gerais,MG,3,Sudeste,SE,,,814.994,-15.64147584901808,-43.93443005100725
2209401,Santo Antônio de Lisboa,220009,Picos,2203,Picos,22,Piauí,PI,2,Nordeste,NE,,,376.353,-6.910371424809644,-41.207572358052424
4115853,Mercedes,410013,Marechal Cândido Rondon,4103,Cascavel,41,Paraná,PR,4,Sul,S,,,197.136,-24.433404864362124,-54.18623577847094
3301801,Engenheiro Paulo de Frontin,330004,Volta Redonda - Barra Mansa,3302,Volta Redonda - Barra Mansa,33,Rio de Janeiro,RJ,3,Sudeste,SE,,,139.381,-22.508285929692928,-43.636099375742965
4303202,Cacique Doble,430033,Lagoa Vermelha,4306,Passo Fundo,43,Rio Grande do Sul,RS,4,Sul,S,,,203.582,-27.813959706975044,-51.67695617675037
3146750,Palmópolis,310015,Almenara,3103,Teófilo Otoni,31,Minas Gerais,MG,3,Sudeste,SE,,,433.154,-16.788542789589158,-40.37108283355158
2512002,Pocinhos,250005,Campina Grande,2502,Campina Grande,25,Paraíba,PB,2,Nordeste,NE,,,623.967,-7.062660189546664,-36.09365794516921
4115200,Maringá,410014,Maringá,4104,Maringá,41,Paraná,PR,4,Sul,S,4115200,Maringá/PR,487.912,-23.401006582150035,-51.967923410742536
2104305,Godofredo Viana,210011,Governador Nunes Freire,2102,Santa Inês - Bacabal,21,Maranhão,MA,2,Nordeste,NE,,,725.707,-1.377120536303013,-45.766328096971264
2925600,Presidente Dutra,290020,Irecê,2907,Irecê,29,Bahia,BA,2,Nordeste,NE,,,232.064,-11.303399126954108,-41.9953096395142
5107701,Rosário Oeste,510001,Cuiabá,5101,Cuiabá,51,Mato Grosso,MT,5,Centro-oeste,CO,,,7339.442,-14.746550211968957,-55.915374792163256
3555208,Turiúba,350023,Birigui - Penápolis,3506,Araçatuba,35,São Paulo,SP,3,Sudeste,SE,,,153.492,-20.94048364311189,-50.11137630182529
2803005,Itabaianinha,280002,Estância,2801,Aracaju,28,Sergipe,SE,2,Nordeste,NE,,,501.794,-11.258736126845367,-37.779185446396305
1101401,Monte Negro,110002,Ariquemes,1101,Porto Velho,11,Rondônia,RO,1,Norte,N,,,1931.404,-10.210832375306147,-63.372392618522795
5002100,Bela Vista,500011,Jardim,5003,Corumbá,50,Mato Grosso do Sul,MS,5,Centro-oeste,CO,,,4956.473,-21.935910611845777,-56.53533170069468
3162708,São João do Paraíso,310008,Salinas,3102,Montes Claros,31,Minas Gerais,MG,3,Sudeste,SE,,,1925.575,-15.342813382655493,-41.97688525390495
2201200,Barras,220005,Barras,2201,Teresina,22,Piauí,PI,2,Nordeste,NE,,,1722.506,-4.1899287503826725,-42.36806458869714
2209377,Santa Rosa do Piauí,220011,Oeiras,2203,Picos,22,Piauí,PI,2,Nordeste,NE,,,338.339,-6.8093551054121155,-42.2275114944816
3130002,Ibituruna,310043,Lavras,3108,Varginha,31,Minas Gerais,MG,3,Sudeste,SE,,,153.106,-21.167141983505278,-44.78295268929174
3538204,Pinhalzinho,350041,Bragança Paulista,3510,Campinas,35,São Paulo,SP,3,Sudeste,SE,,,154.529,-22.778687876287325,-46.573427077325626
2405702,Jardim do Seridó,240007,Caicó,2402,Caicó,24,Rio Grande do Norte,RN,2,Nordeste,NE,,,367.645,-6.587739303617727,-36.80657357690676
2901106,Amélia Rodrigues,290029,Feira de Santana,2910,Feira de Santana,29,Bahia,BA,2,Nordeste,NE,,,166.872,-12.421184185004973,-38.7204827405223
2503803,Caldas Brandão,250001,João Pessoa,2501,João Pessoa,25,Paraíba,PB,2,Nordeste,NE,,,55.963,-7.121062775113711,-35.33921974980387
4107009,Curiúva,410028,Telêmaco Borba,4106,Ponta Grossa,41,Paraná,PR,4,Sul,S,,,576.263,-24.01323967687191,-50.46558666351122
1719004,Santa Tereza do Tocantins,170001,Palmas,1701,Palmas,17,Tocantins,TO,1,Norte,N,,,539.511,-10.298955789836098,-47.7415366362702
3171006,Vazante,310062,Patos de Minas,3112,Patos de Minas,31,Minas Gerais,MG,3,Sudeste,SE,,,1913.396,-17.869152284533307,-46.86762427584202
2300101,Abaiara,230012,Brejo Santo,2304,Juazeiro do Norte,23,Ceará,CE,2,Nordeste,NE,,,180.833,-7.360573944426925,-39.03682474575542
3203403,Mimoso do Sul,320007,Cachoeiro de Itapemirim,3204,Cachoeiro do Itapemirim,32,Espírito Santo,ES,3,Sudeste,SE,,,869.439,-21.088611504256477,-41.37677023353497
4303301,Caibaté,430022,São Luiz Gonzaga,4305,Ijuí,43,Rio Grande do Sul,RS,4,Sul,S,,,261.28,-28.335334648377234,-54.65527164823597
2112456,Turilândia,210002,Pinheiro,2101,São Luís,21,Maranhão,MA,2,Nordeste,NE,,,1507.976,-2.1588810483145675,-45.43751901209504
3121803,Dionísio,310024,Ipatinga,3105,Ipatinga,31,Minas Gerais,MG,3,Sudeste,SE,,,339.375,-19.83681638769981,-42.679088083884274
3506003,Bauru,350009,Bauru,3503,Bauru,35,São Paulo,SP,3,Sudeste,SE,3506003,Bauru/SP,667.684,-22.25399189181005,-49.12613467514085
2209351,Santana do Piauí,220009,Picos,2203,Picos,22,Piauí,PI,2,Nordeste,NE,,,112.189,-6.940736911965336,-41.4950503781441
3154507,Riacho dos Machados,310007,Janaúba,3102,Montes Claros,31,Minas Gerais,MG,3,Sudeste,SE,,,1315.54,-16.054479144428754,-42.993420725642835
4205357,Flor do Sertão,420009,São Miguel do Oeste,4204,Chapecó,42,Santa Catarina,SC,4,Sul,S,,,58.457,-26.763780844001502,-53.33734244939926
2201176,Barra D'Alcântara,220004,Valença do Piauí,2201,Teresina,22,Piauí,PI,2,Nordeste,NE,,,263.943,-6.529597643982953,-42.10650749153301
3530003,Mira Estrela,350029,Fernandópolis,3507,São José do Rio Preto,35,São Paulo,SP,3,Sudeste,SE,,,216.825,-19.951761727408577,-50.12430127160165
1101500,Seringueiras,110004,Ji-Paraná,1102,Ji-Paraná,11,Rondônia,RO,1,Norte,N,,,4443.991,-11.782513768948922,-63.186534518638844
3162807,São João Evangelista,310021,Guanhães,3104,Governador Valadares,31,Minas Gerais,MG,3,Sudeste,SE,,,478.183,-18.51362647257006,-42.77559880093207
3301108,Cantagalo,330008,Nova Friburgo,3303,Petrópolis,33,Rio de Janeiro,RJ,3,Sudeste,SE,,,747.21,-21.868354820652634,-42.3338868020908
1101492,São Francisco do Guaporé,110004,Ji-Paraná,1102,Ji-Paraná,11,Rondônia,RO,1,Norte,N,,,10948.637,-12.368407634009081,-63.122146955457325
3146701,Palma,310032,Cataguases,3106,Juíz de Fora,31,Minas Gerais,MG,3,Sudeste,SE,,,316.476,-21.419077088924073,-42.32888152850567
2611101,Petrolina,260015,Petrolina,2604,Petrolina,26,Pernambuco,PE,2,Nordeste,NE,2611101,Petrolina/PE - Juazeiro/BA,4558.905,-9.019428355536835,-40.57224586052762
2933604,Xique-Xique,290021,Xique-Xique - Barra,2907,Irecê,29,Bahia,BA,2,Nordeste,NE,,,5079.659,-10.984261780852053,-42.7801326945483
5214606,Niquelândia,520017,Uruaçu - Niquelândia,5205,Porangatu - Uruaçu,52,Goiás,GO,5,Centro-oeste,CO,,,9846.293,-14.49908922306509,-48.40141671429609
1101484,São Felipe D'Oeste,110005,Cacoal,1102,Ji-Paraná,11,Rondônia,RO,1,Norte,N,,,541.648,-11.904967983105102,-61.467070421876954
1200104,Brasiléia,120002,Brasiléia,1201,Rio Branco,12,Acre,AC,1,Norte,N,,,3928.821,-10.747372744227977,-69.20749155312593
3203502,Montanha,320003,São Mateus,3202,São Mateus,32,Espírito Santo,ES,3,Sudeste,SE,,,1099.06,-18.138867329046164,-40.275150343173024
5107776,Santa Terezinha,510014,Confresa - Vila Rica,5104,Barra do Garças,51,Mato Grosso,MT,5,Centro-oeste,CO,,,6466.228,-10.332638179491033,-50.79231392822388
1101476,Primavera de Rondônia,110005,Cacoal,1102,Ji-Paraná,11,Rondônia,RO,1,Norte,N,,,605.692,-11.878685974132296,-61.3153353761063
3521804,Itaí,350007,Avaré,3502,Sorocaba,35,São Paulo,SP,3,Sudeste,SE,,,1092.884,-23.471494550449798,-49.05416160119517
5107768,Santa Rita do Trivelato,510008,Sorriso,5103,Sinop,51,Mato Grosso,MT,5,Centro-oeste,CO,,,4740.204,-13.833721467983178,-55.29362133978492
3506102,Bebedouro,350032,Barretos,3508,Ribeirão Preto,35,São Paulo,SP,3,Sudeste,SE,,,683.192,-20.94045111491611,-48.51074878937273
3554508,Tietê,350003,Sorocaba,3502,Sorocaba,35,São Paulo,SP,3,Sudeste,SE,,,405.034,-23.049204911601084,-47.70774468452672
2209450,Santo Antônio dos Milagres,220002,Amarante - Água Branca - Regeneração,2201,Teresina,22,Piauí,PI,2,Nordeste,NE,,,34.444,-6.048817607884265,-42.705006577104804
1101468,Pimenteiras do Oeste,110006,Vilhena,1102,Ji-Paraná,11,Rondônia,RO,1,Norte,N,,,6014.733,-13.173875965509756,-61.54530687359944
3154606,Ribeirão das Neves,310001,Belo Horizonte,3101,Belo Horizonte,31,Minas Gerais,MG,3,Sudeste,SE,3106200,Belo Horizonte/MG,155.105,-19.779527739657816,-44.07191090861924
3113602,Careaçu,310050,Pouso Alegre,3109,Pouso Alegre,31,Minas Gerais,MG,3,Sudeste,SE,,,181.009,-22.07861996350285,-45.66441935266545
2308609,Monsenhor Tabosa,230013,Crateús,2305,Crateús,23,Ceará,CE,2,Nordeste,NE,,,892.538,-4.914672950947538,-40.044588546734516
2503753,Cajazeirinhas,250012,Pombal,2503,Patos,25,Paraíba,PB,2,Nordeste,NE,,,282.693,-6.958976608897362,-37.80341694296292
1710904,Itapiratins,170007,Colinas do Tocantins,1702,Araguaína,17,Tocantins,TO,1,Norte,N,,,1246.349,-8.316305489512466,-48.033317714299464
2602902,Cabo de Santo Agostinho,260001,Recife,2601,Recife,26,Pernambuco,PE,2,Nordeste,NE,2611606,Recife/PE,445.386,-8.269220155519458,-35.08591918089992
3138625,Limeira do Oeste,310058,Iturama,3110,Uberaba,31,Minas Gerais,MG,3,Sudeste,SE,,,1317.153,-19.40737839112294,-50.647642778673585
2802809,Indiaroba,280002,Estância,2801,Aracaju,28,Sergipe,SE,2,Nordeste,NE,,,316.316,-11.475491376347957,-37.52886799057072
5002159,Bodoquena,500012,Aquidauana - Anastácio,5003,Corumbá,50,Mato Grosso do Sul,MS,5,Centro-oeste,CO,,,2589.14,-20.54867639244189,-56.699709137310435
2925402,Potiraguá,290015,Itapetinga,2904,Vitória da Conquista,29,Bahia,BA,2,Nordeste,NE,,,1111.567,-15.68122286212479,-39.77207614153312
5206404,Crixás,520018,Ceres - Rialma - Goianésia,5205,Porangatu - Uruaçu,52,Goiás,GO,5,Centro-oeste,CO,,,4673.037,-14.639976514697794,-50.0651960751878
2405504,Jardim de Angicos,240005,João Câmara,2401,Natal,24,Rio Grande do Norte,RN,2,Nordeste,NE,,,254.012,-5.6136999267338155,-35.98676913164772
4213351,Ponte Alta do Norte,420006,Curitibanos,4203,Lages,42,Santa Catarina,SC,4,Sul,S,,,396.882,-27.180289062520767,-50.41856691738093
1600808,Vitória do Jari,160002,Laranjal do Jari,1601,Macapá,16,Amapá,AP,1,Norte,N,,,2508.979,-0.9964423196887449,-52.06117847089301
4205175,Entre Rios,420011,Xanxerê,4204,Chapecó,42,Santa Catarina,SC,4,Sul,S,,,103.838,-26.73973867052777,-52.578388898408306
3538006,Pindamonhangaba,350050,Taubaté - Pindamonhangaba,3511,São José dos Campos,35,São Paulo,SP,3,Sudeste,SE,3549904,São José dos Campos/SP,731.356,-22.880019025637075,-45.45926010637213
5107750,Salto do Céu,510004,Cáceres,5102,Cáceres,51,Mato Grosso,MT,5,Centro-oeste,CO,,,1753.38,-15.05085969390912,-58.05085561031448
5107743,Santa Cruz do Xingu,510014,Confresa - Vila Rica,5104,Barra do Garças,51,Mato Grosso,MT,5,Centro-oeste,CO,,,5623.39,-10.064499014825023,-52.5414629866925
2512036,Poço Dantas,250014,Sousa,2504,Sousa - Cajazeiras,25,Paraíba,PB,2,Nordeste,NE,,,97.758,-6.389743878407681,-38.51985164722321
2901155,América Dourada,290020,Irecê,2907,Irecê,29,Bahia,BA,2,Nordeste,NE,,,822.373,-11.406196235330182,-41.52292271323986
3138609,Lima Duarte,310027,Juiz de Fora,3106,Juíz de Fora,31,Minas Gerais,MG,3,Sudeste,SE,,,848.564,-21.799403404023053,-43.88691630197068
1101450,Parecis,110005,Cacoal,1102,Ji-Paraná,11,Rondônia,RO,1,Norte,N,,,2548.683,-12.262326913893071,-61.41538368046566
3554607,Timburi,350017,Piraju,3504,Marília,35,São Paulo,SP,3,Sudeste,SE,,,196.79,-23.195790554501084,-49.61038826004128
3105400,Barão de Cocais,310003,Santa Bárbara - Ouro Preto,3101,Belo Horizonte,31,Minas Gerais,MG,3,Sudeste,SE,,,340.14,-19.891661061795542,-43.49552308973176
2300408,Aiuaba,230011,Juazeiro do Norte,2304,Juazeiro do Norte,23,Ceará,CE,2,Nordeste,NE,,,2438.563,-6.605146590682131,-40.29858517201166
4302584,Bozano,430018,Ijuí,4305,Ijuí,43,Rio Grande do Sul,RS,4,Sul,S,,,200.497,-28.354318581998985,-53.75177899669174
3171303,Viçosa,310033,Viçosa,3106,Juíz de Fora,31,Minas Gerais,MG,3,Sudeste,SE,,,299.418,-20.740420004644413,-42.88551271202931
4205159,Doutor Pedrinho,420019,Blumenau,4207,Blumenau,42,Santa Catarina,SC,4,Sul,S,,,374.205,-26.705567257731666,-49.553838784292545
4310751,Ivorá,430011,Santa Maria,4303,Santa Maria,43,Rio Grande do Sul,RS,4,Sul,S,,,122.93,-29.513570810533707,-53.58363306669252
1200179,Capixaba,120001,Rio Branco,1201,Rio Branco,12,Acre,AC,1,Norte,N,,,1705.236,-10.474320858791646,-67.8358697589261
2925501,Prado,290008,Teixeira de Freitas,2903,Ilhéus - Itabuna,29,Bahia,BA,2,Nordeste,NE,,,1692.1,-17.130352878721766,-39.35171896790685
3529807,Mineiros do Tietê,350010,Jaú,3503,Bauru,35,São Paulo,SP,3,Sudeste,SE,,,213.242,-22.46326168571508,-48.43322338737794
2610400,Parnamirim,260017,Salgueiro,2604,Petrolina,26,Pernambuco,PE,2,Nordeste,NE,,,2609.55,-8.160028912198714,-39.77002631043837
4123402,Santa Fé,410014,Maringá,4104,Maringá,41,Paraná,PR,4,Sul,S,,,276.262,-23.063080836711375,-51.83875780684019
5213905,Mossâmedes,520005,Goiás - Itapuranga,5201,Goiânia,52,Goiás,GO,5,Centro-oeste,CO,,,684.882,-16.16237267143642,-50.15835208829893
5222203,Vila Boa,520022,Flores de Goiás,5206,Luziânia - Águas Lindas de Goiás,52,Goiás,GO,5,Centro-oeste,CO,,,1052.593,-14.9931163385402,-47.06237261020603
1101807,Vale do Paraíso,110004,Ji-Paraná,1102,Ji-Paraná,11,Rondônia,RO,1,Norte,N,,,965.661,-10.384256693770654,-62.09404652391101
2704906,Mar Vermelho,270006,Atalaia,2701,Maceió,27,Alagoas,AL,2,Nordeste,NE,,,91.741,-9.472869312679968,-36.40314705255792
3538105,Pindorama,350026,Catanduva,3507,São José do Rio Preto,35,São Paulo,SP,3,Sudeste,SE,3511102,Catanduva/SP,184.825,-21.209818876932033,-48.9116293462444
1718907,Santa Rosa do Tocantins,170002,Porto Nacional,1701,Palmas,17,Tocantins,TO,1,Norte,N,,,1804.686,-11.397312550220825,-48.108369044289724
3130408,Ijaci,310043,Lavras,3108,Varginha,31,Minas Gerais,MG,3,Sudeste,SE,3138203,Lavras/MG,105.246,-21.178162690380876,-44.9338430676309
3202801,Itapemirim,320007,Cachoeiro de Itapemirim,3204,Cachoeiro do Itapemirim,32,Espírito Santo,ES,3,Sudeste,SE,,,551.133,-20.96569992643242,-40.944599565323074
1702554,Augustinópolis,170009,Araguatins,1702,Araguaína,17,Tocantins,TO,1,Norte,N,,,388.809,-5.4978177981585405,-47.928154661425644
2201606,Beneditinos,220001,Teresina,2201,Teresina,22,Piauí,PI,2,Nordeste,NE,,,937.443,-5.499421362154672,-42.39998543084237
1718899,Santa Rita do Tocantins,170002,Porto Nacional,1701,Palmas,17,Tocantins,TO,1,Norte,N,,,3281.219,-10.969970185678324,-49.29503090973895
3301157,Cardoso Moreira,330010,Campos dos Goytacazes,3304,Campos dos Goytacazes,33,Rio de Janeiro,RJ,3,Sudeste,SE,,,522.596,-21.525453588299957,-41.50029653992964
2602209,Bom Jardim,260004,Limoeiro,2601,Recife,26,Pernambuco,PE,2,Nordeste,NE,,,226.639,-7.78552061459539,-35.58630333771313
3546405,Santa Cruz do Rio Pardo,350015,Ourinhos,3504,Marília,35,São Paulo,SP,3,Sudeste,SE,,,1114.747,-22.809313145201298,-49.56895434896557
3505401,Barra do Turvo,350005,Registro,3502,Sorocaba,35,São Paulo,SP,3,Sudeste,SE,,,1007.684,-24.88874209567629,-48.42697368536362
5107578,Rondolândia,510009,Juína,5103,Sinop,51,Mato Grosso,MT,5,Centro-oeste,CO,,,12658.341,-10.463059764714696,-61.00996585034082
2901502,Anguera,290029,Feira de Santana,2910,Feira de Santana,29,Bahia,BA,2,Nordeste,NE,,,187.84,-12.182973877332094,-39.192831995722734
3163102,São José da Varginha,310068,Pará de Minas,3113,Divinópolis,31,Minas Gerais,MG,3,Sudeste,SE,,,205.501,-19.696075756469817,-44.561510200590654
4310850,Jaboticaba,430029,Frederico Westphalen,4306,Passo Fundo,43,Rio Grande do Sul,RS,4,Sul,S,,,127.589,-27.629546007681565,-53.2641117723752
3122207,Divinolândia de Minas,310021,Guanhães,3104,Governador Valadares,31,Minas Gerais,MG,3,Sudeste,SE,,,133.12,-18.782268049648774,-42.57342223512666
3529906,Miracatu,350005,Registro,3502,Sorocaba,35,São Paulo,SP,3,Sudeste,SE,,,1002.2,-24.194974858287427,-47.3947032892988
5214002,Mozarlândia,520005,Goiás - Itapuranga,5201,Goiânia,52,Goiás,GO,5,Centro-oeste,CO,,,1738.516,-14.84291505905002,-50.58748666513681
2209757,São Gonçalo do Gurguéia,220015,Corrente,2205,Corrente - Bom Jesus,22,Piauí,PI,2,Nordeste,NE,,,1385.259,-10.08826356692475,-45.32165594223607
1718881,Santa Maria do Tocantins,170006,Guaraí,1702,Araguaína,17,Tocantins,TO,1,Norte,N,,,1412.318,-8.824680286234612,-47.84830071514565
1710706,Itaguatins,170009,Araguatins,1702,Araguaína,17,Tocantins,TO,1,Norte,N,,,730.163,-5.8027276853011305,-47.595073288447324
3146602,Paiva,310027,Juiz de Fora,3106,Juíz de Fora,31,Minas Gerais,MG,3,Sudeste,SE,,,58.419,-21.286754969019622,-43.423871986276936
4302659,Brochier,430007,Montenegro,4301,Porto Alegre,43,Rio Grande do Sul,RS,4,Sul,S,,,105.353,-29.537030944919604,-51.62229085164309
1502509,Chaves,150020,Breves,1507,Breves,15,Pará,PA,1,Norte,N,,,12534.995,-0.03315992353452213,-49.84343907728103
1702901,Axixá do Tocantins,170009,Araguatins,1702,Araguaína,17,Tocantins,TO,1,Norte,N,,,153.539,-5.649398427009866,-47.76610861547336
2602308,Bonito,260009,Caruaru,2602,Caruaru,26,Pernambuco,PE,2,Nordeste,NE,,,392.627,-8.49501433960851,-35.7087640520581
3154903,Rio Casca,310030,Ponte Nova,3106,Juíz de Fora,31,Minas Gerais,MG,3,Sudeste,SE,,,384.381,-20.140939974992612,-42.66061547710987
2201572,Belém do Piauí,220009,Picos,2203,Picos,22,Piauí,PI,2,Nordeste,NE,,,243.234,-7.389985199062047,-40.98241503922398
1200138,Bujari,120001,Rio Branco,1201,Rio Branco,12,Acre,AC,1,Norte,N,,,3035.547,-9.6140706399665,-68.17366331740689
4319000,São Marcos,430036,Caxias do Sul,4307,Caxias do Sul,43,Rio Grande do Sul,RS,4,Sul,S,,,256.225,-28.96300925929258,-51.06511548320912
1718865,Santa Fé do Araguaia,170005,Araguaína,1702,Araguaína,17,Tocantins,TO,1,Norte,N,,,1671.239,-7.093112726654712,-48.974977720327054
3163201,São José do Alegre,310052,Itajubá,3109,Pouso Alegre,31,Minas Gerais,MG,3,Sudeste,SE,3132404,Itajubá/MG,88.794,-22.330382584496807,-45.5177919946557
3521705,Itaberá,350004,Itapeva,3502,Sorocaba,35,São Paulo,SP,3,Sudeste,SE,,,1100.247,-23.87130788412844,-49.14248993470513
1600600,Santana,160001,Macapá,1601,Macapá,16,Amapá,AP,1,Norte,N,1600303,Macapá/AP,1541.225,0.12980646361000825,-51.37836544510512
2924801,Piritiba,290030,Jacobina,2910,Feira de Santana,29,Bahia,BA,2,Nordeste,NE,,,980.331,-11.694955594637158,-40.605378175418686
4213401,Ponte Serrada,420011,Xanxerê,4204,Chapecó,42,Santa Catarina,SC,4,Sul,S,,,560.731,-26.861768575361392,-51.928213730454594
2201556,Bela Vista do Piauí,220012,Simplício Mendes,2203,Picos,22,Piauí,PI,2,Nordeste,NE,,,499.092,-7.996149956054021,-41.85571344684763
3554409,Terra Roxa,350032,Barretos,3508,Ribeirão Preto,35,São Paulo,SP,3,Sudeste,SE,,,221.54,-20.77876704075939,-48.345775908460425
3138401,Leopoldina,310032,Cataguases,3106,Juíz de Fora,31,Minas Gerais,MG,3,Sudeste,SE,,,943.077,-21.54864843711597,-42.64409655992899
2209856,São João da Canabrava,220009,Picos,2203,Picos,22,Piauí,PI,2,Nordeste,NE,,,476.094,-6.692144152584232,-41.392719931929435
3505351,Barra do Chapéu,350004,Itapeva,3502,Sorocaba,35,São Paulo,SP,3,Sudeste,SE,,,405.681,-24.443776608952593,-49.08527978118941
4106852,Cruzmaltina,410025,Ivaiporã,4105,Londrina,41,Paraná,PR,4,Sul,S,,,306.237,-24.021364269431626,-51.47597321562199
3155009,Rio Doce,310030,Ponte Nova,3106,Juíz de Fora,31,Minas Gerais,MG,3,Sudeste,SE,,,112.094,-20.215593497686964,-42.90652632376657
2504157,Casserengue,250002,Guarabira,2501,João Pessoa,25,Paraíba,PB,2,Nordeste,NE,,,202.761,-6.7550350702271915,-35.84317269471508
4205209,Erval Velho,420008,Joaçaba - Herval d'Oeste,4204,Chapecó,42,Santa Catarina,SC,4,Sul,S,,,208.841,-27.284350800884543,-51.421889621522475
5222005,Vianópolis,520002,Anápolis,5201,Goiânia,52,Goiás,GO,5,Centro-oeste,CO,,,954.115,-16.812810160093417,-48.44077219065984
4310801,Ivoti,430002,Novo Hamburgo - São Leopoldo,4301,Porto Alegre,43,Rio Grande do Sul,RS,4,Sul,S,4314902,Porto Alegre/RS,63.092,-29.580648685635534,-51.15704328990156
1600709,Tartarugalzinho,160003,Oiapoque,1602,Oiapoque - Porto Grande,16,Amapá,AP,1,Norte,N,,,6684.705,1.2975770973810807,-50.99261556147549
3513504,Cubatão,350002,Santos,3501,São Paulo,35,São Paulo,SP,3,Sudeste,SE,3548500,Baixada Santista/SP,143.649,-23.86600771542314,-46.40863260025065
2413706,Sítio Novo,240004,Santa Cruz,2401,Natal,24,Rio Grande do Norte,RN,2,Nordeste,NE,,,213.456,-6.087965595645627,-35.92730350181263
2803203,Itaporanga d'Ajuda,280001,Aracaju,2801,Aracaju,28,Sergipe,SE,2,Nordeste,NE,,,739.702,-11.057702260396058,-37.3182391383646
3546207,Santa Cruz da Conceição,350045,Araras,3510,Campinas,35,São Paulo,SP,3,Sudeste,SE,,,150.13,-22.121339042818448,-47.48559191610544
3130200,Igaratinga,310068,Pará de Minas,3113,Divinópolis,31,Minas Gerais,MG,3,Sudeste,SE,,,218.343,-19.951053366523908,-44.71835816620499
4205191,Ermo,420004,Araranguá,4202,Criciúma,42,Santa Catarina,SC,4,Sul,S,,,65.144,-28.99030419182118,-49.6530942926829
3300951,Comendador Levy Gasparian,330009,Três Rios - Paraíba do Sul,3303,Petrópolis,33,Rio de Janeiro,RJ,3,Sudeste,SE,3306008,Três Rios - Paraíba do Sul/RJ,108.639,-22.043771017951208,-43.25573982866811
2112407,Turiaçu,210002,Pinheiro,2101,São Luís,21,Maranhão,MA,2,Nordeste,NE,,,2622.281,-1.765652893924645,-45.46314474912304
3138500,Liberdade,310027,Juiz de Fora,3106,Juíz de Fora,31,Minas Gerais,MG,3,Sudeste,SE,,,401.337,-22.01581963993943,-44.333067036555555
4123303,Santa Cruz de Monte Castelo,410020,Loanda,4104,Maringá,41,Paraná,PR,4,Sul,S,,,444.966,-23.084472269301607,-53.36312705324555
3171204,Vespasiano,310001,Belo Horizonte,3101,Belo Horizonte,31,Minas Gerais,MG,3,Sudeste,SE,3106200,Belo Horizonte/MG,70.456,-19.7311811086232,-43.94488337883641
4310652,Itati,430003,Tramandaí - Osório,4301,Porto Alegre,43,Rio Grande do Sul,RS,4,Sul,S,,,205.06,-29.462210717211615,-50.16425525046123
2917904,Jandaíra,290002,Alagoinhas,2901,Salvador,29,Bahia,BA,2,Nordeste,NE,,,640.772,-11.598399638942363,-37.59524603938187
2704807,Maribondo,270007,Arapiraca,2702,Arapiraca,27,Alagoas,AL,2,Nordeste,NE,,,180.107,-9.559322916209121,-36.295585473985405
2933059,Várzea da Roça,290029,Feira de Santana,2910,Feira de Santana,29,Bahia,BA,2,Nordeste,NE,,,468.407,-11.598454768924649,-40.066703278182516
2610301,Paranatama,260010,Garanhuns,2602,Caruaru,26,Pernambuco,PE,2,Nordeste,NE,,,185.371,-8.893941475413778,-36.70711206140858
4302600,Braga,430021,Três Passos,4305,Ijuí,43,Rio Grande do Sul,RS,4,Sul,S,,,132.044,-27.581198064294394,-53.742154962500564
5213806,Morrinhos,520008,Caldas Novas-Morrinhos,5202,Itumbiara,52,Goiás,GO,5,Centro-oeste,CO,,,2846.299,-17.77469526627323,-49.128674241368564
3122009,Divino,310034,Carangola,3106,Juíz de Fora,31,Minas Gerais,MG,3,Sudeste,SE,,,337.776,-20.589990533092966,-42.17542423127486
3300936,Carapebus,330014,Macaé - Rio das Ostras,3305,Macaé - Rio das Ostras - Cabo Frio,33,Rio de Janeiro,RJ,3,Sudeste,SE,3302403,Macaé - Rio das Ostras/RJ,304.884,-22.195952914686234,-41.65090360454132
3130309,Iguatama,310066,Formiga,3113,Divinópolis,31,Minas Gerais,MG,3,Sudeste,SE,,,628.2,-20.156187236372098,-45.752726297767076
4205555,Frei Rogério,420006,Curitibanos,4203,Lages,42,Santa Catarina,SC,4,Sul,S,,,158.775,-27.191741290234546,-50.76564965360783
2209807,São Gonçalo do Piauí,220002,Amarante - Água Branca - Regeneração,2201,Teresina,22,Piauí,PI,2,Nordeste,NE,,,148.484,-6.002278598356317,-42.65141697784485
2111748,Senador Alexandre Costa,210016,Presidente Dutra,2104,Presidente Dutra,21,Maranhão,MA,2,Nordeste,NE,,,426.431,-5.261044776971219,-43.98465050821823
5001508,Bandeirantes,500001,Campo Grande,5001,Campo Grande,50,Mato Grosso do Sul,MS,5,Centro-oeste,CO,,,3363.487,-19.80589194353369,-54.3057514990084
3546306,Santa Cruz das Palmeiras,350044,São João da Boa Vista,3510,Campinas,35,São Paulo,SP,3,Sudeste,SE,,,295.33,-21.85549874623967,-47.25013223652608
3163003,São José da Safira,310020,Governador Valadares,3104,Governador Valadares,31,Minas Gerais,MG,3,Sudeste,SE,,,213.881,-18.31751182829998,-42.123352509396554
3530201,Mirante do Paranapanema,350018,Presidente Prudente,3505,Presidente Prudente,35,São Paulo,SP,3,Sudeste,SE,,,1238.931,-22.34924551166112,-51.99796777539349
4318804,São Lourenço do Sul,430009,Pelotas,4302,Pelotas,43,Rio Grande do Sul,RS,4,Sul,S,,,2039.434,-31.234246342251048,-52.12227612070832
4302451,Boqueirão do Leão,430041,Lajeado,4308,Santa Cruz do Sul - Lajeado,43,Rio Grande do Sul,RS,4,Sul,S,,,257.789,-29.30358880924312,-52.416550871971644
2909703,Cristópolis,290018,Barreiras,2906,Barreiras,29,Bahia,BA,2,Nordeste,NE,,,1052.839,-12.193994927666198,-44.258845392487395
4115101,Mariluz,410016,Umuarama,4104,Maringá,41,Paraná,PR,4,Sul,S,,,430.432,-24.054148914123928,-53.21126453528343
1502301,Capitão Poço,150008,Capitão Poço,1502,Castanhal,15,Pará,PA,1,Norte,N,,,2901.026,-2.0421650594608325,-47.233395964337575
3538501,Piquete,350052,Guaratinguetá,3511,São José dos Campos,35,São Paulo,SP,3,Sudeste,SE,,,175.996,-22.59029918644181,-45.173773291748724
3513850,Dirce Reis,350028,Jales,3507,São José do Rio Preto,35,São Paulo,SP,3,Sudeste,SE,,,88.152,-20.448466306942986,-50.62813400703945
2512408,Puxinanã,250005,Campina Grande,2502,Campina Grande,25,Paraíba,PB,2,Nordeste,NE,2504009,Campina Grande/PB,71.118,-7.148750186077662,-35.961639988435934
2104206,Fortuna,210016,Presidente Dutra,2104,Presidente Dutra,21,Maranhão,MA,2,Nordeste,NE,,,835.668,-5.6343882629652295,-44.01463010286764
2602100,Bom Conselho,260010,Garanhuns,2602,Caruaru,26,Pernambuco,PE,2,Nordeste,NE,,,790.774,-9.202868427890827,-36.68423668353876
5107602,Rondonópolis,510016,Rondonópolis,5105,Rondonópolis,51,Mato Grosso,MT,5,Centro-oeste,CO,5107602,Rondonópolis,4824.505,-16.567477529020827,-54.68482110878366
3122108,Divino das Laranjeiras,310020,Governador Valadares,3104,Governador Valadares,31,Minas Gerais,MG,3,Sudeste,SE,,,342.249,-18.71245298547989,-41.50698845099469
4213708,Pouso Redondo,420022,Rio do Sul,4207,Blumenau,42,Santa Catarina,SC,4,Sul,S,,,356.539,-27.28616553260872,-49.97727204728178
5213772,Montividiu do Norte,520016,Porangatu,5205,Porangatu - Uruaçu,52,Goiás,GO,5,Centro-oeste,CO,,,1337.232,-13.145252035851465,-48.7315672340895
2103554,Conceição do Lago-Açu,210010,Bacabal,2102,Santa Inês - Bacabal,21,Maranhão,MA,2,Nordeste,NE,,,727.133,-3.7968572689246938,-44.83865407644397
2209658,São Francisco de Assis do Piauí,220012,Simplício Mendes,2203,Picos,22,Piauí,PI,2,Nordeste,NE,,,1072.311,-8.193417624468793,-41.58348379993147
2111722,Satubinha,210010,Bacabal,2102,Santa Inês - Bacabal,21,Maranhão,MA,2,Nordeste,NE,,,441.807,-3.93862765142525,-45.259219717502546
3522000,Itaju,350010,Jaú,3503,Bauru,35,São Paulo,SP,3,Sudeste,SE,,,230.355,-21.951619358416824,-48.793953394230606
3154804,Rio Acima,310001,Belo Horizonte,3101,Belo Horizonte,31,Minas Gerais,MG,3,Sudeste,SE,3106200,Belo Horizonte/MG,228.899,-20.105891531174866,-43.7730908142528
4310603,Itaqui,430017,São Borja,4304,Uruguaiana,43,Rio Grande do Sul,RS,4,Sul,S,,,3405.999,-29.21372098879749,-56.17574987281073
2504207,Catingueira,250009,Patos,2503,Patos,25,Paraíba,PB,2,Nordeste,NE,,,527.424,-7.13849005668033,-37.59077296110734
3530300,Mirassol,350025,São José do Rio Preto,3507,São José do Rio Preto,35,São Paulo,SP,3,Sudeste,SE,3549805,São José do Rio Preto/SP,243.228,-20.82767832433678,-49.50425762321315
4318903,São Luiz Gonzaga,430022,São Luiz Gonzaga,4305,Ijuí,43,Rio Grande do Sul,RS,4,Sul,S,,,1296.773,-28.418350741101417,-54.89110842148133
4106902,Curitiba,410001,Curitiba,4101,Curitiba,41,Paraná,PR,4,Sul,S,4106902,Curitiba/PR,435.406,-25.47781848629743,-49.2881388711184
3171154,Vermelho Novo,310025,Caratinga,3105,Ipatinga,31,Minas Gerais,MG,3,Sudeste,SE,,,115.242,-20.033985345854028,-42.25429873586574
1502400,Castanhal,150004,Castanhal,1502,Castanhal,15,Pará,PA,1,Norte,N,1502400,Castanhal,1029.3,-1.268514858139553,-47.87698080043631
4115457,Marquinho,410011,Laranjeiras do Sul - Quedas do Iguaçu,4103,Cascavel,41,Paraná,PR,4,Sul,S,,,518.147,-25.100826759930307,-52.252770740408664
1711100,Itaporã do Tocantins,170006,Guaraí,1702,Araguaína,17,Tocantins,TO,1,Norte,N,,,969.794,-8.451208472123945,-48.75260811937334
3202652,Irupi,320008,Alegre,3204,Cachoeiro do Itapemirim,32,Espírito Santo,ES,3,Sudeste,SE,,,184.807,-20.331152304674088,-41.636806325480784
2111706,São Vicente Ferrer,210005,Viana,2101,São Luís,21,Maranhão,MA,2,Nordeste,NE,,,393.927,-2.877207742313545,-44.94154105139404
5222054,Vicentinópolis,520009,Piracanjuba,5202,Itumbiara,52,Goiás,GO,5,Centro-oeste,CO,,,733.794,-17.723636519657425,-49.8726921637868
2933000,Valente,290032,Conceição do Coité,2910,Feira de Santana,29,Bahia,BA,2,Nordeste,NE,,,394.877,-11.376754320854442,-39.44969326269452
4213807,Praia Grande,420004,Araranguá,4202,Criciúma,42,Santa Catarina,SC,4,Sul,S,,,284.36,-29.18186765847733,-49.98950209257753
5205703,Córrego do Ouro,520013,São Luís de Montes Belos,5204,São Luís de Montes Belos - Iporá,52,Goiás,GO,5,Centro-oeste,CO,,,458.077,-16.365334553934055,-50.58207777384794
2704104,Lagoa da Canoa,270007,Arapiraca,2702,Arapiraca,27,Alagoas,AL,2,Nordeste,NE,,,83.621,-9.79992771715208,-36.735973524109625
3301009,Campos dos Goytacazes,330010,Campos dos Goytacazes,3304,Campos dos Goytacazes,33,Rio de Janeiro,RJ,3,Sudeste,SE,3301009,Campos dos Goytacazes/RJ,4032.487,-21.74766120430795,-41.40409224881219
3546256,Santa Cruz da Esperança,350031,Ribeirão Preto,3508,Ribeirão Preto,35,São Paulo,SP,3,Sudeste,SE,3543402,Ribeirão Preto/SP,148.062,-21.274844488725645,-47.43960525549335
3522109,Itanhaém,350002,Santos,3501,São Paulo,35,São Paulo,SP,3,Sudeste,SE,3548500,Baixada Santista/SP,601.018,-24.09220435922512,-46.83478508695148
3162955,São José da Lapa,310001,Belo Horizonte,3101,Belo Horizonte,31,Minas Gerais,MG,3,Sudeste,SE,3106200,Belo Horizonte/MG,48.135,-19.69688520041459,-43.990300629047
1200013,Acrelândia,120001,Rio Branco,1201,Rio Branco,12,Acre,AC,1,Norte,N,,,1811.612,-9.933934234952448,-66.95016842898632
3513801,Diadema,350001,São Paulo,3501,São Paulo,35,São Paulo,SP,3,Sudeste,SE,3550308,São Paulo/SP,30.806,-23.697305288816132,-46.61140853658034
2917706,Jaguarari,290023,Senhor do Bonfim,2908,Juazeiro,29,Bahia,BA,2,Nordeste,NE,,,2466.009,-10.0426208638551,-40.068347919900134
2901353,Andorinha,290023,Senhor do Bonfim,2908,Juazeiro,29,Bahia,BA,2,Nordeste,NE,,,1362.386,-10.28076220758998,-39.87190117624093
4107256,Douradina,410016,Umuarama,4104,Maringá,41,Paraná,PR,4,Sul,S,,,420.525,-23.347404349221357,-53.29019237387006
5213855,Morro Agudo de Goiás,520018,Ceres - Rialma - Goianésia,5205,Porangatu - Uruaçu,52,Goiás,GO,5,Centro-oeste,CO,,,282.333,-15.311261111897904,-50.011536761191806
3554805,Tremembé,350050,Taubaté - Pindamonhangaba,3511,São José dos Campos,35,São Paulo,SP,3,Sudeste,SE,3549904,São José dos Campos/SP,190.93,-22.94087850295626,-45.6041876331358
4310702,Itatiba do Sul,430026,Erechim,4306,Passo Fundo,43,Rio Grande do Sul,RS,4,Sul,S,,,212.669,-27.356181736002576,-52.477458575017685
4123600,Santa Inês,410019,Paranacity - Colorado,4104,Maringá,41,Paraná,PR,4,Sul,S,,,156.422,-22.712755698234616,-51.89710876695733
2103505,Colinas,210018,Colinas,2104,Presidente Dutra,21,Maranhão,MA,2,Nordeste,NE,,,1978.668,-6.0557239328974415,-44.18144178147165
2924678,Piraí do Norte,290014,Ipiaú,2904,Vitória da Conquista,29,Bahia,BA,2,Nordeste,NE,,,193.427,-13.805444548408163,-39.37685128651743
2111805,Sítio Novo,210020,Barra do Corda,2105,Imperatriz,21,Maranhão,MA,2,Nordeste,NE,,,3114.682,-6.227867168774222,-46.59557370842081
2209609,São Félix do Piauí,220002,Amarante - Água Branca - Regeneração,2201,Teresina,22,Piauí,PI,2,Nordeste,NE,,,627.034,-5.93556924777766,-42.102929697682
1101757,Vale do Anari,110003,Jaru,1101,Porto Velho,11,Rondônia,RO,1,Norte,N,,,3135.107,-9.7324342917418,-61.93910066393938
3538303,Piquerobi,350021,Presidente Epitácio-Presidente Venceslau,3505,Presidente Prudente,35,São Paulo,SP,3,Sudeste,SE,,,482.769,-21.852667925210625,-51.731566836886
3121407,Desterro de Entre Rios,310038,Conselheiro Lafaiete,3107,Barbacena,31,Minas Gerais,MG,3,Sudeste,SE,,,377.165,-20.629730463177843,-44.271348599794685
4205605,Galvão,420013,São Lourenço do Oeste,4204,Chapecó,42,Santa Catarina,SC,4,Sul,S,,,139.836,-26.44940944480129,-52.65901066773743
2414100,Tenente Ananias,240010,Pau dos Ferros,2403,Mossoró,24,Rio Grande do Norte,RN,2,Nordeste,NE,,,223.671,-6.440614145352307,-38.16388908890741
5205802,Corumbá de Goiás,520002,Anápolis,5201,Goiânia,52,Goiás,GO,5,Centro-oeste,CO,,,1064.833,-15.930425834738537,-48.67813299059671
3513900,Divinolândia,350047,São José do Rio Pardo - Mococa,3510,Campinas,35,São Paulo,SP,3,Sudeste,SE,,,223.749,-21.66167904024265,-46.69740817382478
2504033,Capim,250003,Mamanguape - Rio Tinto,2501,João Pessoa,25,Paraíba,PB,2,Nordeste,NE,,,79.876,-6.900766496098178,-35.16865013152715
4115408,Marmeleiro,410009,Francisco Beltrão,4103,Cascavel,41,Paraná,PR,4,Sul,S,,,388.538,-26.246209201379415,-53.09301918485222
2917805,Jaguaripe,290006,Nazaré - Maragogipe,2902,Santo Antônio de Jesus,29,Bahia,BA,2,Nordeste,NE,,,863.424,-13.121298189854166,-38.9865596544627
2308500,Mombaça,230009,Iguatu,2303,Iguatu,23,Ceará,CE,2,Nordeste,NE,,,2105.518,-5.789099451810719,-39.748160628358605
3546603,Santa Fé do Sul,350030,Santa Fé do Sul,3507,São José do Rio Preto,35,São Paulo,SP,3,Sudeste,SE,,,206.537,-20.241864627817474,-50.95018166451478
3114006,Carmo da Mata,310065,Divinópolis,3113,Divinópolis,31,Minas Gerais,MG,3,Sudeste,SE,,,357.178,-20.559671948095083,-44.89182379904686
2111789,Serrano do Maranhão,210008,Cururupu,2101,São Luís,21,Maranhão,MA,2,Nordeste,NE,,,1185.31,-1.87098596776575,-45.01747909050455
4123709,Santa Isabel do Ivaí,410020,Loanda,4104,Maringá,41,Paraná,PR,4,Sul,S,,,349.425,-23.11450539749778,-53.24074475470095
2512200,Prata,250007,Monteiro,2502,Campina Grande,25,Paraíba,PB,2,Nordeste,NE,,,201.788,-7.6947271907859545,-37.08579213598348
4302501,Bossoroca,430022,São Luiz Gonzaga,4305,Ijuí,43,Rio Grande do Sul,RS,4,Sul,S,,,1610.056,-28.66174760727731,-54.971388842633736
2924652,Pintadas,290029,Feira de Santana,2910,Feira de Santana,29,Bahia,BA,2,Nordeste,NE,,,647.144,-11.86887425859434,-39.897978750611486
5107008,Poxoréu,510017,Primavera do Leste,5105,Rondonópolis,51,Mato Grosso,MT,5,Centro-oeste,CO,,,6915.298,-15.851006114121102,-54.186018775045
2103604,Coroatá,210015,Codó,2103,Caxias,21,Maranhão,MA,2,Nordeste,NE,,,2263.692,-4.102201118897916,-44.14530068505114
2209708,São Francisco do Piauí,220017,Floriano,2206,Floriano,22,Piauí,PI,2,Nordeste,NE,,,1341.44,-7.198617672369831,-42.500985232889384
2300309,Acopiara,230009,Iguatu,2303,Iguatu,23,Ceará,CE,2,Nordeste,NE,,,2254.279,-6.122030626171212,-39.49384167507048
2405900,João Dias,240010,Pau dos Ferros,2403,Mossoró,24,Rio Grande do Norte,RN,2,Nordeste,NE,,,88.173,-6.287878242614133,-37.8378987714158
2504009,Campina Grande,250005,Campina Grande,2502,Campina Grande,25,Paraíba,PB,2,Nordeste,NE,2504009,Campina Grande/PB,591.656,-7.263553423941035,-35.96565885827075
3530102,Mirandópolis,350024,Andradina,3506,Araçatuba,35,São Paulo,SP,3,Sudeste,SE,,,917.692,-21.081070708301944,-51.130526388272195
4107207,Dois Vizinhos,410012,Dois Vizinhos,4103,Cascavel,41,Paraná,PR,4,Sul,S,,,418.162,-25.74978632471718,-53.07520827891213
2909604,Crisópolis,290002,Alagoinhas,2901,Salvador,29,Bahia,BA,2,Nordeste,NE,,,636.609,-11.518070947896787,-38.17257911428072
2111763,Senador La Rocque,210019,Imperatriz,2105,Imperatriz,21,Maranhão,MA,2,Nordeste,NE,,,737.078,-5.3887362427669485,-47.14472915540745
2512309,Princesa Isabel,250013,Princesa Isabel,2503,Patos,25,Paraíba,PB,2,Nordeste,NE,,,368.569,-7.653731424024224,-38.004986815617954
1502707,Conceição do Araguaia,150012,Redenção,1504,Redenção,15,Pará,PA,1,Norte,N,,,5829.482,-8.182491116250198,-49.51270839520786
4115507,Marumbi,410023,Apucarana,4105,Londrina,41,Paraná,PR,4,Sul,S,,,207.687,-23.75425518652547,-51.659480411869374
4319208,São Nicolau,430022,São Luiz Gonzaga,4305,Ijuí,43,Rio Grande do Sul,RS,4,Sul,S,,,497.446,-28.200508606153406,-55.24892947797751
4205431,Formosa do Sul,420007,Chapecó,4204,Chapecó,42,Santa Catarina,SC,4,Sul,S,,,100.408,-26.634189292484937,-52.793789146143965
1101708,Urupá,110004,Ji-Paraná,1102,Ji-Paraná,11,Rondônia,RO,1,Norte,N,,,831.855,-11.103952818616406,-62.42441033273019
4213609,Porto União,420017,Mafra,4206,Joinville,42,Santa Catarina,SC,4,Sul,S,,,849.014,-26.383622381815496,-51.00785363171655
2201507,Batalha,220008,Esperantina,2202,Parnaíba,22,Piauí,PI,2,Nordeste,NE,,,1584.255,-4.018022434155002,-42.05840643432897
3202702,Itaguaçu,320005,Colatina,3203,Colatina,32,Espírito Santo,ES,3,Sudeste,SE,,,535.021,-19.72856205411002,-40.86462507208182
3521903,Itajobi,350026,Catanduva,3507,São José do Rio Preto,35,São Paulo,SP,3,Sudeste,SE,,,502.066,-21.355542300552546,-49.05371364650436
3146008,Ouro Fino,310050,Pouso Alegre,3109,Pouso Alegre,31,Minas Gerais,MG,3,Sudeste,SE,,,533.714,-22.254786136197154,-46.38398371393347
2901403,Angical,290018,Barreiras,2906,Barreiras,29,Bahia,BA,2,Nordeste,NE,,,1530.643,-11.99664787657495,-44.6478312119863
3505302,Barra Bonita,350010,Jaú,3503,Bauru,35,São Paulo,SP,3,Sudeste,SE,,,150.121,-22.47947843211414,-48.54174727883876
2504108,Carrapateira,250015,Cajazeiras,2504,Sousa - Cajazeiras,25,Paraíba,PB,2,Nordeste,NE,,,59.07,-7.044461342227718,-38.33753939610681
3129657,Ibiracatu,310006,Montes Claros,3102,Montes Claros,31,Minas Gerais,MG,3,Sudeste,SE,,,353.257,-15.696854082070738,-44.14493123784135
2111607,São Raimundo das Mangabeiras,210022,Balsas,2105,Imperatriz,21,Maranhão,MA,2,Nordeste,NE,,,3523.94,-7.013899413599011,-45.69091466444201
2307809,Marco,230017,Acaraú,2306,Sobral,23,Ceará,CE,2,Nordeste,NE,,,573.611,-3.1895725027758153,-40.261783026640565
4311007,Jaguarão,430009,Pelotas,4302,Pelotas,43,Rio Grande do Sul,RS,4,Sul,S,,,2051.845,-32.40995775045551,-53.33593863547297
2932903,Valença,290005,Valença,2902,Santo Antônio de Jesus,29,Bahia,BA,2,Nordeste,NE,,,1123.975,-13.347443235303373,-39.19395080016408
4107306,Doutor Camargo,410014,Maringá,4104,Maringá,41,Paraná,PR,4,Sul,S,,,118.286,-23.561173011463286,-52.21478949224895
4205407,Florianópolis,420001,Florianópolis,4201,Florianópolis,42,Santa Catarina,SC,4,Sul,S,4205407,Florianópolis/SC,674.844,-27.578840649254516,-48.509092037832794
3170529,Urucuia,310063,Unaí,3112,Patos de Minas,31,Minas Gerais,MG,3,Sudeste,SE,,,2076.942,-16.028639197686715,-45.57287862505476
3203056,Jaguaré,320003,São Mateus,3202,São Mateus,32,Espírito Santo,ES,3,Sudeste,SE,,,659.751,-18.949650686035227,-40.004101419754434
2413904,Taipu,240001,Natal,2401,Natal,24,Rio Grande do Norte,RN,2,Nordeste,NE,,,352.818,-5.5967022538274795,-35.58520576542553
2917102,Itororó,290015,Itapetinga,2904,Vitória da Conquista,29,Bahia,BA,2,Nordeste,NE,,,313.839,-15.048827459379556,-40.0071315769696
2704005,Junqueiro,270007,Arapiraca,2702,Arapiraca,27,Alagoas,AL,2,Nordeste,NE,,,246.961,-9.85634551485085,-36.440566838221464
3513702,Descalvado,350037,São Carlos,3509,Araraquara,35,São Paulo,SP,3,Sudeste,SE,,,753.926,-21.881207507431657,-47.65456552821728
3137809,Lambari,310053,São Lourenço,3109,Pouso Alegre,31,Minas Gerais,MG,3,Sudeste,SE,,,213.11,-22.00092626456348,-45.37769652692821
3145851,Oratórios,310030,Ponte Nova,3106,Juíz de Fora,31,Minas Gerais,MG,3,Sudeste,SE,,,89.068,-20.426445745004806,-42.79374278923453
3113800,Carmésia,310005,Itabira,3101,Belo Horizonte,31,Minas Gerais,MG,3,Sudeste,SE,,,259.103,-19.060346507913906,-43.174440665138164
2209005,Rio Grande do Piauí,220019,Canto do Buriti,2206,Floriano,22,Piauí,PI,2,Nordeste,NE,,,635.953,-7.771053027019446,-43.15220332839406
4302808,Caçapava do Sul,430012,São Gabriel - Caçapava do Sul,4303,Santa Maria,43,Rio Grande do Sul,RS,4,Sul,S,,,3046.787,-30.59325189526596,-53.47779072437964
2307908,Martinópole,230015,Sobral,2306,Sobral,23,Ceará,CE,2,Nordeste,NE,,,303.445,-3.169641834887761,-40.64877701223863
3301405,Conceição de Macabu,330014,Macaé - Rio das Ostras,3305,Macaé - Rio das Ostras - Cabo Frio,33,Rio de Janeiro,RJ,3,Sudeste,SE,3302403,Macaé - Rio das Ostras/RJ,338.26,-22.13661264783817,-41.846579811163785
2908903,Coração de Maria,290029,Feira de Santana,2910,Feira de Santana,29,Bahia,BA,2,Nordeste,NE,,,378.421,-12.210649079119055,-38.78310810226876
4123501,Santa Helena,410008,Toledo,4103,Cascavel,41,Paraná,PR,4,Sul,S,,,753.997,-24.888813245819325,-54.3061504428358
3170503,Urucânia,310030,Ponte Nova,3106,Juíz de Fora,31,Minas Gerais,MG,3,Sudeste,SE,,,138.792,-20.325313581495212,-42.72979189452794
2103406,Coelho Neto,210013,Caxias,2103,Caxias,21,Maranhão,MA,2,Nordeste,NE,,,976.653,-4.248070298279125,-43.11188500336408
2511608,Pilões,250002,Guarabira,2501,João Pessoa,25,Paraíba,PB,2,Nordeste,NE,,,65.574,-6.883192211599368,-35.60840828899181
2504074,Caraúbas,250005,Campina Grande,2502,Campina Grande,25,Paraíba,PB,2,Nordeste,NE,,,486.623,-7.7740982667022065,-36.50248319780284
2924702,Piripá,290011,Vitória da Conquista,2904,Vitória da Conquista,29,Bahia,BA,2,Nordeste,NE,,,504.396,-15.003890189507919,-41.71752997887241
4311106,Jaguari,430011,Santa Maria,4303,Santa Maria,43,Rio Grande do Sul,RS,4,Sul,S,,,675.108,-29.45842884116307,-54.64776947051132
5106802,Porto dos Gaúchos,510012,Juara,5103,Sinop,51,Mato Grosso,MT,5,Centro-oeste,CO,,,6846.668,-11.734958209812199,-56.74569834839755
2111573,São Pedro dos Crentes,210020,Barra do Corda,2105,Imperatriz,21,Maranhão,MA,2,Nordeste,NE,,,979.559,-6.8194626910006235,-46.7073324984664
1502772,Curionópolis,150010,Parauapebas,1503,Marabá,15,Pará,PA,1,Norte,N,,,2369.091,-6.228930295079008,-49.62461068742692
3105608,Barbacena,310037,Barbacena,3107,Barbacena,31,Minas Gerais,MG,3,Sudeste,SE,3105608,Barbacena/MG,759.186,-21.251514031041545,-43.800625996662696
3154150,Reduto,310028,Manhuaçu,3106,Juíz de Fora,31,Minas Gerais,MG,3,Sudeste,SE,,,151.859,-20.237809996133667,-41.94029533154163
4205506,Fraiburgo,420015,Videira,4205,Caçador,42,Santa Catarina,SC,4,Sul,S,,,549.188,-27.037814796542246,-50.872432244587614
3113909,Carmo da Cachoeira,310045,Três Corações,3108,Varginha,31,Minas Gerais,MG,3,Sudeste,SE,,,506.333,-21.45396371098544,-45.19643413367227
3129608,Ibiaí,310010,Pirapora,3102,Montes Claros,31,Minas Gerais,MG,3,Sudeste,SE,,,874.76,-16.82878001477255,-44.79024471130721
2414001,Tangará,240004,Santa Cruz,2401,Natal,24,Rio Grande do Norte,RN,2,Nordeste,NE,,,339.484,-6.216973783256259,-35.83529182828653
1502764,Cumaru do Norte,150012,Redenção,1504,Redenção,15,Pará,PA,1,Norte,N,,,17085.001,-8.458172010123677,-51.22103709693832
4115309,Mariópolis,410010,Pato Branco,4103,Cascavel,41,Paraná,PR,4,Sul,S,,,229.894,-26.33614141548675,-52.580517752923
1101005,Governador Jorge Teixeira,110003,Jaru,1101,Porto Velho,11,Rondônia,RO,1,Norte,N,,,5067.386,-10.748029299880793,-63.184012172924284
2200806,Antônio Almeida,220018,Uruçuí,2206,Floriano,22,Piauí,PI,2,Nordeste,NE,,,644.801,-7.21938013535657,-44.20270645947599
4302907,Cacequi,430011,Santa Maria,4303,Santa Maria,43,Rio Grande do Sul,RS,4,Sul,S,,,2373.513,-29.920428057496427,-54.80280944660609
1502756,Concórdia do Pará,150001,Belém,1501,Belém,15,Pará,PA,1,Norte,N,,,700.614,-1.881712351794458,-47.974656282706476
4107124,Diamante do Sul,410006,Cascavel,4103,Cascavel,41,Paraná,PR,4,Sul,S,,,347.233,-24.99053147204245,-52.70410957563364
2503407,Cacimba de Areia,250009,Patos,2503,Patos,25,Paraíba,PB,2,Nordeste,NE,,,213.019,-7.138734208348141,-37.17362143049312
2803104,Itabi,280006,Nossa Senhora da Glória,2802,Itabaiana,28,Sergipe,SE,2,Nordeste,NE,,,183.422,-10.105879590998462,-37.14385230057157
5106778,Porto Alegre do Norte,510014,Confresa - Vila Rica,5104,Barra do Garças,51,Mato Grosso,MT,5,Centro-oeste,CO,,,3971.733,-10.826170997927965,-51.71357883371746
2900702,Alagoinhas,290002,Alagoinhas,2901,Salvador,29,Bahia,BA,2,Nordeste,NE,2900702,Alagoinhas,707.836,-12.113125676188597,-38.402235268733406
2111672,São Roberto,210012,Pedreiras,2102,Santa Inês - Bacabal,21,Maranhão,MA,2,Nordeste,NE,,,226.811,-5.018790002687206,-45.03474633100532
3170602,Vargem Bonita,310049,Piumhi,3108,Varginha,31,Minas Gerais,MG,3,Sudeste,SE,,,409.888,-20.431277157347346,-46.33615102318848
3105707,Barra Longa,310030,Ponte Nova,3106,Juíz de Fora,31,Minas Gerais,MG,3,Sudeste,SE,,,383.628,-20.275634879676034,-43.066200831248494
2405801,João Câmara,240005,João Câmara,2401,Natal,24,Rio Grande do Norte,RN,2,Nordeste,NE,,,714.971,-5.475358520986679,-35.873930933995105
3203130,João Neiva,320004,Linhares,3202,São Mateus,32,Espírito Santo,ES,3,Sudeste,SE,,,284.734,-19.71537669700816,-40.436886034566314
1702109,Araguaína,170005,Araguaína,1702,Araguaína,17,Tocantins,TO,1,Norte,N,1702109,Araguaína,4004.645,-7.3312987540949655,-48.587801581457576
4107108,Diamante do Norte,410017,Paranavaí,4104,Maringá,41,Paraná,PR,4,Sul,S,,,242.887,-22.635043814533226,-52.89282846889837
3505609,Barrinha,350031,Ribeirão Preto,3508,Ribeirão Preto,35,São Paulo,SP,3,Sudeste,SE,,,148.756,-21.234129430368753,-48.09348309573739
3554656,Torre de Pedra,350008,Tatuí,3502,Sorocaba,35,São Paulo,SP,3,Sudeste,SE,,,71.506,-23.249993388520174,-48.212722552736324
1101104,Itapuã do Oeste,110001,Porto Velho,1101,Porto Velho,11,Rondônia,RO,1,Norte,N,,,4081.555,-9.170209673961711,-63.04494130927614
3145802,Onça de Pitangui,310068,Pará de Minas,3113,Divinópolis,31,Minas Gerais,MG,3,Sudeste,SE,,,246.976,-19.70823090122376,-44.73553424521799
2610707,Paulista,260001,Recife,2601,Recife,26,Pernambuco,PE,2,Nordeste,NE,2611606,Recife/PE,96.932,-7.928155123119064,-34.88341019103858
4319109,São Martinho,430021,Três Passos,4305,Ijuí,43,Rio Grande do Sul,RS,4,Sul,S,,,171.245,-27.72904723247733,-53.95323762838462
2933208,Vera Cruz,290006,Nazaré - Maragogipe,2902,Santo Antônio de Jesus,29,Bahia,BA,2,Nordeste,NE,,,297.537,-13.007148633228377,-38.696966236949294
4205456,Forquilhinha,420002,Criciúma,4202,Criciúma,42,Santa Catarina,SC,4,Sul,S,4204608,Criciúma/SC,183.351,-28.78169341194351,-49.49328333165768
2900801,Alcobaça,290008,Teixeira de Freitas,2903,Ilhéus - Itabuna,29,Bahia,BA,2,Nordeste,NE,,,1477.929,-17.469231111435445,-39.409556260398915
3162401,São João da Ponte,310006,Montes Claros,3102,Montes Claros,31,Minas Gerais,MG,3,Sudeste,SE,,,1851.102,-15.908449156505018,-43.895268300422345
3170578,Vargem Alegre,310025,Caratinga,3105,Ipatinga,31,Minas Gerais,MG,3,Sudeste,SE,,,116.664,-19.603679710254276,-42.32129641883399
3203106,Jerônimo Monteiro,320007,Cachoeiro de Itapemirim,3204,Cachoeiro do Itapemirim,32,Espírito Santo,ES,3,Sudeste,SE,,,177.342,-20.80460966608592,-41.39221810772293
3301207,Carmo,330008,Nova Friburgo,3303,Petrópolis,33,Rio de Janeiro,RJ,3,Sudeste,SE,,,305.749,-21.895420135645125,-42.56641216223649
3121258,Delta,310055,Uberaba,3110,Uberaba,31,Minas Gerais,MG,3,Sudeste,SE,,,102.784,-19.936075986073405,-47.80970733513674
1702208,Araguatins,170009,Araguatins,1702,Araguaína,17,Tocantins,TO,1,Norte,N,,,2633.278,-5.665840498868855,-48.10482179374485
3505708,Barueri,350001,São Paulo,3501,São Paulo,35,São Paulo,SP,3,Sudeste,SE,3550308,São Paulo/SP,66.364,-23.505431415693895,-46.877239636352265
3554755,Trabiju,350036,Araraquara,3509,Araraquara,35,São Paulo,SP,3,Sudeste,SE,,,63.421,-22.032291603292535,-48.34515091472276
4204806,Curitibanos,420006,Curitibanos,4203,Lages,42,Santa Catarina,SC,4,Sul,S,,,949.994,-27.29290513407989,-50.6175394318261
3170438,União de Minas,310058,Iturama,3110,Uberaba,31,Minas Gerais,MG,3,Sudeste,SE,,,1147.407,-19.408436507171103,-50.34295175450858
2111631,São Raimundo do Doca Bezerra,210012,Pedreiras,2102,Santa Inês - Bacabal,21,Maranhão,MA,2,Nordeste,NE,,,419.55,-5.089681997341209,-45.146172976005815
3145901,Ouro Branco,310038,Conselheiro Lafaiete,3107,Barbacena,31,Minas Gerais,MG,3,Sudeste,SE,3118304,Conselheiro Lafaiete/MG,258.726,-20.524659548146552,-43.67533732812352
2413300,Serra de São Bento,240002,Santo Antônio - Passa e Fica - Nova Cruz,2401,Natal,24,Rio Grande do Norte,RN,2,Nordeste,NE,,,96.585,-6.4286172930388155,-35.71895917951304
2307700,Maranguape,230001,Fortaleza,2301,Fortaleza,23,Ceará,CE,2,Nordeste,NE,2304400,Fortaleza/CE,583.506,-4.006665312217905,-38.812142365548404
3113206,Carandaí,310038,Conselheiro Lafaiete,3107,Barbacena,31,Minas Gerais,MG,3,Sudeste,SE,,,487.28,-20.996681556773485,-43.84434061510035
2602506,Brejinho,260014,Afogados da Ingazeira,2603,Serra Talhada,26,Pernambuco,PE,2,Nordeste,NE,,,106.066,-7.33667386409743,-37.32086309477291
4310900,Jacutinga,430026,Erechim,4306,Passo Fundo,43,Rio Grande do Sul,RS,4,Sul,S,,,178.009,-27.786659528966286,-52.54716945834146
5106851,Porto Estrela,510002,Tangará da Serra,5101,Cuiabá,51,Mato Grosso,MT,5,Centro-oeste,CO,,,2045.467,-15.521176379537797,-57.21550456086571
2933307,Vitória da Conquista,290011,Vitória da Conquista,2904,Vitória da Conquista,29,Bahia,BA,2,Nordeste,NE,2933307,Vitória da Conquista,3254.186,-15.02228444556723,-40.91316376588476
5214051,Mundo Novo,520016,Porangatu,5205,Porangatu - Uruaçu,52,Goiás,GO,5,Centro-oeste,CO,,,2141.534,-13.797389306711562,-50.20348177647867
3154200,Resende Costa,310039,São João del Rei,3107,Barbacena,31,Minas Gerais,MG,3,Sudeste,SE,,,618.312,-20.837451004046734,-44.292036513824506
2925006,Planalto,290011,Vitória da Conquista,2904,Vitória da Conquista,29,Bahia,BA,2,Nordeste,NE,,,769.001,-14.70857866717824,-40.457386550535126
2802403,Gararu,280006,Nossa Senhora da Glória,2802,Itabaiana,28,Sergipe,SE,2,Nordeste,NE,,,661.622,-10.027897035046882,-37.20430896958525
2405108,Jandaíra,240005,João Câmara,2401,Natal,24,Rio Grande do Norte,RN,2,Nordeste,NE,,,442.754,-5.356993097636197,-36.13824472733161
2112001,Tasso Fragoso,210022,Balsas,2105,Imperatriz,21,Maranhão,MA,2,Nordeste,NE,,,4369.318,-8.331991837076306,-45.886339414581855
1100924,Chupinguaia,110006,Vilhena,1102,Ji-Paraná,11,Rondônia,RO,1,Norte,N,,,5117.301,-12.537238250034171,-60.89913776090828
3137700,Lajinha,310028,Manhuaçu,3106,Juíz de Fora,31,Minas Gerais,MG,3,Sudeste,SE,,,431.92,-20.14369358882731,-41.58790257470339
3145877,Orizânia,310034,Carangola,3106,Juíz de Fora,31,Minas Gerais,MG,3,Sudeste,SE,,,121.8,-20.514577855311895,-42.21284616892102
4115358,Maripá,410008,Toledo,4103,Cascavel,41,Paraná,PR,4,Sul,S,,,283.794,-24.444853623691422,-53.791690892040144
4302709,Butiá,430006,Charqueadas - Triunfo - São Jerônimo,4301,Porto Alegre,43,Rio Grande do Sul,RS,4,Sul,S,,,752.187,-30.183593161146923,-52.00483377251324
3301306,Casimiro de Abreu,330014,Macaé - Rio das Ostras,3305,Macaé - Rio das Ostras - Cabo Frio,33,Rio de Janeiro,RJ,3,Sudeste,SE,3302403,Macaé - Rio das Ostras/RJ,462.918,-22.481861849572173,-42.144241248122015
2908804,Contendas do Sincorá,290011,Vitória da Conquista,2904,Vitória da Conquista,29,Bahia,BA,2,Nordeste,NE,,,977.455,-13.83834601319256,-41.09365161954788
3105004,Baldim,310002,Sete Lagoas,3101,Belo Horizonte,31,Minas Gerais,MG,3,Sudeste,SE,,,556.266,-19.26293631807377,-43.86341574721965
3170404,Unaí,310063,Unaí,3112,Patos de Minas,31,Minas Gerais,MG,3,Sudeste,SE,,,8445.432,-16.375773322304344,-46.8195582951127
4310876,Jacuizinho,430027,Cruz Alta,4306,Passo Fundo,43,Rio Grande do Sul,RS,4,Sul,S,,,339.399,-29.035098621785433,-53.014328349544655
5106828,Porto Esperidião,510006,Mirassol D'oeste,5102,Cáceres,51,Mato Grosso,MT,5,Centro-oeste,CO,,,5835.276,-15.956674139424388,-58.98236116797787
2925105,Poções,290011,Vitória da Conquista,2904,Vitória da Conquista,29,Bahia,BA,2,Nordeste,NE,,,937.856,-14.536399074384768,-40.3826132997024
1100908,Castanheiras,110005,Cacoal,1102,Ji-Paraná,11,Rondônia,RO,1,Norte,N,,,892.841,-11.47080228286544,-61.88006977339194
2200707,Anísio de Abreu,220013,São Raimundo Nonato,2204,São Raimundo Nonato,22,Piauí,PI,2,Nordeste,NE,,,337.876,-9.214106311452882,-43.04196174754217
3129509,Ibiá,310056,Araxá,3110,Uberaba,31,Minas Gerais,MG,3,Sudeste,SE,,,2704.132,-19.55786857473024,-46.59575667045886
5107206,Rio Branco,510004,Cáceres,5102,Cáceres,51,Mato Grosso,MT,5,Centro-oeste,CO,,,539.287,-15.2729671077427,-58.14977249051017
2103802,Dom Pedro,210016,Presidente Dutra,2104,Presidente Dutra,21,Maranhão,MA,2,Nordeste,NE,,,358.493,-5.021280690782358,-44.39709682589728
4204756,Cunhataí,420007,Chapecó,4204,Chapecó,42,Santa Catarina,SC,4,Sul,S,,,54.811,-26.975086775961117,-53.100870344776666
2610509,Passira,260004,Limoeiro,2601,Recife,26,Pernambuco,PE,2,Nordeste,NE,,,327.21,-8.01246267226302,-35.54630206227796
1702158,Araguanã,170005,Araguaína,1702,Araguaína,17,Tocantins,TO,1,Norte,N,,,834.834,-6.790970408048216,-48.524540829597605
4107157,Diamante D'Oeste,410006,Cascavel,4103,Cascavel,41,Paraná,PR,4,Sul,S,,,310.624,-24.954509820880375,-54.1005295712292
5107198,Ribeirãozinho,510013,Barra do Garças,5104,Barra do Garças,51,Mato Grosso,MT,5,Centro-oeste,CO,,,624.997,-16.49400999647752,-52.75977638490891
3554706,Torrinha,350010,Jaú,3503,Bauru,35,São Paulo,SP,3,Sudeste,SE,,,315.267,-22.444588311529245,-48.16443708665804
2802502,General Maynard,280001,Aracaju,2801,Aracaju,28,Sergipe,SE,2,Nordeste,NE,2800308,Aracaju/SE,19.793,-10.693028391570994,-36.971081975031524
2900603,Aiquara,290012,Jequié,2904,Vitória da Conquista,29,Bahia,BA,2,Nordeste,NE,,,167.877,-14.091818556308745,-39.88086173870778
3162203,São João Batista do Glória,310041,Passos,3108,Varginha,31,Minas Gerais,MG,3,Sudeste,SE,,,547.908,-20.57715489991549,-46.43862570368677
1600253,Itaubal,160001,Macapá,1601,Macapá,16,Amapá,AP,1,Norte,N,,,1622.867,0.5383879874581746,-50.640251073638396
2208874,Ribeira do Piauí,220014,São João do Piauí,2204,São Raimundo Nonato,22,Piauí,PI,2,Nordeste,NE,,,1012.479,-7.927755731185617,-42.61356379399132
3537701,Piacatu,350023,Birigui - Penápolis,3506,Araçatuba,35,São Paulo,SP,3,Sudeste,SE,,,232.488,-21.571339787224062,-50.64360021240541
4319158,São Miguel das Missões,430020,Santo Ângelo,4305,Ijuí,43,Rio Grande do Sul,RS,4,Sul,S,,,1228.91,-28.672755550521597,-54.52159248188904
1718501,Recursolândia,170006,Guaraí,1702,Araguaína,17,Tocantins,TO,1,Norte,N,,,2215.669,-8.697361041355126,-47.11310968142052
2933257,Vereda,290008,Teixeira de Freitas,2903,Ilhéus - Itabuna,29,Bahia,BA,2,Nordeste,NE,,,782.159,-17.189129923534338,-39.96010210797902
3202900,Itarana,320002,Afonso Cláudio - Venda Nova do Imigrante - Santa Maria de Jetibá,3201,Vitória,32,Espírito Santo,ES,3,Sudeste,SE,,,295.189,-19.949974892190582,-40.88893185957285
5107180,Ribeirão Cascalheira,510015,Água Boa,5104,Barra do Garças,51,Mato Grosso,MT,5,Centro-oeste,CO,,,11354.555,-12.87475387735435,-51.56833100897795
2111953,Sucupira do Riachão,210017,São João dos Patos,2104,Presidente Dutra,21,Maranhão,MA,2,Nordeste,NE,,,862.226,-6.406772899718389,-43.485200942827454
3121308,Descoberto,310035,São João Nepomuceno - Bicas,3106,Juíz de Fora,31,Minas Gerais,MG,3,Sudeste,SE,,,213.168,-21.44676323874096,-42.96351124094255
2413359,Serra do Mel,240009,Mossoró,2403,Mossoró,24,Rio Grande do Norte,RN,2,Nordeste,NE,,,620.241,-5.171279534412659,-37.02422238305118
5222302,Vila Propício,520018,Ceres - Rialma - Goianésia,5205,Porangatu - Uruaçu,52,Goiás,GO,5,Centro-oeste,CO,,,2181.593,-15.269676620114346,-48.8135382330822
1600238,Ferreira Gomes,160004,Porto Grande,1602,Oiapoque - Porto Grande,16,Amapá,AP,1,Norte,N,,,4973.855,0.9571043186011342,-51.41735134931689
2208858,Riacho Frio,220015,Corrente,2205,Corrente - Bom Jesus,22,Piauí,PI,2,Nordeste,NE,,,2220.597,-9.930564127836597,-44.81288921436523
3546504,Santa Ernestina,350031,Ribeirão Preto,3508,Ribeirão Preto,35,São Paulo,SP,3,Sudeste,SE,,,134.421,-21.452546154336538,-48.36681851255591
1702000,Araguaçu,170010,Gurupi,1703,Gurupi,17,Tocantins,TO,1,Norte,N,,,5155.223,-12.839858467155686,-49.6963538932048
3505500,Barretos,350032,Barretos,3508,Ribeirão Preto,35,São Paulo,SP,3,Sudeste,SE,3505500,Barretos,1566.161,-20.51416496498273,-48.65194948696754
2610608,Paudalho,260001,Recife,2601,Recife,26,Pernambuco,PE,2,Nordeste,NE,2611606,Recife/PE,269.65,-7.905582577625476,-35.1550721923221
3170479,Uruana de Minas,310063,Unaí,3112,Patos de Minas,31,Minas Gerais,MG,3,Sudeste,SE,,,598.221,-16.092586941696165,-46.31961372171229
3529500,Mendonça,350025,São José do Rio Preto,3507,São José do Rio Preto,35,São Paulo,SP,3,Sudeste,SE,,,195.151,-21.193999481806213,-49.570245863826614
3146206,Ouro Verde de Minas,310013,Teófilo Otoni,3103,Teófilo Otoni,31,Minas Gerais,MG,3,Sudeste,SE,,,175.482,-18.04852211992626,-41.29631937358387
2933109,Várzea do Poço,290030,Jacobina,2910,Feira de Santana,29,Bahia,BA,2,Nordeste,NE,,,206.478,-11.541102732224264,-40.31568241114256
3203007,Iúna,320008,Alegre,3204,Cachoeiro do Itapemirim,32,Espírito Santo,ES,3,Sudeste,SE,,,460.586,-20.348480502504486,-41.656499575052976
3154002,Raul Soares,310025,Caratinga,3105,Ipatinga,31,Minas Gerais,MG,3,Sudeste,SE,,,763.364,-20.013182448189053,-42.390204706376906
3300605,Bom Jesus do Itabapoana,330011,Itaperuna,3304,Campos dos Goytacazes,33,Rio de Janeiro,RJ,3,Sudeste,SE,,,596.659,-21.12346253688708,-41.68320075671879
4319125,São Martinho da Serra,430011,Santa Maria,4303,Santa Maria,43,Rio Grande do Sul,RS,4,Sul,S,,,669.547,-29.474808119002912,-53.886278463663096
3162302,São João da Mata,310050,Pouso Alegre,3109,Pouso Alegre,31,Minas Gerais,MG,3,Sudeste,SE,,,120.536,-21.942587741779153,-45.923191338876805
5107156,Reserva do Cabaçal,510006,Mirassol D'oeste,5102,Cáceres,51,Mato Grosso,MT,5,Centro-oeste,CO,,,1331.677,-14.928428788669933,-58.45777994242833
2103752,Davinópolis,210019,Imperatriz,2105,Imperatriz,21,Maranhão,MA,2,Nordeste,NE,2105302,Imperatriz/MA,332.249,-5.598712781532041,-47.30045290389022
1600212,Cutias,160003,Oiapoque,1602,Oiapoque - Porto Grande,16,Amapá,AP,1,Norte,N,,,2179.114,1.0355740395824726,-50.48707711373671
5214101,Mutunópolis,520016,Porangatu,5205,Porangatu - Uruaçu,52,Goiás,GO,5,Centro-oeste,CO,,,955.069,-13.719023887677947,-49.303430849227155
3521309,Ipuã,350034,São Joaquim da Barra - Orlândia,3508,Ribeirão Preto,35,São Paulo,SP,3,Sudeste,SE,,,466.461,-20.4174826287406,-48.06648972913138
1600204,Calçoene,160003,Oiapoque,1602,Oiapoque - Porto Grande,16,Amapá,AP,1,Norte,N,,,14117.297,2.423843975787004,-51.40664791812874
1502608,Colares,150001,Belém,1501,Belém,15,Pará,PA,1,Norte,N,,,384.068,-0.9358459089471307,-48.27371909011921
2602407,Brejão,260010,Garanhuns,2602,Caruaru,26,Pernambuco,PE,2,Nordeste,NE,,,159.786,-9.026748178072557,-36.52986982518965
4213005,Pinheiro Preto,420015,Videira,4205,Caçador,42,Santa Catarina,SC,4,Sul,S,,,61.012,-27.049431196888467,-51.236054180758245
3138005,Laranjal,310032,Cataguases,3106,Juíz de Fora,31,Minas Gerais,MG,3,Sudeste,SE,,,204.882,-21.35663494377289,-42.45076273788835
5107263,Santo Afonso,510003,Diamantino,5101,Cuiabá,51,Mato Grosso,MT,5,Centro-oeste,CO,,,1166.382,-14.450329247237926,-57.346724925678025
4106456,Coronel Domingos Soares,410010,Pato Branco,4103,Cascavel,41,Paraná,PR,4,Sul,S,,,1511.972,-26.18257199760303,-51.930020547077
3146305,Padre Paraíso,310013,Teófilo Otoni,3103,Teófilo Otoni,31,Minas Gerais,MG,3,Sudeste,SE,,,544.375,-17.037992333737137,-41.552017054604896
3554003,Tatuí,350008,Tatuí,3502,Sorocaba,35,São Paulo,SP,3,Sudeste,SE,3554003,Tatuí,523.749,-23.362078875940732,-47.86951378418969
1501956,Cachoeira do Piriá,150005,Bragança,1502,Castanhal,15,Pará,PA,1,Norte,N,,,2419.6,-1.988673644520886,-46.44321355930676
3154101,Recreio,310032,Cataguases,3106,Juíz de Fora,31,Minas Gerais,MG,3,Sudeste,SE,,,234.296,-21.519777435486077,-42.43784995219714
2924900,Planaltino,290012,Jequié,2904,Vitória da Conquista,29,Bahia,BA,2,Nordeste,NE,,,955.454,-13.186486139780445,-40.303198337892624
2802304,Frei Paulo,280004,Itabaiana,2802,Itabaiana,28,Sergipe,SE,2,Nordeste,NE,,,399.178,-10.52248469820863,-37.58988404167146
3513108,Cravinhos,350031,Ribeirão Preto,3508,Ribeirão Preto,35,São Paulo,SP,3,Sudeste,SE,3543402,Ribeirão Preto/SP,311.423,-21.33965421789681,-47.744577427289094
3537503,Pereiras,350008,Tatuí,3502,Sorocaba,35,São Paulo,SP,3,Sudeste,SE,,,223.136,-23.120479488836253,-47.97882630509433
5107248,Santa Carmem,510007,Sinop,5103,Sinop,51,Mato Grosso,MT,5,Centro-oeste,CO,,,3812.09,-11.934663389331577,-54.899695888794355
1600303,Macapá,160001,Macapá,1601,Macapá,16,Amapá,AP,1,Norte,N,1600303,Macapá/AP,6563.849,0.562753199258992,-50.69178035830521
5221601,Uruaçu,520017,Uruaçu - Niquelândia,5205,Porangatu - Uruaçu,52,Goiás,GO,5,Centro-oeste,CO,,,2142.498,-14.418578294419493,-49.089410414937305
2917003,Itiúba,290023,Senhor do Bonfim,2908,Juazeiro,29,Bahia,BA,2,Nordeste,NE,,,1650.592,-10.731374024704923,-39.84535811171492
3521150,Ipiguá,350025,São José do Rio Preto,3507,São José do Rio Preto,35,São Paulo,SP,3,Sudeste,SE,3549805,São José do Rio Preto/SP,136.028,-20.64798693472682,-49.40352989358457
3129806,Ibirité,310001,Belo Horizonte,3101,Belo Horizonte,31,Minas Gerais,MG,3,Sudeste,SE,3106200,Belo Horizonte/MG,72.389,-20.023579985669702,-44.0685019366594
3138104,Lassance,310010,Pirapora,3102,Montes Claros,31,Minas Gerais,MG,3,Sudeste,SE,,,3204.217,-17.880815387701524,-44.69555228749848
3545803,Santa Bárbara d'Oeste,350038,Campinas,3510,Campinas,35,São Paulo,SP,3,Sudeste,SE,3501608,Americana - Santa Bárbara d´Oeste/SP,271.03,-22.800629170017356,-47.42807427368868
3162252,São João da Lagoa,310006,Montes Claros,3102,Montes Claros,31,Minas Gerais,MG,3,Sudeste,SE,,,998.015,-16.859782617201546,-44.33476506858551
2609907,Ouricuri,260016,Araripina,2604,Petrolina,26,Pernambuco,PE,2,Nordeste,NE,,,2381.568,-7.965979239850509,-40.16447098580587
4122909,Salto do Itararé,410022,Santo Antônio da Platina,4105,Londrina,41,Paraná,PR,4,Sul,S,,,200.897,-23.630831024128646,-49.68318795997968
4106555,Corumbataí do Sul,410015,Campo Mourão,4104,Maringá,41,Paraná,PR,4,Sul,S,,,167.921,-24.12236737812484,-52.140679793407976
1100940,Cujubim,110002,Ariquemes,1101,Porto Velho,11,Rondônia,RO,1,Norte,N,,,3863.948,-9.171093635327079,-62.565335844426016
4318465,São José do Herval,430031,Soledade,4306,Passo Fundo,43,Rio Grande do Sul,RS,4,Sul,S,,,102.912,-29.065003906987602,-52.27466035945434
3554102,Taubaté,350050,Taubaté - Pindamonhangaba,3511,São José dos Campos,35,São Paulo,SP,3,Sudeste,SE,3549904,São José dos Campos/SP,624.924,-23.087089068226486,-45.50245505549453
1718550,Riachinho,170005,Araguaína,1702,Araguaína,17,Tocantins,TO,1,Norte,N,,,512.156,-6.459935205536438,-48.13620851928838
3170800,Várzea da Palma,310010,Pirapora,3102,Montes Claros,31,Minas Gerais,MG,3,Sudeste,SE,,,2220.279,-17.495739989540294,-44.72726870492287
2208908,Ribeiro Gonçalves,220018,Uruçuí,2206,Floriano,22,Piauí,PI,2,Nordeste,NE,,,3987.142,-7.974185081990444,-45.345575705176614
2933174,Varzedo,290003,Santo Antônio de Jesus,2902,Santo Antônio de Jesus,29,Bahia,BA,2,Nordeste,NE,,,221.399,-12.956568847322824,-39.39175435904907
4318457,São José das Missões,430034,Palmeira das Missões,4306,Passo Fundo,43,Rio Grande do Sul,RS,4,Sul,S,,,98.125,-27.794821499981424,-53.1316981086499
1600279,Laranjal do Jari,160002,Laranjal do Jari,1601,Macapá,16,Amapá,AP,1,Norte,N,,,30542.284,1.0926429458523104,-53.30393167470492
3202306,Guaçuí,320008,Alegre,3204,Cachoeiro do Itapemirim,32,Espírito Santo,ES,3,Sudeste,SE,,,468.185,-20.76342081096421,-41.705228687681874
5221577,Uirapuru,520018,Ceres - Rialma - Goianésia,5205,Porangatu - Uruaçu,52,Goiás,GO,5,Centro-oeste,CO,,,1154.305,-14.149187816665266,-49.96627925392097
5213400,Moiporá,520013,São Luís de Montes Belos,5204,São Luís de Montes Belos - Iporá,52,Goiás,GO,5,Centro-oeste,CO,,,452.314,-16.507898700211886,-50.772860520093616
3529302,Matão,350036,Araraquara,3509,Araraquara,35,São Paulo,SP,3,Sudeste,SE,,,524.899,-21.61011799436371,-48.430118464981696
2704401,Major Isidoro,270008,Palmeira dos Índios,2702,Arapiraca,27,Alagoas,AL,2,Nordeste,NE,,,437.602,-9.541961531827408,-37.009173025987636
3146255,Padre Carvalho,310008,Salinas,3102,Montes Claros,31,Minas Gerais,MG,3,Sudeste,SE,,,446.275,-16.301247289751775,-42.58629060987797
5221700,Uruana,520018,Ceres - Rialma - Goianésia,5205,Porangatu - Uruaçu,52,Goiás,GO,5,Centro-oeste,CO,,,522.904,-15.577783107043762,-49.642234910122205
3537602,Peruíbe,350002,Santos,3501,São Paulo,35,São Paulo,SP,3,Sudeste,SE,,,323.331,-24.279490134563154,-47.01291463336558
2511509,Pilar,250001,João Pessoa,2501,João Pessoa,25,Paraíba,PB,2,Nordeste,NE,,,103.306,-7.278912413360229,-35.26668220690884
1501907,Bujaru,150001,Belém,1501,Belém,15,Pará,PA,1,Norte,N,,,994.662,-1.632966847983944,-48.089880581788734
2917359,Jaborandi,290019,Santa Maria da Vitoria,2906,Barreiras,29,Bahia,BA,2,Nordeste,NE,,,9955.111,-14.031889810744426,-45.4404493139481
3129905,Ibitiúra de Minas,310051,Poços de Caldas,3109,Pouso Alegre,31,Minas Gerais,MG,3,Sudeste,SE,,,68.316,-22.067364827636677,-46.40765651917211
4114708,Maria Helena,410016,Umuarama,4104,Maringá,41,Paraná,PR,4,Sul,S,4128104,Umuarama/PR,486.539,-23.58235329892658,-53.2215787924475
1101302,Mirante da Serra,110004,Ji-Paraná,1102,Ji-Paraná,11,Rondônia,RO,1,Norte,N,,,1191.875,-11.076837845146825,-62.84797934891349
3162609,São João do Oriente,310024,Ipatinga,3105,Ipatinga,31,Minas Gerais,MG,3,Sudeste,SE,,,120.122,-19.35395865716805,-42.1703379840445
2933158,Várzea Nova,290030,Jacobina,2910,Feira de Santana,29,Bahia,BA,2,Nordeste,NE,,,1225.088,-11.122976596770375,-41.0199210607437
1718402,Presidente Kennedy,170006,Guaraí,1702,Araguaína,17,Tocantins,TO,1,Norte,N,,,771.716,-8.461880445833275,-48.461591265734505
4318440,São Jorge,430038,Nova Prata - Guaporé,4307,Caxias do Sul,43,Rio Grande do Sul,RS,4,Sul,S,,,125.731,-28.498295006201474,-51.715607778074364
2601706,Belo Jardim,260012,Belo Jardim - Pesqueira,2602,Caruaru,26,Pernambuco,PE,2,Nordeste,NE,,,647.445,-8.258927790147519,-36.40511734896699
4212809,Balneário Piçarras,420020,Itajaí,4207,Blumenau,42,Santa Catarina,SC,4,Sul,S,4208203,Itajaí - Balneário Camboriú/SC,99.11,-26.759388862594065,-48.73340960264767
4318432,São João do Polêsine,430011,Santa Maria,4303,Santa Maria,43,Rio Grande do Sul,RS,4,Sul,S,,,78.32,-29.642095664251016,-53.47047793918516
5213509,Monte Alegre de Goiás,520021,Posse-Campos Belos,5206,Luziânia - Águas Lindas de Goiás,52,Goiás,GO,5,Centro-oeste,CO,,,3119.86,-13.294587470811512,-46.92385871556867
3146107,Ouro Preto,310003,Santa Bárbara - Ouro Preto,3101,Belo Horizonte,31,Minas Gerais,MG,3,Sudeste,SE,,,1246.068,-20.391106741681664,-43.61044044427092
3521101,Ipeúna,350046,Rio Claro,3510,Campinas,35,São Paulo,SP,3,Sudeste,SE,3543907,Rio Claro/SP,190.01,-22.423907601874678,-47.71602505689602
4318424,São João da Urtiga,430032,Tapejara - Sananduva,4306,Passo Fundo,43,Rio Grande do Sul,RS,4,Sul,S,,,171.504,-27.797497183094244,-51.83493181319106
3529401,Mauá,350001,São Paulo,3501,São Paulo,35,São Paulo,SP,3,Sudeste,SE,3550308,São Paulo/SP,62.034,-23.66612257234983,-46.44633606281272
2503308,Cachoeira dos Índios,250015,Cajazeiras,2504,Sousa - Cajazeiras,25,Paraíba,PB,2,Nordeste,NE,,,193.215,-6.946006376212314,-38.69565283341001
5107065,Querência,510015,Água Boa,5104,Barra do Garças,51,Mato Grosso,MT,5,Centro-oeste,CO,,,17799.989,-12.158719562613134,-52.74343691907307
3121704,Diogo de Vasconcelos,310030,Ponte Nova,3106,Juíz de Fora,31,Minas Gerais,MG,3,Sudeste,SE,,,165.091,-20.481323675909348,-43.18388387086993
1702406,Arraias,170011,Dianópolis,1703,Gurupi,17,Tocantins,TO,1,Norte,N,,,5803.085,-12.81719262856095,-47.04777446418994
3154408,Ressaquinha,310037,Barbacena,3107,Barbacena,31,Minas Gerais,MG,3,Sudeste,SE,,,183.062,-21.085411995243092,-43.75319740379989
2917334,Iuiu,290016,Guanambi,2905,Guanambi,29,Bahia,BA,2,Nordeste,NE,,,1535.229,-14.466805843452558,-43.54342954619058
4106506,Coronel Vivida,410010,Pato Branco,4103,Cascavel,41,Paraná,PR,4,Sul,S,,,683.799,-25.99239539272509,-52.564451706103135
1502004,Cachoeira do Arari,150021,Soure-Salvaterra,1507,Breves,15,Pará,PA,1,Norte,N,,,3100.261,-0.8694236072398942,-48.877241423746185
3162575,São João do Manteninha,310022,Mantena,3104,Governador Valadares,31,Minas Gerais,MG,3,Sudeste,SE,,,137.928,-18.752620320076833,-41.16435831357636
4212908,Pinhalzinho,420007,Chapecó,4204,Chapecó,42,Santa Catarina,SC,4,Sul,S,,,128.726,-26.82937348238867,-52.97663206800803
4318408,São Jerônimo,430006,Charqueadas - Triunfo - São Jerônimo,4301,Porto Alegre,43,Rio Grande do Sul,RS,4,Sul,S,,,935.595,-30.290600754175877,-51.91191522928078
3202256,Governador Lindenberg,320005,Colatina,3203,Colatina,32,Espírito Santo,ES,3,Sudeste,SE,,,360.016,-19.205368275414205,-40.5000159965785
4302055,Benjamin Constant do Sul,430026,Erechim,4306,Passo Fundo,43,Rio Grande do Sul,RS,4,Sul,S,,,132.351,-27.484798580059927,-52.64262120722638
3137908,Lamim,310038,Conselheiro Lafaiete,3107,Barbacena,31,Minas Gerais,MG,3,Sudeste,SE,,,118.602,-20.77972481072129,-43.47453887375721
1600105,Amapá,160003,Oiapoque,1602,Oiapoque - Porto Grande,16,Amapá,AP,1,Norte,N,,,8454.846,1.7298949290437364,-50.602378316977855
5107040,Primavera do Leste,510017,Primavera do Leste,5105,Rondonópolis,51,Mato Grosso,MT,5,Centro-oeste,CO,,,5470.383,-15.096682756063043,-54.219954352012586
3521200,Iporanga,350005,Registro,3502,Sorocaba,35,São Paulo,SP,3,Sudeste,SE,,,1152.059,-24.51270708226926,-48.54634994784741
2201051,Assunção do Piauí,220003,Campo Maior,2201,Teresina,22,Piauí,PI,2,Nordeste,NE,,,1690.698,-5.879973478467808,-41.068778688657694
3553906,Tarabai,350018,Presidente Prudente,3505,Presidente Prudente,35,São Paulo,SP,3,Sudeste,SE,3541406,Presidente Prudente/SP,201.385,-22.357974825976505,-51.62577855619247
4122701,Sabáudia,410021,Londrina,4105,Londrina,41,Paraná,PR,4,Sul,S,,,191.252,-23.34855159234844,-51.58413471194613
4204707,Cunha Porã,420012,Maravilha,4204,Chapecó,42,Santa Catarina,SC,4,Sul,S,,,220.099,-26.87922755495076,-53.19066459407677
2704203,Limoeiro de Anadia,270007,Arapiraca,2702,Arapiraca,27,Alagoas,AL,2,Nordeste,NE,,,309.171,-9.732396434830791,-36.4676713149384
2932457,Umburanas,290030,Jacobina,2910,Feira de Santana,29,Bahia,BA,2,Nordeste,NE,,,1775.633,-10.575849116712508,-41.24686303033126
3513009,Cotia,350001,São Paulo,3501,São Paulo,35,São Paulo,SP,3,Sudeste,SE,3550308,São Paulo/SP,324,-23.675159974525503,-46.96051532782556
4318507,São José do Norte,430009,Pelotas,4302,Pelotas,43,Rio Grande do Sul,RS,4,Sul,S,,,1072.338,-31.76381963338662,-51.665533619775424
3129707,Ibiraci,310041,Passos,3108,Varginha,31,Minas Gerais,MG,3,Sudeste,SE,,,562.095,-20.393291591478334,-47.111622884131194
3113107,Caranaíba,310038,Conselheiro Lafaiete,3107,Barbacena,31,Minas Gerais,MG,3,Sudeste,SE,,,159.95,-20.891210680839652,-43.72070321544302
5221502,Turvânia,520015,Palmeiras de Goiás,5204,São Luís de Montes Belos - Iporá,52,Goiás,GO,5,Centro-oeste,CO,,,482.317,-16.577350713003796,-50.13231443269292
2413201,Senador Georgino Avelino,240001,Natal,2401,Natal,24,Rio Grande do Norte,RN,2,Nordeste,NE,,,26.1,-6.157871312790692,-35.121405601880845
4310330,Imbé,430003,Tramandaí - Osório,4301,Porto Alegre,43,Rio Grande do Sul,RS,4,Sul,S,4321600,Tramandaí - Osório/RS,39.766,-29.930626878380206,-50.117714893992655
4318499,São José do Inhacorá,430023,Três de Maio,4305,Ijuí,43,Rio Grande do Sul,RS,4,Sul,S,,,77.743,-27.738346133276675,-54.12413716449239
3537909,Pilar do Sul,350003,Sorocaba,3502,Sorocaba,35,São Paulo,SP,3,Sudeste,SE,,,681.248,-23.856375452495705,-47.72812859398776
3300456,Belford Roxo,330001,Rio de Janeiro,3301,Rio de Janeiro,33,Rio de Janeiro,RJ,3,Sudeste,SE,3304557,Rio de Janeiro/RJ,78.985,-22.72872848526875,-43.377565237536984
3545704,Santa Albertina,350028,Jales,3507,São José do Rio Preto,35,São Paulo,SP,3,Sudeste,SE,,,272.692,-20.014158557730322,-50.727701236662966
5000906,Antônio João,500008,Ponta Porã,5002,Dourados,50,Mato Grosso do Sul,MS,5,Centro-oeste,CO,,,1095.9,-22.20891218230025,-55.96145511598858
1718451,Pugmil,170003,Paraíso do Tocantins,1701,Palmas,17,Tocantins,TO,1,Norte,N,,,401.174,-10.422515268271278,-48.88235878832502
2917409,Jacaraci,290016,Guanambi,2905,Guanambi,29,Bahia,BA,2,Nordeste,NE,,,1332.42,-14.784848811247029,-42.32228582599985
2111904,Sucupira do Norte,210018,Colinas,2104,Presidente Dutra,21,Maranhão,MA,2,Nordeste,NE,,,1074.435,-6.509858619640941,-44.33900347608624
2308104,Mauriti,230012,Brejo Santo,2304,Juazeiro do Norte,23,Ceará,CE,2,Nordeste,NE,,,1079.01,-7.397703181812358,-38.717388071650305
4122800,Salgado Filho,410009,Francisco Beltrão,4103,Cascavel,41,Paraná,PR,4,Sul,S,,,182.616,-26.13809457947003,-53.41797903368176
3162658,São João do Pacuí,310006,Montes Claros,3102,Montes Claros,31,Minas Gerais,MG,3,Sudeste,SE,,,415.922,-16.55532040527381,-44.5243646203567
2201150,Baixa Grande do Ribeiro,220018,Uruçuí,2206,Floriano,22,Piauí,PI,2,Nordeste,NE,,,7808.913,-8.5057527791017,-45.16098043142426
2405009,Jaçanã,240004,Santa Cruz,2401,Natal,24,Rio Grande do Norte,RN,2,Nordeste,NE,,,54.56,-6.410927880340718,-36.2145603094121
3104908,Baependi,310054,Caxambu - Baependi,3109,Pouso Alegre,31,Minas Gerais,MG,3,Sudeste,SE,,,750.554,-22.01683618063358,-44.82211663702485
5205901,Corumbaíba,520008,Caldas Novas-Morrinhos,5202,Itumbiara,52,Goiás,GO,5,Centro-oeste,CO,,,1864.277,-18.16959674526834,-48.533025548623705
4318481,São José do Hortêncio,430002,Novo Hamburgo - São Leopoldo,4301,Porto Alegre,43,Rio Grande do Sul,RS,4,Sul,S,4314902,Porto Alegre/RS,63.705,-29.535547647056458,-51.25758113963796
4310306,Ilópolis,430043,Encantado,4308,Santa Cruz do Sul - Lajeado,43,Rio Grande do Sul,RS,4,Sul,S,,,123.602,-28.93238256691288,-52.13238360916048
2704302,Maceió,270001,Maceió,2701,Maceió,27,Alagoas,AL,2,Nordeste,NE,2704302,Maceió/AL,509.295,-9.522393556921884,-35.71139715369424
3529708,Miguelópolis,350035,Ituverava,3508,Ribeirão Preto,35,São Paulo,SP,3,Sudeste,SE,,,820.849,-20.18469862526415,-48.10547952700959
3121506,Desterro do Melo,310037,Barbacena,3107,Barbacena,31,Minas Gerais,MG,3,Sudeste,SE,,,142.279,-21.15065038306804,-43.51975663901807
2413557,Serrinha dos Pintos,240010,Pau dos Ferros,2403,Mossoró,24,Rio Grande do Norte,RN,2,Nordeste,NE,,,122.375,-6.144493357984839,-37.99306860857149
1501808,Breves,150020,Breves,1507,Breves,15,Pará,PA,1,Norte,N,,,9566.495,-1.1209074299296427,-50.62814433364008
4114609,Marechal Cândido Rondon,410013,Marechal Cândido Rondon,4103,Cascavel,41,Paraná,PR,4,Sul,S,,,743.593,-24.571434297232162,-54.13701585922147
5001003,Aparecida do Taboado,500003,Paranaíba - Chapadão do Sul - Cassilândia,5001,Campo Grande,50,Mato Grosso do Sul,MS,5,Centro-oeste,CO,,,2751.485,-20.075609525102546,-51.290203981279845
5107107,São José dos Quatro Marcos,510006,Mirassol D'oeste,5102,Cáceres,51,Mato Grosso,MT,5,Centro-oeste,CO,,,1282.762,-15.566563549719358,-58.29711455066042
2909208,Coronel João Sá,290028,Jeremoabo,2909,Paulo Afonso,29,Bahia,BA,2,Nordeste,NE,,,797.434,-10.280184437894999,-37.936311787080726
2103703,Cururupu,210008,Cururupu,2101,São Luís,21,Maranhão,MA,2,Nordeste,NE,,,1255.667,-1.7741628723999243,-44.78613293745033
3154457,Riachinho,310063,Unaí,3112,Patos de Minas,31,Minas Gerais,MG,3,Sudeste,SE,,,1719.266,-16.276690872515363,-45.9279426654105
2209302,Santa Luz,220016,Bom Jesus,2205,Corrente - Bom Jesus,22,Piauí,PI,2,Nordeste,NE,,,1185.404,-9.045186299311927,-44.10542650663335
3162500,São João del Rei,310039,São João del Rei,3107,Barbacena,31,Minas Gerais,MG,3,Sudeste,SE,3162500,São João del Rei/MG,1452.002,-21.26314726767179,-44.274429236316756
2511905,Pitimbu,250001,João Pessoa,2501,João Pessoa,25,Paraíba,PB,2,Nordeste,NE,,,135.801,-7.430893660106329,-34.8417628116874
5221452,Trombas,520016,Porangatu,5205,Porangatu - Uruaçu,52,Goiás,GO,5,Centro-oeste,CO,,,802.905,-13.42071208088514,-48.753518978112226
4302105,Bento Gonçalves,430037,Bento Gonçalves,4307,Caxias do Sul,43,Rio Grande do Sul,RS,4,Sul,S,4302105,Bento Gonçalves/RS,272.217,-29.125358263058516,-51.551435756678664
3521507,Irapuã,350025,São José do Rio Preto,3507,São José do Rio Preto,35,São Paulo,SP,3,Sudeste,SE,,,257.611,-21.267698733223412,-49.39743606071388
1600154,Pedra Branca do Amapari,160004,Porto Grande,1602,Oiapoque - Porto Grande,16,Amapá,AP,1,Norte,N,,,9622.29,1.1576144439163618,-52.51956449971512
4213203,Pomerode,420019,Blumenau,4207,Blumenau,42,Santa Catarina,SC,4,Sul,S,,,214.299,-26.728186232500125,-49.17330417706222
4106407,Cornélio Procópio,410024,Cornélio Procópio - Bandeirantes,4105,Londrina,41,Paraná,PR,4,Sul,S,,,636.59,-23.225652586506047,-50.62337540924302
3121605,Diamantina,310016,Diamantina,3103,Teófilo Otoni,31,Minas Gerais,MG,3,Sudeste,SE,,,3891.659,-17.99379131062489,-43.610796014783695
3504909,Bananal,350053,Cruzeiro,3511,São José dos Campos,35,São Paulo,SP,3,Sudeste,SE,,,616.934,-22.733806565961885,-44.33457763804834
3553955,Tarumã,350014,Assis,3504,Marília,35,São Paulo,SP,3,Sudeste,SE,,,302.913,-22.76348316529761,-50.601407524313835
2209153,Santa Cruz dos Milagres,220004,Valença do Piauí,2201,Teresina,22,Piauí,PI,2,Nordeste,NE,,,978.546,-5.907956775488075,-41.868596320590335
3154309,Resplendor,310023,Aimorés - Resplendor,3104,Governador Valadares,31,Minas Gerais,MG,3,Sudeste,SE,,,1081.796,-19.2119339369316,-41.15308862269374
2901007,Amargosa,290003,Santo Antônio de Jesus,2902,Santo Antônio de Jesus,29,Bahia,BA,2,Nordeste,NE,,,431.654,-13.040852241903325,-39.62632109936975
1501782,Breu Branco,150011,Tucuruí,1503,Marabá,15,Pará,PA,1,Norte,N,,,3941.746,-3.7334956504155157,-49.371210516643686
3170651,Vargem Grande do Rio Pardo,310008,Salinas,3102,Montes Claros,31,Minas Gerais,MG,3,Sudeste,SE,,,491.512,-15.340663824935307,-42.298939940872245
2201101,Avelino Lopes,220015,Corrente,2205,Corrente - Bom Jesus,22,Piauí,PI,2,Nordeste,NE,,,1220.369,-10.179701457561531,-43.94236421226143
2932507,Una,290010,Camacan,2903,Ilhéus - Itabuna,29,Bahia,BA,2,Nordeste,NE,,,1126.733,-15.219144856966734,-39.15139513928167
2503704,Cajazeiras,250015,Cajazeiras,2504,Sousa - Cajazeiras,25,Paraíba,PB,2,Nordeste,NE,,,562.703,-6.919851650579006,-38.540989159441416
4318309,São Gabriel,430012,São Gabriel - Caçapava do Sul,4303,Santa Maria,43,Rio Grande do Sul,RS,4,Sul,S,,,5053.459,-30.305267023987167,-54.365425002030804
4301958,Barra Funda,430028,Carazinho,4306,Passo Fundo,43,Rio Grande do Sul,RS,4,Sul,S,,,60.437,-27.921694755759532,-53.01670365736086
5221551,Turvelândia,520010,Rio Verde,5203,Rio Verde,52,Goiás,GO,5,Centro-oeste,CO,,,935.659,-17.754567565063116,-50.31279965017722
5205208,Caturaí,520001,Goiânia,5201,Goiânia,52,Goiás,GO,5,Centro-oeste,CO,,,205.065,-16.45476466225664,-49.583604937851455
2111201,São José de Ribamar,210001,São Luís,2101,São Luís,21,Maranhão,MA,2,Nordeste,NE,2111300,São Luís/MA,180.266,-2.5743173496740748,-44.13049264195486
3513306,Cruzália,350014,Assis,3504,Marília,35,São Paulo,SP,3,Sudeste,SE,,,149.33,-22.73798402102217,-50.769060591580164
2200954,Aroeiras do Itaim,220009,Picos,2203,Picos,22,Piauí,PI,2,Nordeste,NE,,,316.235,-7.250344995621374,-41.53429856129671
4205001,Dionísio Cerqueira,420009,São Miguel do Oeste,4204,Chapecó,42,Santa Catarina,SC,4,Sul,S,,,378.843,-26.329842623389823,-53.533104834818836
2703601,Japaratinga,270002,Porto Calvo - São Luís do Quitunde,2701,Maceió,27,Alagoas,AL,2,Nordeste,NE,,,85.699,-9.08352317515607,-35.29825580931822
3145455,Olhos-d'Água,310006,Montes Claros,3102,Montes Claros,31,Minas Gerais,MG,3,Sudeste,SE,,,2092.078,-17.478034813278075,-43.594914729186875
5106422,Peixoto de Azevedo,510011,Peixoto de Azevedo - Guarantã do Norte,5103,Sinop,51,Mato Grosso,MT,5,Centro-oeste,CO,,,14433.774,-10.149515061625706,-53.59394714840456
3300506,Bom Jardim,330008,Nova Friburgo,3303,Petrópolis,33,Rio de Janeiro,RJ,3,Sudeste,SE,,,382.43,-22.19974809626769,-42.37172628745278
3521606,Irapuru,350020,Dracena,3505,Presidente Prudente,35,São Paulo,SP,3,Sudeste,SE,,,214.078,-21.484597530818558,-51.34655043899228
2503555,Cacimbas,250009,Patos,2503,Patos,25,Paraíba,PB,2,Nordeste,NE,,,124.068,-7.209450794059127,-37.09041093021533
1600501,Oiapoque,160003,Oiapoque,1602,Oiapoque - Porto Grande,16,Amapá,AP,1,Norte,N,,,23058.224,3.1105931681862033,-51.90006167602481
4213302,Ponte Alta,420005,Lages,4203,Lages,42,Santa Catarina,SC,4,Sul,S,,,575.17,-27.41015710077436,-50.29874091864024
1718758,Rio Sono,170001,Palmas,1701,Palmas,17,Tocantins,TO,1,Norte,N,,,6346.279,-9.647383680478198,-47.49599499546195
2917201,Ituaçu,290011,Vitória da Conquista,2904,Vitória da Conquista,29,Bahia,BA,2,Nordeste,NE,,,1199.374,-13.837101034929198,-41.39000689327495
4310108,Igrejinha,430004,Taquara - Parobé - Igrejinha,4301,Porto Alegre,43,Rio Grande do Sul,RS,4,Sul,S,4321204,Taquara - Parobé - Igrejinha/RS,138.116,-29.56166329093696,-50.79553909079513
3162450,São João das Missões,310009,Januária,3102,Montes Claros,31,Minas Gerais,MG,3,Sudeste,SE,,,678.274,-14.891893182453172,-44.22771972665846
4123105,Santa Amélia,410024,Cornélio Procópio - Bandeirantes,4105,Londrina,41,Paraná,PR,4,Sul,S,,,77.849,-23.258969115458033,-50.41030314660476
3554300,Teodoro Sampaio,350018,Presidente Prudente,3505,Presidente Prudente,35,São Paulo,SP,3,Sudeste,SE,,,1559.776,-22.416762977390075,-52.374366627779175
3170750,Varjão de Minas,310062,Patos de Minas,3112,Patos de Minas,31,Minas Gerais,MG,3,Sudeste,SE,,,651.505,-18.46656672197525,-45.93517508784316
5000807,Anaurilândia,500007,Nova Andradina,5002,Dourados,50,Mato Grosso do Sul,MS,5,Centro-oeste,CO,,,3415.657,-22.11145677966207,-52.80484243383121
2924306,Piatã,290034,Seabra,2910,Feira de Santana,29,Bahia,BA,2,Nordeste,NE,,,1825.855,-13.04604003924554,-41.877448107802635
2103000,Caxias,210013,Caxias,2103,Caxias,21,Maranhão,MA,2,Nordeste,NE,2103000,Caxias,5200.625,-4.8664543011592345,-43.2991626738802
5205307,Cavalcante,520022,Flores de Goiás,5206,Luziânia - Águas Lindas de Goiás,52,Goiás,GO,5,Centro-oeste,CO,,,6948.78,-13.63526018694189,-47.69662487621447
2413607,Severiano Melo,240009,Mossoró,2403,Mossoró,24,Rio Grande do Norte,RN,2,Nordeste,NE,,,157.85,-5.769195153579387,-37.972707124056676
4301925,Barra do Rio Azul,430026,Erechim,4306,Passo Fundo,43,Rio Grande do Sul,RS,4,Sul,S,,,146.995,-27.40304550438598,-52.4067113798428
2111300,São Luís,210001,São Luís,2101,São Luís,21,Maranhão,MA,2,Nordeste,NE,2111300,São Luís/MA,583.063,-2.6338776505928276,-44.28073432960347
2209104,Santa Cruz do Piauí,220009,Picos,2203,Picos,22,Piauí,PI,2,Nordeste,NE,,,562.402,-7.238084279507097,-41.771379048813166
3162559,São João do Manhuaçu,310028,Manhuaçu,3106,Juíz de Fora,31,Minas Gerais,MG,3,Sudeste,SE,,,143.096,-20.369992889239107,-42.15348084040806
3513405,Cruzeiro,350053,Cruzeiro,3511,São José dos Campos,35,São Paulo,SP,3,Sudeste,SE,,,305.669,-22.55141762187432,-45.00631072282127
2511707,Pilõezinhos,250002,Guarabira,2501,João Pessoa,25,Paraíba,PB,2,Nordeste,NE,,,40.908,-6.84617677430611,-35.54896965166756
4205100,Dona Emma,420023,Ibirama - Presidente Getúlio,4207,Blumenau,42,Santa Catarina,SC,4,Sul,S,,,178.157,-26.98870075762075,-49.77808240043634
2308005,Massapê,230015,Sobral,2306,Sobral,23,Ceará,CE,2,Nordeste,NE,,,567.78,-3.484267522559928,-40.38759956303678
3113503,Carbonita,310016,Diamantina,3103,Teófilo Otoni,31,Minas Gerais,MG,3,Sudeste,SE,,,1456.095,-17.49413005814774,-43.057711646855935
3546108,Santa Clara d'Oeste,350030,Santa Fé do Sul,3507,São José do Rio Preto,35,São Paulo,SP,3,Sudeste,SE,,,183.458,-20.06689632094126,-50.908435607296596
2909000,Cordeiros,290011,Vitória da Conquista,2904,Vitória da Conquista,29,Bahia,BA,2,Nordeste,NE,,,523.64,-15.040970547628689,-41.908244564297824
4301909,Barra do Ribeiro,430001,Porto Alegre,4301,Porto Alegre,43,Rio Grande do Sul,RS,4,Sul,S,,,729.316,-30.373875211575378,-51.35764190279764
2917300,Ituberá,290005,Valença,2902,Santo Antônio de Jesus,29,Bahia,BA,2,Nordeste,NE,,,415.428,-13.749334841208055,-39.15295029501211
4310207,Ijuí,430018,Ijuí,4305,Ijuí,43,Rio Grande do Sul,RS,4,Sul,S,,,688.982,-28.32044897273425,-53.89488258341799
4114906,Marilândia do Sul,410023,Apucarana,4105,Londrina,41,Paraná,PR,4,Sul,S,,,384.42,-23.773332197409154,-51.28360501962779
4123204,Santa Cecília do Pavão,410024,Cornélio Procópio - Bandeirantes,4105,Londrina,41,Paraná,PR,4,Sul,S,,,105.076,-23.54301674571131,-50.79939609617606
2103109,Cedral,210008,Cururupu,2101,São Luís,21,Maranhão,MA,2,Nordeste,NE,,,285.211,-1.9774442852268603,-44.5937854483596
2200905,Aroazes,220004,Valença do Piauí,2201,Teresina,22,Piauí,PI,2,Nordeste,NE,,,821.211,-6.124476322382837,-41.83029193841815
2209203,Santa Filomena,220015,Corrente,2205,Corrente - Bom Jesus,22,Piauí,PI,2,Nordeste,NE,,,5293.693,-8.990545788088632,-45.67555500249841
1718840,Sandolândia,170010,Gurupi,1703,Gurupi,17,Tocantins,TO,1,Norte,N,,,3535.135,-12.400983534650848,-49.87614541646724
2802700,Ilha das Flores,280003,Propriá,2801,Aracaju,28,Sergipe,SE,2,Nordeste,NE,,,52.693,-10.456623892595863,-36.5551153920581
2405405,Japi,240004,Santa Cruz,2401,Natal,24,Rio Grande do Norte,RN,2,Nordeste,NE,,,188.99,-6.432822051041378,-35.89910711475462
2609808,Orocó,260015,Petrolina,2604,Petrolina,26,Pernambuco,PE,2,Nordeste,NE,,,554.759,-8.472115149037913,-39.59107318301301
2909109,Coribe,290019,Santa Maria da Vitoria,2906,Barreiras,29,Bahia,BA,2,Nordeste,NE,,,2665.141,-13.814514190734972,-44.376390043363344
2932309,Ubatã,290014,Ipiaú,2904,Vitória da Conquista,29,Bahia,BA,2,Nordeste,NE,,,177.643,-14.096416083274656,-39.521852741337625
2503506,Cacimba de Dentro,250002,Guarabira,2501,João Pessoa,25,Paraíba,PB,2,Nordeste,NE,,,165.072,-6.624581763790324,-35.81368323782768
3202207,Fundão,320001,Vitória,3201,Vitória,32,Espírito Santo,ES,3,Sudeste,SE,3205309,Vitória/ES,286.854,-19.96830494807937,-40.35679727525534
4106704,Cruzeiro do Sul,410019,Paranacity - Colorado,4104,Maringá,41,Paraná,PR,4,Sul,S,,,259.115,-22.98781427037039,-52.1624660855481
3170701,Varginha,310040,Varginha,3108,Varginha,31,Minas Gerais,MG,3,Sudeste,SE,3170701,Varginha,395.396,-21.55748445647829,-45.409108383481886
3105301,Bandeira do Sul,310051,Poços de Caldas,3109,Pouso Alegre,31,Minas Gerais,MG,3,Sudeste,SE,,,47.266,-21.724132850154128,-46.384897564552865
2511806,Pirpirituba,250002,Guarabira,2501,João Pessoa,25,Paraíba,PB,2,Nordeste,NE,,,80.672,-6.790742793308582,-35.495880237541996
3120870,Curral de Dentro,310008,Salinas,3102,Montes Claros,31,Minas Gerais,MG,3,Sudeste,SE,,,570.95,-15.861783039915855,-41.764812192886886
4302006,Barros Cassal,430031,Soledade,4306,Passo Fundo,43,Rio Grande do Sul,RS,4,Sul,S,,,647.994,-29.113353814677694,-52.588662941442855
3521408,Iracemápolis,350042,Limeira,3510,Campinas,35,São Paulo,SP,3,Sudeste,SE,3526902,Limeira/SP,115.31,-22.593572769354473,-47.524210848322205
1502202,Capanema,150006,Capanema,1502,Castanhal,15,Pará,PA,1,Norte,N,,,621.476,-1.1420838192241503,-47.117900934501094
4115002,Marilena,410017,Paranavaí,4104,Maringá,41,Paraná,PR,4,Sul,S,,,231.349,-22.73339255272564,-53.06448866643016
4213104,Piratuba,420010,Concórdia,4204,Chapecó,42,Santa Catarina,SC,4,Sul,S,,,146.088,-27.46121872146849,-51.77282039897667
1101203,Ministro Andreazza,110005,Cacoal,1102,Ji-Paraná,11,Rondônia,RO,1,Norte,N,,,798.083,-11.160294263927097,-61.568969165078016
5221858,Valparaíso de Goiás,520019,Luziânia,5206,Luziânia - Águas Lindas de Goiás,52,Goiás,GO,5,Centro-oeste,CO,5300108,Brasília/DF,61.488,-16.084663172149664,-47.988516342273975
2111250,São José dos Basílios,210016,Presidente Dutra,2104,Presidente Dutra,21,Maranhão,MA,2,Nordeste,NE,,,353.72,-5.039816618749905,-44.56835467523335
2601607,Belém do São Francisco,260017,Salgueiro,2604,Petrolina,26,Pernambuco,PE,2,Nordeste,NE,,,1830.828,-8.58356384157143,-38.98193160304928
3504800,Bálsamo,350025,São José do Rio Preto,3507,São José do Rio Preto,35,São Paulo,SP,3,Sudeste,SE,3549805,São José do Rio Preto/SP,149.881,-20.70956489305616,-49.551801907269315
2201002,Arraial,220017,Floriano,2206,Floriano,22,Piauí,PI,2,Nordeste,NE,,,619.21,-6.621824568320785,-42.51316281578834
1718808,Sampaio,170009,Araguatins,1702,Araguaína,17,Tocantins,TO,1,Norte,N,,,222.436,-5.329649501933462,-47.91881928043633
2924108,Pedrão,290002,Alagoinhas,2901,Salvador,29,Bahia,BA,2,Nordeste,NE,,,158.487,-12.129570299674548,-38.64054439578629
3145505,Olímpio Noronha,310053,São Lourenço,3109,Pouso Alegre,31,Minas Gerais,MG,3,Sudeste,SE,,,54.633,-22.090530843589804,-45.285376744524555
2900900,Almadina,290007,Ilhéus - Itabuna,2903,Ilhéus - Itabuna,29,Bahia,BA,2,Nordeste,NE,,,245.236,-14.701273001757812,-39.664092840027536
2932408,Uibaí,290020,Irecê,2907,Irecê,29,Bahia,BA,2,Nordeste,NE,,,545.297,-11.379928182466216,-42.10398766091876
1600550,Pracuúba,160003,Oiapoque,1602,Oiapoque - Porto Grande,16,Amapá,AP,1,Norte,N,,,4948.508,1.6258148964911259,-51.27852945843445
2503605,Caiçara,250002,Guarabira,2501,João Pessoa,25,Paraíba,PB,2,Nordeste,NE,,,123.677,-6.606275561533278,-35.411724868580755
4106803,Cruz Machado,410003,União da Vitória,4101,Curitiba,41,Paraná,PR,4,Sul,S,,,1474.202,-25.922375669256756,-51.23274741549231
2916609,Itapitanga,290007,Ilhéus - Itabuna,2903,Ilhéus - Itabuna,29,Bahia,BA,2,Nordeste,NE,,,420.664,-14.47290651416213,-39.61995843817656
2307304,Juazeiro do Norte,230011,Juazeiro do Norte,2304,Juazeiro do Norte,23,Ceará,CE,2,Nordeste,NE,2307304,Juazeiro do Norte/CE,258.788,-7.1828142033519695,-39.286164769359196
5106455,Planalto da Serra,510001,Cuiabá,5101,Cuiabá,51,Mato Grosso,MT,5,Centro-oeste,CO,,,2437.59,-14.588782368756268,-54.6739675393047
3513207,Cristais Paulista,350033,Franca,3508,Ribeirão Preto,35,São Paulo,SP,3,Sudeste,SE,3516200,Franca/SP,385.23,-20.371322672702167,-47.400909199661314
5205109,Catalão,520004,Catalão,5201,Goiânia,52,Goiás,GO,5,Centro-oeste,CO,5205109,Catalão/GO,3826.37,-17.930888751695257,-47.664864477877536
2413409,Serra Negra do Norte,240007,Caicó,2402,Caicó,24,Rio Grande do Norte,RN,2,Nordeste,NE,,,562.396,-6.587370554572255,-37.36002422339281
3120839,Cuparaque,310023,Aimorés - Resplendor,3104,Governador Valadares,31,Minas Gerais,MG,3,Sudeste,SE,,,226.75,-19.00929314830571,-41.12930978814576
1702307,Arapoema,170005,Araguaína,1702,Araguaína,17,Tocantins,TO,1,Norte,N,,,1558.136,-7.723417194389387,-48.999830378858675
1600535,Porto Grande,160004,Porto Grande,1602,Oiapoque - Porto Grande,16,Amapá,AP,1,Norte,N,,,4428.013,0.5856284400838051,-51.66998321114045
2111102,São João dos Patos,210017,São João dos Patos,2104,Presidente Dutra,21,Maranhão,MA,2,Nordeste,NE,,,1483.255,-6.559408392312717,-43.63807678005756
4204905,Descanso,420009,São Miguel do Oeste,4204,Chapecó,42,Santa Catarina,SC,4,Sul,S,,,287.057,-26.85841360061045,-53.479300523548694
5000856,Angélica,500007,Nova Andradina,5002,Dourados,50,Mato Grosso do Sul,MS,5,Centro-oeste,CO,,,1283.629,-22.062443530500566,-53.86580230824582
1718659,Rio da Conceição,170011,Dianópolis,1703,Gurupi,17,Tocantins,TO,1,Norte,N,,,845.823,-11.33699335892948,-46.737657219571105
4318705,São Leopoldo,430002,Novo Hamburgo - São Leopoldo,4301,Porto Alegre,43,Rio Grande do Sul,RS,4,Sul,S,4314902,Porto Alegre/RS,103.009,-29.75533029750756,-51.14485000623406
3202553,Ibitirama,320008,Alegre,3204,Cachoeiro do Itapemirim,32,Espírito Santo,ES,3,Sudeste,SE,,,330.874,-20.485956041599028,-41.69262257561785
3113305,Carangola,310034,Carangola,3106,Juíz de Fora,31,Minas Gerais,MG,3,Sudeste,SE,,,353.404,-20.702657642784494,-42.08752183344384
3137304,Lagoa dos Patos,310006,Montes Claros,3102,Montes Claros,31,Minas Gerais,MG,3,Sudeste,SE,,,600.547,-17.007814538319156,-44.64636316817222
2924207,Pedro Alexandre,290028,Jeremoabo,2909,Paulo Afonso,29,Bahia,BA,2,Nordeste,NE,,,889.572,-10.062179842543546,-37.940679988162415
5106307,Paranatinga,510017,Primavera do Leste,5105,Rondonópolis,51,Mato Grosso,MT,5,Centro-oeste,CO,,,24127.429,-13.677585783630597,-54.107271311842666
4123006,Salto do Lontra,410012,Dois Vizinhos,4103,Cascavel,41,Paraná,PR,4,Sul,S,,,311.974,-25.77493404663691,-53.28731629473814
2908408,Conceição do Coité,290032,Conceição do Coité,2910,Feira de Santana,29,Bahia,BA,2,Nordeste,NE,,,1015.249,-11.52412323153386,-39.24981977927743
3170008,Ubaí,310011,São Francisco,3102,Montes Claros,31,Minas Gerais,MG,3,Sudeste,SE,,,820.524,-16.36402551170777,-44.84768199351218
2102903,Carutapera,210011,Governador Nunes Freire,2102,Santa Inês - Bacabal,21,Maranhão,MA,2,Nordeste,NE,,,1260.569,-1.3502395052597316,-46.0294908396217
2208502,Porto,220005,Barras,2201,Teresina,22,Piauí,PI,2,Nordeste,NE,,,253.114,-3.9499645666202374,-42.707634827305164
1502152,Canaã dos Carajás,150010,Parauapebas,1503,Marabá,15,Pará,PA,1,Norte,N,,,3146.748,-6.424209863067413,-50.08567068302249
2405207,Janduís,240009,Mossoró,2403,Mossoró,24,Rio Grande do Norte,RN,2,Nordeste,NE,,,303.448,-5.996155107522815,-37.47489626817052
3300902,Cambuci,330012,Santo Antônio de Pádua,3304,Campos dos Goytacazes,33,Rio de Janeiro,RJ,3,Sudeste,SE,,,558.281,-21.496917145996328,-41.91465189751291
2111078,São João do Soter,210013,Caxias,2103,Caxias,21,Maranhão,MA,2,Nordeste,NE,,,1438.066,-5.040176062094737,-43.76664314686835
2511103,Pedra Lavrada,250006,Cuité - Nova Floresta,2502,Campina Grande,25,Paraíba,PB,2,Nordeste,NE,,,335.615,-6.772900439790893,-36.38790421659396
5106299,Paranaíta,510010,Alta Floresta,5103,Sinop,51,Mato Grosso,MT,5,Centro-oeste,CO,,,4814.149,-9.593574356511194,-56.68258880134665
2413508,Serrinha,240002,Santo Antônio - Passa e Fica - Nova Cruz,2401,Natal,24,Rio Grande do Norte,RN,2,Nordeste,NE,,,193.351,-6.255126658772556,-35.57436013666294
5213756,Montividiu,520010,Rio Verde,5203,Rio Verde,52,Goiás,GO,5,Centro-oeste,CO,,,1869.581,-17.317948021066645,-51.189870900464406
4310504,Iraí,430029,Frederico Westphalen,4306,Passo Fundo,43,Rio Grande do Sul,RS,4,Sul,S,,,181.85,-27.249353793330002,-53.241646891325516
3529658,Mesópolis,350028,Jales,3507,São José do Rio Preto,35,São Paulo,SP,3,Sudeste,SE,,,148.636,-19.957484807073634,-50.61539731385691
3105103,Bambuí,310066,Formiga,3113,Divinópolis,31,Minas Gerais,MG,3,Sudeste,SE,,,1455.819,-20.11095463576562,-45.99887600714232
4114807,Marialva,410014,Maringá,4104,Maringá,41,Paraná,PR,4,Sul,S,4115200,Maringá/PR,474.954,-23.530801057444712,-51.86784303519533
3113404,Caratinga,310025,Caratinga,3105,Ipatinga,31,Minas Gerais,MG,3,Sudeste,SE,,,1258.748,-19.7120822473791,-42.10204075621122
3129103,Gurinhatã,310060,Ituiutaba,3111,Uberlândia,31,Minas Gerais,MG,3,Sudeste,SE,,,1849.137,-19.098364777782464,-49.8700912389383
2900207,Abaré,290024,Paulo Afonso,2909,Paulo Afonso,29,Bahia,BA,2,Nordeste,NE,,,1604.923,-8.833540404652002,-39.31769286079158
1100502,Novo Horizonte do Oeste,110005,Cacoal,1102,Ji-Paraná,11,Rondônia,RO,1,Norte,N,,,843.446,-11.681093918355705,-62.08320196910776
3161809,São Gonçalo do Pará,310065,Divinópolis,3113,Divinópolis,31,Minas Gerais,MG,3,Sudeste,SE,,,265.73,-19.983872352485925,-44.82843822981877
2200301,Alto Longá,220001,Teresina,2201,Teresina,22,Piauí,PI,2,Nordeste,NE,,,1743.331,-5.379440955085967,-42.15469617673035
3170107,Uberaba,310055,Uberaba,3110,Uberaba,31,Minas Gerais,MG,3,Sudeste,SE,3170107,Uberaba,4523.957,-19.580931300899763,-47.97716207993317
2111052,São João do Paraíso,210019,Imperatriz,2105,Imperatriz,21,Maranhão,MA,2,Nordeste,NE,,,2052.328,-6.463387822750725,-46.90043068583467
5106281,Novo São Joaquim,510013,Barra do Garças,5104,Barra do Garças,51,Mato Grosso,MT,5,Centro-oeste,CO,,,5225.595,-15.07810240510571,-53.258480567711494
2502904,Brejo dos Santos,250011,Catolé do Rocha - São Bento,2503,Patos,25,Paraíba,PB,2,Nordeste,NE,,,93.857,-6.398442125648308,-37.846554746233544
5221908,Varjão,520001,Goiânia,5201,Goiânia,52,Goiás,GO,5,Centro-oeste,CO,,,517.402,-17.0780701339696,-49.61119523233039
3202504,Ibiraçu,320004,Linhares,3202,São Mateus,32,Espírito Santo,ES,3,Sudeste,SE,,,201.248,-19.834798853002756,-40.417867043351684
4302303,Bom Jesus,430039,Vacaria,4307,Caxias do Sul,43,Rio Grande do Sul,RS,4,Sul,S,,,2622.847,-28.598162235627427,-50.42327053602843
5106273,Novo Horizonte do Norte,510012,Juara,5103,Sinop,51,Mato Grosso,MT,5,Centro-oeste,CO,,,920.048,-11.383601539728852,-57.303518689272614
3145307,Novo Cruzeiro,310013,Teófilo Otoni,3103,Teófilo Otoni,31,Minas Gerais,MG,3,Sudeste,SE,,,1702.981,-17.37076875655949,-41.95517036407394
2802601,Graccho Cardoso,280006,Nossa Senhora da Glória,2802,Itabaiana,28,Sergipe,SE,2,Nordeste,NE,,,240.756,-10.222520372565478,-37.218262432837044
2405306,Januário Cicco,240002,Santo Antônio - Passa e Fica - Nova Cruz,2401,Natal,24,Rio Grande do Norte,RN,2,Nordeste,NE,,,167.042,-6.152468195284549,-35.600048277943515
4213153,Planalto Alegre,420007,Chapecó,4204,Chapecó,42,Santa Catarina,SC,4,Sul,S,,,63.1,-27.051964056115654,-52.868983175479435
3537800,Piedade,350003,Sorocaba,3502,Sorocaba,35,São Paulo,SP,3,Sudeste,SE,,,746.903,-23.787010781104627,-47.43813955017174
5106265,Novo Mundo,510011,Peixoto de Azevedo - Guarantã do Norte,5103,Sinop,51,Mato Grosso,MT,5,Centro-oeste,CO,,,5800.758,-9.75215508421786,-55.403680808147634
3120904,Curvelo,310004,Curvelo,3101,Belo Horizonte,31,Minas Gerais,MG,3,Sudeste,SE,,,3296.2,-18.81990815954219,-44.447885385804874
3505104,Barbosa,350023,Birigui - Penápolis,3506,Araçatuba,35,São Paulo,SP,3,Sudeste,SE,,,205.212,-21.290658712653883,-49.92216751268338
3537156,Pedrinhas Paulista,350014,Assis,3504,Marília,35,São Paulo,SP,3,Sudeste,SE,,,152.309,-22.81691462582103,-50.802424504010624
4106605,Cruzeiro do Oeste,410016,Umuarama,4104,Maringá,41,Paraná,PR,4,Sul,S,,,776.101,-23.758756673081443,-53.08333075378155
3153608,Prudente de Morais,310002,Sete Lagoas,3101,Belo Horizonte,31,Minas Gerais,MG,3,Sudeste,SE,3167202,Sete Lagoas/MG,124.189,-19.46445517695339,-44.11144234162202
3105202,Bandeira,310015,Almenara,3103,Teófilo Otoni,31,Minas Gerais,MG,3,Sudeste,SE,,,483.789,-15.877677177962665,-40.58096903876844
2200277,Alegrete do Piauí,220009,Picos,2203,Picos,22,Piauí,PI,2,Nordeste,NE,,,243.732,-7.200515443932079,-40.797503367801
1100601,Cacaulândia,110002,Ariquemes,1101,Porto Velho,11,Rondônia,RO,1,Norte,N,,,1962.032,-10.331591637992686,-62.98722981462427
3161908,São Gonçalo do Rio Abaixo,310026,João Monlevade,3105,Ipatinga,31,Minas Gerais,MG,3,Sudeste,SE,,,363.818,-19.817153729318164,-43.32137035808357
5106257,Nova Xavantina,510013,Barra do Garças,5104,Barra do Garças,51,Mato Grosso,MT,5,Centro-oeste,CO,,,5492.21,-14.59697099327288,-52.40682134423168
5213707,Montes Claros de Goiás,520014,Iporá,5204,São Luís de Montes Belos - Iporá,52,Goiás,GO,5,Centro-oeste,CO,,,2900.397,-15.914474632750268,-51.57991817138956
3529609,Meridiano,350029,Fernandópolis,3507,São José do Rio Preto,35,São Paulo,SP,3,Sudeste,SE,,,228.199,-20.39819087436461,-50.18665764481249
2610202,Panelas,260009,Caruaru,2602,Caruaru,26,Pernambuco,PE,2,Nordeste,NE,,,380.428,-8.665102268030768,-36.04914116124675
2932705,Uruçuca,290007,Ilhéus - Itabuna,2903,Ilhéus - Itabuna,29,Bahia,BA,2,Nordeste,NE,,,510.097,-14.52740771859211,-39.231580942356636
3202603,Iconha,320007,Cachoeiro de Itapemirim,3204,Cachoeiro do Itapemirim,32,Espírito Santo,ES,3,Sudeste,SE,,,203.528,-20.75493562042312,-40.85746795857244
4310579,Itapuca,430031,Soledade,4306,Passo Fundo,43,Rio Grande do Sul,RS,4,Sul,S,,,184.673,-28.775739086196957,-52.19556732678855
5106372,Pedra Preta,510016,Rondonópolis,5105,Rondonópolis,51,Mato Grosso,MT,5,Centro-oeste,CO,,,3841.672,-16.79517258603627,-54.24920776836928
3137106,Lagamar,310062,Patos de Minas,3112,Patos de Minas,31,Minas Gerais,MG,3,Sudeste,SE,,,1474.562,-18.103542363086408,-46.734621866564105
1718709,Rio dos Bois,170004,Miracema do Tocantins,1701,Palmas,17,Tocantins,TO,1,Norte,N,,,847.255,-9.23589612935166,-48.45251004112677
3300704,Cabo Frio,330013,Cabo Frio,3305,Macaé - Rio das Ostras - Cabo Frio,33,Rio de Janeiro,RJ,3,Sudeste,SE,3300704,Cabo Frio/RJ,413.449,-22.710756208840543,-42.057716347260644
4302402,Bom Retiro do Sul,430041,Lajeado,4308,Santa Cruz do Sul - Lajeado,43,Rio Grande do Sul,RS,4,Sul,S,4311403,Lajeado/RS,102.54,-29.637733716298502,-51.92256633101612
3145406,Olaria,310027,Juiz de Fora,3106,Juíz de Fora,31,Minas Gerais,MG,3,Sudeste,SE,,,178.242,-21.907100455075373,-43.966070046832975
3505203,Bariri,350010,Jaú,3503,Bauru,35,São Paulo,SP,3,Sudeste,SE,,,444.405,-22.066806694233843,-48.71883763007048
2208551,Porto Alegre do Piauí,220017,Floriano,2206,Floriano,22,Piauí,PI,2,Nordeste,NE,,,1168.044,-6.956337223704332,-44.057219783280466
3153707,Quartel Geral,310067,Dores do Indaiá,3113,Divinópolis,31,Minas Gerais,MG,3,Sudeste,SE,,,556.436,-19.2797693764755,-45.60307280274641
3112703,Capitão Enéas,310006,Montes Claros,3102,Montes Claros,31,Minas Gerais,MG,3,Sudeste,SE,,,971.576,-16.1362421790703,-43.66465968001517
2307205,Jati,230012,Brejo Santo,2304,Juazeiro do Norte,23,Ceará,CE,2,Nordeste,NE,,,368.357,-7.69195653891672,-38.9923400792262
4106571,Cruzeiro do Iguaçu,410012,Dois Vizinhos,4103,Cascavel,41,Paraná,PR,4,Sul,S,,,161.293,-25.59522448226013,-53.12973655782204
3170057,Ubaporanga,310025,Caratinga,3105,Ipatinga,31,Minas Gerais,MG,3,Sudeste,SE,,,189.045,-19.660522387273613,-42.069941953477
2602001,Bodocó,260016,Araripina,2604,Petrolina,26,Pernambuco,PE,2,Nordeste,NE,,,1621.785,-7.656367909792535,-39.965124852541464
2924504,Pindaí,290016,Guanambi,2905,Guanambi,29,Bahia,BA,2,Nordeste,NE,,,628.469,-14.47161768541727,-42.67856768016599
3128907,Guimarânia,310064,Patrocínio,3112,Patos de Minas,31,Minas Gerais,MG,3,Sudeste,SE,,,366.833,-18.816044986833777,-46.75293646565325
2932804,Utinga,290031,Itaberaba,2910,Feira de Santana,29,Bahia,BA,2,Nordeste,NE,,,633.761,-12.052173147334909,-41.06896882865421
1710508,Itacajá,170007,Colinas do Tocantins,1702,Araguaína,17,Tocantins,TO,1,Norte,N,,,3047.204,-8.571533097441804,-47.6693177105915
4310553,Itacurubi,430014,Santiago,4303,Santa Maria,43,Rio Grande do Sul,RS,4,Sul,S,,,1120.249,-28.809927113116167,-55.267398087181896
3537107,Pedreira,350038,Campinas,3510,Campinas,35,São Paulo,SP,3,Sudeste,SE,,,108.817,-22.754747052097397,-46.88855469366814
4302378,Bom Progresso,430021,Três Passos,4305,Ijuí,43,Rio Grande do Sul,RS,4,Sul,S,,,89.206,-27.545263669406108,-53.84892695952554
2801900,Cumbe,280001,Aracaju,2801,Aracaju,28,Sergipe,SE,2,Nordeste,NE,,,121.959,-10.353723742806281,-37.191758696147
3137205,Lagoa da Prata,310065,Divinópolis,3113,Divinópolis,31,Minas Gerais,MG,3,Sudeste,SE,,,439.984,-20.011011332920546,-45.493998892638054
3300803,Cachoeiras de Macacu,330003,Rio Bonito,3301,Rio de Janeiro,33,Rio de Janeiro,RJ,3,Sudeste,SE,,,954.749,-22.516120624203158,-42.72841080754385
2404606,Ielmo Marinho,240001,Natal,2401,Natal,24,Rio Grande do Norte,RN,2,Nordeste,NE,,,312.028,-5.784137156611802,-35.55043134915027
3145372,Novorizonte,310008,Salinas,3102,Montes Claros,31,Minas Gerais,MG,3,Sudeste,SE,,,271.61,-16.011023884855916,-42.39768486021502
5205497,Cidade Ocidental,520019,Luziânia,5206,Luziânia - Águas Lindas de Goiás,52,Goiás,GO,5,Centro-oeste,CO,5300108,Brasília/DF,389.985,-16.123985962490416,-47.81907427300241
5001243,Aral Moreira,500008,Ponta Porã,5002,Dourados,50,Mato Grosso do Sul,MS,5,Centro-oeste,CO,,,1653.86,-22.90768783198858,-55.45018663927575
3169901,Ubá,310029,Ubá,3106,Juíz de Fora,31,Minas Gerais,MG,3,Sudeste,SE,3169901,Ubá/MG,407.452,-21.105328657184454,-42.96527371686144
3104502,Arinos,310063,Unaí,3112,Patos de Minas,31,Minas Gerais,MG,3,Sudeste,SE,,,5279.419,-15.750686028091039,-45.98857487000279
4310538,Itaara,430011,Santa Maria,4303,Santa Maria,43,Rio Grande do Sul,RS,4,Sul,S,4316907,Santa Maria/RS,172.801,-29.576947810445205,-53.76203890018416
2924603,Pindobaçu,290023,Senhor do Bonfim,2908,Juazeiro,29,Bahia,BA,2,Nordeste,NE,,,495.845,-10.723870206618976,-40.34097082539774
4310405,Independência,430023,Três de Maio,4305,Ijuí,43,Rio Grande do Sul,RS,4,Sul,S,,,358.397,-27.901183087804718,-54.18042270572627
4302352,Bom Princípio,430002,Novo Hamburgo - São Leopoldo,4301,Porto Alegre,43,Rio Grande do Sul,RS,4,Sul,S,,,90.023,-29.471108603167725,-51.36305084409999
5106315,Novo Santo Antônio,510014,Confresa - Vila Rica,5104,Barra do Garças,51,Mato Grosso,MT,5,Centro-oeste,CO,,,4394.78,-12.313386361377088,-50.88794647799425
1100403,Alto Paraíso,110002,Ariquemes,1101,Porto Velho,11,Rondônia,RO,1,Norte,N,,,2652.03,-9.649317574795159,-63.394333767340235
2703502,Jacuípe,270002,Porto Calvo - São Luís do Quitunde,2701,Maceió,27,Alagoas,AL,2,Nordeste,NE,,,209.65,-8.88392948057041,-35.44730512898409
3145356,Novo Oriente de Minas,310013,Teófilo Otoni,3103,Teófilo Otoni,31,Minas Gerais,MG,3,Sudeste,SE,,,755.151,-17.229238384930508,-41.22761131089387
3528908,Mariápolis,350019,Adamantina - Lucélia,3505,Presidente Prudente,35,São Paulo,SP,3,Sudeste,SE,,,186.432,-21.7791188022477,-51.171817476897836
1600402,Mazagão,160001,Macapá,1601,Macapá,16,Amapá,AP,1,Norte,N,,,13294.778,-0.06683662249982014,-51.951193339615685
3129004,Guiricema,310029,Ubá,3106,Juíz de Fora,31,Minas Gerais,MG,3,Sudeste,SE,,,293.578,-21.014902929674754,-42.699681545205046
4204251,Cocal do Sul,420002,Criciúma,4202,Criciúma,42,Santa Catarina,SC,4,Sul,S,4204608,Criciúma/SC,70.965,-28.59869687834137,-49.333930381530884
5205471,Chapadão do Céu,520011,Jataí-Mineiros,5203,Rio Verde,52,Goiás,GO,5,Centro-oeste,CO,,,2184.077,-18.4652148372401,-52.63307806465353
2610004,Palmares,260003,Palmares,2601,Recife,26,Pernambuco,PE,2,Nordeste,NE,,,339.388,-8.656493378492351,-35.630435862327616
3537206,Pedro de Toledo,350002,Santos,3501,São Paulo,35,São Paulo,SP,3,Sudeste,SE,,,672.83,-24.164083893469044,-47.16358629861896
3554201,Tejupá,350017,Piraju,3504,Marília,35,São Paulo,SP,3,Sudeste,SE,,,296.189,-23.342505707542553,-49.30656751856985
3112653,Capitão Andrade,310020,Governador Valadares,3104,Governador Valadares,31,Minas Gerais,MG,3,Sudeste,SE,,,279.088,-19.051197492341018,-41.82215917857483
3161700,São Gonçalo do Abaeté,310062,Patos de Minas,3112,Patos de Minas,31,Minas Gerais,MG,3,Sudeste,SE,,,2692.545,-18.176697324239985,-45.545926547117105
5221809,Urutaí,520006,Pires do Rio,5201,Goiânia,52,Goiás,GO,5,Centro-oeste,CO,,,623.821,-17.43565743533013,-48.196290891213614
1718006,Porto Alegre do Tocantins,170011,Dianópolis,1703,Gurupi,17,Tocantins,TO,1,Norte,N,,,506.717,-11.510838505085227,-47.04672642765469
3202405,Guarapari,320001,Vitória,3201,Vitória,32,Espírito Santo,ES,3,Sudeste,SE,3202405,Guarapari,589.826,-20.585052237952894,-40.54626088321151
4302204,Boa Vista do Buricá,430023,Três de Maio,4305,Ijuí,43,Rio Grande do Sul,RS,4,Sul,S,,,109.498,-27.6747979674171,-54.099744158998995
1100379,Alto Alegre dos Parecis,110005,Cacoal,1102,Ji-Paraná,11,Rondônia,RO,1,Norte,N,,,3958.273,-12.593736099219274,-61.880807429258624
5205455,Cezarina,520015,Palmeiras de Goiás,5204,São Luís de Montes Belos - Iporá,52,Goiás,GO,5,Centro-oeste,CO,,,417.08,-17.0859484179287,-49.756259234248574
3546009,Santa Branca,350049,São José dos Campos,3511,São José dos Campos,35,São Paulo,SP,3,Sudeste,SE,3549904,São José dos Campos/SP,272.238,-23.426395191868767,-45.86329816164868
3120805,Cruzília,310054,Caxambu - Baependi,3109,Pouso Alegre,31,Minas Gerais,MG,3,Sudeste,SE,,,522.419,-21.73068325026822,-44.7978245908912
3505005,Barão de Antonina,350004,Itapeva,3502,Sorocaba,35,São Paulo,SP,3,Sudeste,SE,,,153.142,-23.582914696876983,-49.57195843638923
3137536,Lagoa Grande,310062,Patos de Minas,3112,Patos de Minas,31,Minas Gerais,MG,3,Sudeste,SE,,,1236.301,-17.76637024417879,-46.50160745684409
3153509,Alto Jequitibá,310028,Manhuaçu,3106,Juíz de Fora,31,Minas Gerais,MG,3,Sudeste,SE,,,152.272,-20.43724829716102,-41.94884694116281
4310363,Imigrante,430041,Lajeado,4308,Santa Cruz do Sul - Lajeado,43,Rio Grande do Sul,RS,4,Sul,S,,,71.718,-29.344788446504992,-51.77419449892177
3529005,Marília,350013,Marília,3504,Marília,35,São Paulo,SP,3,Sudeste,SE,3529005,Marília/SP,1170.515,-22.177793382284754,-49.98309253276362
1709807,Ipueiras,170002,Porto Nacional,1701,Palmas,17,Tocantins,TO,1,Norte,N,,,821.152,-11.135082384780109,-48.403522416110235
2601805,Betânia,260013,Serra Talhada,2603,Serra Talhada,26,Pernambuco,PE,2,Nordeste,NE,,,1256.138,-8.265565486056659,-37.98629355617232
3145703,Oliveira Fortes,310027,Juiz de Fora,3106,Juíz de Fora,31,Minas Gerais,MG,3,Sudeste,SE,,,111.13,-21.335819158593527,-43.514917772274075
2610103,Palmeirina,260010,Garanhuns,2602,Caruaru,26,Pernambuco,PE,2,Nordeste,NE,,,169.012,-9.011426739763632,-36.27768948518698
4204350,Cordilheira Alta,420007,Chapecó,4204,Chapecó,42,Santa Catarina,SC,4,Sul,S,4204202,Chapecó/SC,85.276,-26.97542167455907,-52.6415812911761
2307254,Jijoca de Jericoacoara,230017,Acaraú,2306,Sobral,23,Ceará,CE,2,Nordeste,NE,,,209.029,-2.877760508730679,-40.495294743417254
2103257,Cidelândia,210019,Imperatriz,2105,Imperatriz,21,Maranhão,MA,2,Nordeste,NE,,,1462.81,-5.057160951438597,-47.82978339247889
2932606,Urandi,290016,Guanambi,2905,Guanambi,29,Bahia,BA,2,Nordeste,NE,,,902.402,-14.73656166821957,-42.684007835761996
3300100,Angra dos Reis,330002,Angra dos Reis,3301,Rio de Janeiro,33,Rio de Janeiro,RJ,3,Sudeste,SE,3300100,Angra dos Reis,813.419,-22.93643580084673,-44.38555995288892
5106653,Pontal do Araguaia,510013,Barra do Garças,5104,Barra do Garças,51,Mato Grosso,MT,5,Centro-oeste,CO,,,2742.482,-15.931955954688501,-52.721399441634496
1502103,Cametá,150002,Cametá,1501,Belém,15,Pará,PA,1,Norte,N,1502103,Cametá,3082.19,-2.2529841867419407,-49.513535451319186
3520806,Inúbia Paulista,350019,Adamantina - Lucélia,3505,Presidente Prudente,35,São Paulo,SP,3,Sudeste,SE,,,87.119,-21.739017422800647,-50.95741712933971
2601904,Bezerros,260009,Caruaru,2602,Caruaru,26,Pernambuco,PE,2,Nordeste,NE,,,497.156,-8.218746330706525,-35.78293754038603
4212502,Penha,420020,Itajaí,4207,Blumenau,42,Santa Catarina,SC,4,Sul,S,4208203,Itajaí - Balneário Camboriú/SC,57.997,-26.80784800023436,-48.650935765753694
3137502,Lagoa Formosa,310062,Patos de Minas,3112,Patos de Minas,31,Minas Gerais,MG,3,Sudeste,SE,,,840.92,-18.769533854330575,-46.33677691978416
2924405,Pilão Arcado,290022,Juazeiro,2908,Juazeiro,29,Bahia,BA,2,Nordeste,NE,,,11597.932,-10.007772713190873,-43.115169614850956
4310462,Ipiranga do Sul,430026,Erechim,4306,Passo Fundo,43,Rio Grande do Sul,RS,4,Sul,S,,,158.71,-27.931150791031577,-52.41856190358914
2111532,São Pedro da Água Branca,210019,Imperatriz,2105,Imperatriz,21,Maranhão,MA,2,Nordeste,NE,,,720.461,-5.133523656407622,-48.36897948424112
3553500,Tapiraí,350003,Sorocaba,3502,Sorocaba,35,São Paulo,SP,3,Sudeste,SE,,,754.421,-24.008650827117442,-47.6195722824579
4302154,Boa Vista das Missões,430029,Frederico Westphalen,4306,Passo Fundo,43,Rio Grande do Sul,RS,4,Sul,S,,,196.064,-27.70160069874659,-53.34152024978432
3537008,Pedregulho,350033,Franca,3508,Ribeirão Preto,35,São Paulo,SP,3,Sudeste,SE,,,712.604,-20.20558460655527,-47.43906245842708
2412807,São Rafael,240011,Assú,2403,Mossoró,24,Rio Grande do Norte,RN,2,Nordeste,NE,,,469.101,-5.837394393603595,-36.878510723928315
5106752,Pontes e Lacerda,510005,Pontes e Lacerda - Comodoro,5102,Cáceres,51,Mato Grosso,MT,5,Centro-oeste,CO,,,8545.292,-15.516822636766376,-59.45774230047199
1100452,Buritis,110002,Ariquemes,1101,Porto Velho,11,Rondônia,RO,1,Norte,N,,,3265.811,-10.052115284192217,-63.9411627382061
2200251,Alagoinha do Piauí,220009,Picos,2203,Picos,22,Piauí,PI,2,Nordeste,NE,,,535.89,-6.9293425827094755,-40.91974293548304
4318622,São José dos Ausentes,430039,Vacaria,4307,Caxias do Sul,43,Rio Grande do Sul,RS,4,Sul,S,,,1173.047,-28.648463086464158,-49.96157716488224
3512605,Coronel Macedo,350007,Avaré,3502,Sorocaba,35,São Paulo,SP,3,Sudeste,SE,,,303.83,-23.630119992461676,-49.30686245232118
4310439,Ipê,430036,Caxias do Sul,4307,Caxias do Sul,43,Rio Grande do Sul,RS,4,Sul,S,,,599.032,-28.71732859342989,-51.29925038910773
4204301,Concórdia,420010,Concórdia,4204,Chapecó,42,Santa Catarina,SC,4,Sul,S,,,799.195,-27.239126529279478,-52.00738183473523
3545308,Salto de Pirapora,350003,Sorocaba,3502,Sorocaba,35,São Paulo,SP,3,Sudeste,SE,3552205,Sorocaba/SP,280.412,-23.652768698057827,-47.58063723923364
5205521,Colinas do Sul,520017,Uruaçu - Niquelândia,5205,Porangatu - Uruaçu,52,Goiás,GO,5,Centro-oeste,CO,,,1707.52,-13.984912826967557,-48.07535958067068
3129301,Iapu,310024,Ipatinga,3105,Ipatinga,31,Minas Gerais,MG,3,Sudeste,SE,,,340.994,-19.34713903963644,-42.242765788720234
4318614,São José do Sul,430007,Montenegro,4301,Porto Alegre,43,Rio Grande do Sul,RS,4,Sul,S,,,54.764,-29.547990642090156,-51.48606211678619
2916500,Itapicuru,290002,Alagoinhas,2901,Salvador,29,Bahia,BA,2,Nordeste,NE,,,1557.688,-11.192021231301974,-38.19422552982491
2111508,São Mateus do Maranhão,210010,Bacabal,2102,Santa Inês - Bacabal,21,Maranhão,MA,2,Nordeste,NE,,,800.045,-3.9902126050190883,-44.52765929197806
3137601,Lagoa Santa,310001,Belo Horizonte,3101,Belo Horizonte,31,Minas Gerais,MG,3,Sudeste,SE,3106200,Belo Horizonte/MG,229.741,-19.62850323202132,-43.88582698466222
4122404,Rolândia,410021,Londrina,4105,Londrina,41,Paraná,PR,4,Sul,S,,,456.228,-23.27140655473513,-51.4092459487579
5205513,Cocalzinho de Goiás,520020,Águas Lindas de Goiás,5206,Luziânia - Águas Lindas de Goiás,52,Goiás,GO,5,Centro-oeste,CO,,,1785.339,-15.655766005712174,-48.60236041228063
3170305,Umburatiba,310019,Águas Formosas,3103,Teófilo Otoni,31,Minas Gerais,MG,3,Sudeste,SE,,,405.834,-17.272386598341303,-40.66690717080622
3202454,Ibatiba,320008,Alegre,3204,Cachoeiro do Itapemirim,32,Espírito Santo,ES,3,Sudeste,SE,,,240.278,-20.2507308507128,-41.55016837667493
4318606,São José do Ouro,430033,Lagoa Vermelha,4306,Passo Fundo,43,Rio Grande do Sul,RS,4,Sul,S,,,335.215,-27.772354797226516,-51.56029961496128
5212907,Marzagão,520008,Caldas Novas-Morrinhos,5202,Itumbiara,52,Goiás,GO,5,Centro-oeste,CO,,,225.518,-17.98619265936277,-48.6883956032192
4302253,Boa Vista do Sul,430037,Bento Gonçalves,4307,Caxias do Sul,43,Rio Grande do Sul,RS,4,Sul,S,,,93.108,-29.350854771762375,-51.67129290330936
3528809,Maracaí,350014,Assis,3504,Marília,35,São Paulo,SP,3,Sudeste,SE,,,533.498,-22.652273466313346,-50.74543111909211
2703908,Jundiá,270002,Porto Calvo - São Luís do Quitunde,2701,Maceió,27,Alagoas,AL,2,Nordeste,NE,,,88.772,-8.962340989447469,-35.53670087383811
2609402,Moreno,260001,Recife,2601,Recife,26,Pernambuco,PE,2,Nordeste,NE,2611606,Recife/PE,194.197,-8.144041521917101,-35.14629532742896
5221080,Teresina de Goiás,520022,Flores de Goiás,5206,Luziânia - Águas Lindas de Goiás,52,Goiás,GO,5,Centro-oeste,CO,,,784.793,-13.680463310644816,-47.23763100673276
2208403,Piripiri,220007,Piripiri,2202,Parnaíba,22,Piauí,PI,2,Nordeste,NE,,,1406.925,-4.330948943792967,-41.771307388811785
4204152,Celso Ramos,420008,Joaçaba - Herval d'Oeste,4204,Chapecó,42,Santa Catarina,SC,4,Sul,S,,,208.391,-27.65196888932541,-51.308241484480604
2908309,Conceição do Almeida,290004,Cruz das Almas,2902,Santo Antônio de Jesus,29,Bahia,BA,2,Nordeste,NE,,,284.837,-12.859901641141262,-39.245601122238504
4317954,Santo Expedito do Sul,430032,Tapejara - Sananduva,4306,Passo Fundo,43,Rio Grande do Sul,RS,4,Sul,S,,,125.334,-27.922725840208134,-51.66145167676442
3300159,Aperibé,330012,Santo Antônio de Pádua,3304,Campos dos Goytacazes,33,Rio de Janeiro,RJ,3,Sudeste,SE,,,94.542,-21.652291968793573,-42.13466555795364
3545407,Salto Grande,350015,Ourinhos,3504,Marília,35,São Paulo,SP,3,Sudeste,SE,,,188.441,-22.870879654817774,-49.96076063798801
3121100,Delfim Moreira,310052,Itajubá,3109,Pouso Alegre,31,Minas Gerais,MG,3,Sudeste,SE,,,408.473,-22.50707250049352,-45.28780186506288
4310413,Inhacorá,430018,Ijuí,4305,Ijuí,43,Rio Grande do Sul,RS,4,Sul,S,,,113.703,-27.90250187013147,-54.03053097561466
4302238,Boa Vista do Incra,430027,Cruz Alta,4306,Passo Fundo,43,Rio Grande do Sul,RS,4,Sul,S,,,504.114,-28.86524006261819,-53.461501785147895
2511004,Pedra Branca,250010,Itaporanga,2503,Patos,25,Paraíba,PB,2,Nordeste,NE,,,116.873,-7.458595319367478,-38.080811128692176
2103307,Codó,210015,Codó,2103,Caxias,21,Maranhão,MA,2,Nordeste,NE,2103307,Codó,4361.6,-4.607251725664446,-43.8860090378038
3129400,Ibertioga,310037,Barbacena,3107,Barbacena,31,Minas Gerais,MG,3,Sudeste,SE,,,346.24,-21.449687966069693,-43.95901105796151
4114203,Mandaguari,410014,Maringá,4104,Maringá,41,Paraná,PR,4,Sul,S,,,335.912,-23.481866664505553,-51.706729334728635
2916856,Itatim,290004,Cruz das Almas,2902,Santo Antônio de Jesus,29,Bahia,BA,2,Nordeste,NE,,,547.509,-12.712839882535992,-39.734692346688036
3162104,São Gotardo,310062,Patos de Minas,3112,Patos de Minas,31,Minas Gerais,MG,3,Sudeste,SE,,,866.087,-19.359919619287844,-45.99948419048942
5106703,Ponte Branca,510013,Barra do Garças,5104,Barra do Garças,51,Mato Grosso,MT,5,Centro-oeste,CO,,,701.138,-16.658949981560756,-52.936574854654395
3520608,Indiana,350018,Presidente Prudente,3505,Presidente Prudente,35,São Paulo,SP,3,Sudeste,SE,3541406,Presidente Prudente/SP,129.019,-22.133052961776865,-51.262686302912044
1501402,Belém,150001,Belém,1501,Belém,15,Pará,PA,1,Norte,N,1501402,Belém/PA,1059.458,-1.2407174672567631,-48.45991115232932
2601201,Arcoverde,260011,Arcoverde,2602,Caruaru,26,Pernambuco,PE,2,Nordeste,NE,,,343.923,-8.383889082368697,-37.005547736429776
4212304,Paulo Lopes,420001,Florianópolis,4201,Florianópolis,42,Santa Catarina,SC,4,Sul,S,4205407,Florianópolis/SC,446.165,-27.964877321746673,-48.76033311426212
2103174,Centro Novo do Maranhão,210011,Governador Nunes Freire,2102,Santa Inês - Bacabal,21,Maranhão,MA,2,Nordeste,NE,,,8401.002,-3.070709896302679,-46.533633762787034
4302220,Boa Vista do Cadeado,430027,Cruz Alta,4306,Passo Fundo,43,Rio Grande do Sul,RS,4,Sul,S,,,701.221,-28.656086080561952,-53.83759965342979
2900108,Abaíra,290013,Brumado,2904,Vitória da Conquista,29,Bahia,BA,2,Nordeste,NE,,,538.679,-13.296568828850026,-41.74289379344871
4309753,Ibarama,430042,Sobradinho,4308,Santa Cruz do Sul - Lajeado,43,Rio Grande do Sul,RS,4,Sul,S,,,195.426,-29.4182602886508,-53.16614471524414
5001102,Aquidauana,500012,Aquidauana - Anastácio,5003,Corumbá,50,Mato Grosso do Sul,MS,5,Centro-oeste,CO,,,17087.976,-19.746269076077887,-55.87695623713979
3121209,Delfinópolis,310041,Passos,3108,Varginha,31,Minas Gerais,MG,3,Sudeste,SE,,,1378.423,-20.3567180098726,-46.772782054169696
3145604,Oliveira,310069,Oliveira,3113,Divinópolis,31,Minas Gerais,MG,3,Sudeste,SE,,,897.294,-20.749808448651557,-44.73597585561713
2200202,Água Branca,220002,Amarante - Água Branca - Regeneração,2201,Teresina,22,Piauí,PI,2,Nordeste,NE,,,96.843,-5.914075072484084,-42.62811981902753
2502805,Brejo do Cruz,250011,Catolé do Rocha - São Bento,2503,Patos,25,Paraíba,PB,2,Nordeste,NE,,,401.315,-6.329716140403667,-37.49700409632724
2103158,Centro do Guilherme,210011,Governador Nunes Freire,2102,Santa Inês - Bacabal,21,Maranhão,MA,2,Nordeste,NE,,,1134.646,-2.432531317795914,-46.12044345138277
3153905,Raposos,310001,Belo Horizonte,3101,Belo Horizonte,31,Minas Gerais,MG,3,Sudeste,SE,3106200,Belo Horizonte/MG,72.228,-19.9809310657447,-43.78315959114142
3512407,Cordeirópolis,350042,Limeira,3510,Campinas,35,São Paulo,SP,3,Sudeste,SE,,,137.678,-22.479464324769562,-47.41467544285805
4106001,Congonhinhas,410024,Cornélio Procópio - Bandeirantes,4105,Londrina,41,Paraná,PR,4,Sul,S,,,535.963,-23.60570627032404,-50.50387165316881
4204103,Caxambu do Sul,420007,Chapecó,4204,Chapecó,42,Santa Catarina,SC,4,Sul,S,,,140.873,-27.146711206877782,-52.92021077023543
1501501,Benevides,150001,Belém,1501,Belém,15,Pará,PA,1,Norte,N,1501402,Belém/PA,187.826,-1.3396176037326102,-48.27562031585284
3520707,Indiaporã,350029,Fernandópolis,3507,São José do Rio Preto,35,São Paulo,SP,3,Sudeste,SE,,,279.606,-19.94792610946269,-50.26366970281168
4212403,Pedras Grandes,420003,Tubarão,4202,Criciúma,42,Santa Catarina,SC,4,Sul,S,,,159.892,-28.47942091435243,-49.20447504404695
2307650,Maracanaú,230001,Fortaleza,2301,Fortaleza,23,Ceará,CE,2,Nordeste,NE,2304400,Fortaleza/CE,105.084,-3.8745367242454454,-38.62713250965562
4317905,Santo Cristo,430019,Santa Rosa,4305,Ijuí,43,Rio Grande do Sul,RS,4,Sul,S,,,367.069,-27.798336750507602,-54.71100428434468
4301552,Áurea,430026,Erechim,4306,Passo Fundo,43,Rio Grande do Sul,RS,4,Sul,S,,,156.727,-27.70849928658429,-52.076454007376206
3137403,Lagoa Dourada,310039,São João del Rei,3107,Barbacena,31,Minas Gerais,MG,3,Sudeste,SE,,,476.693,-20.892253727510894,-44.07468088180155
2307635,Madalena,230004,Canindé,2301,Fortaleza,23,Ceará,CE,2,Nordeste,NE,,,998.195,-4.857885093492468,-39.509034810801374
3104452,Aricanduva,310014,Capelinha,3103,Teófilo Otoni,31,Minas Gerais,MG,3,Sudeste,SE,,,243.329,-17.881103725262225,-42.60556237104325
2916807,Itarantim,290015,Itapetinga,2904,Vitória da Conquista,29,Bahia,BA,2,Nordeste,NE,,,1674.03,-15.697737630837164,-40.049147251760594
4122206,Rio Branco do Sul,410001,Curitiba,4101,Curitiba,41,Paraná,PR,4,Sul,S,4106902,Curitiba/PR,820.071,-25.078314431599463,-49.3458647958498
3553401,Tanabi,350025,São José do Rio Preto,3507,São José do Rio Preto,35,São Paulo,SP,3,Sudeste,SE,,,747.218,-20.53123544992444,-49.64647369055815
2103125,Central do Maranhão,210008,Cururupu,2101,São Luís,21,Maranhão,MA,2,Nordeste,NE,,,319.538,-2.2548766616349334,-44.85793307601652
2412708,São Pedro,240006,São Paulo do Potengi,2401,Natal,24,Rio Grande do Norte,RN,2,Nordeste,NE,,,195.237,-5.89256062361838,-35.630332719892
5212956,Matrinchã,520005,Goiás - Itapuranga,5201,Goiânia,52,Goiás,GO,5,Centro-oeste,CO,,,1150.502,-15.377604844333293,-50.77442823639372
4309704,Humaitá,430021,Três Passos,4305,Ijuí,43,Rio Grande do Sul,RS,4,Sul,S,,,135.01,-27.574209838469574,-53.97989546032257
2703700,Jaramataia,270007,Arapiraca,2702,Arapiraca,27,Alagoas,AL,2,Nordeste,NE,,,105.416,-9.657897136472602,-36.99376169663014
3528858,Marapoama,350026,Catanduva,3507,São José do Rio Preto,35,São Paulo,SP,3,Sudeste,SE,3511102,Catanduva/SP,111.267,-21.25551050387804,-49.13776029264568
3512506,Coroados,350023,Birigui - Penápolis,3506,Araçatuba,35,São Paulo,SP,3,Sudeste,SE,3506508,Birigui/SP,246.826,-21.37560628251141,-50.30340341111673
4204202,Chapecó,420007,Chapecó,4204,Chapecó,42,Santa Catarina,SC,4,Sul,S,4204202,Chapecó/SC,624.673,-27.125150421054524,-52.6504140478658
3545209,Salto,350003,Sorocaba,3502,Sorocaba,35,São Paulo,SP,3,Sudeste,SE,3523909,Itu - Salto/SP,133.057,-23.180475095662487,-47.30260035112837
3112604,Capinópolis,310060,Ituiutaba,3111,Uberlândia,31,Minas Gerais,MG,3,Sudeste,SE,,,620.716,-18.687228671825903,-49.58158882491794
4318002,São Borja,430017,São Borja,4304,Uruguaiana,43,Rio Grande do Sul,RS,4,Sul,S,,,3616.674,-28.746686936781057,-55.79657719300492
3537404,Pereira Barreto,350024,Andradina,3506,Araçatuba,35,São Paulo,SP,3,Sudeste,SE,,,974.248,-20.67774741630169,-51.10647295907852
3129202,Heliodora,310050,Pouso Alegre,3109,Pouso Alegre,31,Minas Gerais,MG,3,Sudeste,SE,,,153.95,-22.04913055053605,-45.540645507880136
4114005,Mamborê,410015,Campo Mourão,4104,Maringá,41,Paraná,PR,4,Sul,S,,,787.33,-24.36125373407742,-52.58917155693893
2111409,São Luís Gonzaga do Maranhão,210010,Bacabal,2102,Santa Inês - Bacabal,21,Maranhão,MA,2,Nordeste,NE,,,909.164,-4.377375127040543,-44.62313710232501
4204194,Chapadão do Lageado,420024,Ituporanga,4207,Blumenau,42,Santa Catarina,SC,4,Sul,S,,,124.866,-27.582726612429912,-49.55638349962387
4122305,Rio Negro,410001,Curitiba,4101,Curitiba,41,Paraná,PR,4,Sul,S,,,604.477,-26.094734569990454,-49.68355814614735
5106505,Poconé,510001,Cuiabá,5101,Cuiabá,51,Mato Grosso,MT,5,Centro-oeste,CO,,,17013.707,-16.790921448420242,-56.94777664432635
1501451,Belterra,150015,Santarém,1505,Santarém,15,Pará,PA,1,Norte,N,,,4398.419,-3.191127441011568,-54.992849710755785
2404507,Guamaré,240011,Assú,2403,Mossoró,24,Rio Grande do Norte,RN,2,Nordeste,NE,,,258.307,-5.174761286169715,-36.343949090858736
2916906,Itiruçu,290012,Jequié,2904,Vitória da Conquista,29,Bahia,BA,2,Nordeste,NE,,,322.243,-13.48764125233102,-40.15303740538479
2307601,Limoeiro do Norte,230007,Russas - Limoeiro do Norte,2302,Quixadá,23,Ceará,CE,2,Nordeste,NE,,,794.688,-5.150233221795108,-38.05616780837536
4301636,Balneário Pinhal,430003,Tramandaí - Osório,4301,Porto Alegre,43,Rio Grande do Sul,RS,4,Sul,S,,,102.387,-30.211228893360747,-50.29376343625235
2703809,Joaquim Gomes,270001,Maceió,2701,Maceió,27,Alagoas,AL,2,Nordeste,NE,,,300.865,-9.078854131543334,-35.77780620901839
5205406,Ceres,520018,Ceres - Rialma - Goianésia,5205,Porangatu - Uruaçu,52,Goiás,GO,5,Centro-oeste,CO,,,213.07,-15.276343673261326,-49.636660524858634
4309803,Ibiaçá,430032,Tapejara - Sananduva,4306,Passo Fundo,43,Rio Grande do Sul,RS,4,Sul,S,,,348.778,-28.102109862418228,-51.78752373590556
4204178,Cerro Negro,420005,Lages,4203,Lages,42,Santa Catarina,SC,4,Sul,S,,,418.544,-27.776354677886474,-50.93193513798043
3104403,Argirita,310032,Cataguases,3106,Juíz de Fora,31,Minas Gerais,MG,3,Sudeste,SE,,,159.378,-21.6353177500673,-42.83259046233051
2208809,Regeneração,220002,Amarante - Água Branca - Regeneração,2201,Teresina,22,Piauí,PI,2,Nordeste,NE,,,1247.509,-6.352016033040274,-42.49097896401599
3529203,Martinópolis,350018,Presidente Prudente,3505,Presidente Prudente,35,São Paulo,SP,3,Sudeste,SE,,,1251.492,-22.172658590918136,-51.12391146145791
3121001,Datas,310016,Diamantina,3103,Teófilo Otoni,31,Minas Gerais,MG,3,Sudeste,SE,,,310.099,-18.47111500055819,-43.647668209744836
4105805,Colombo,410001,Curitiba,4101,Curitiba,41,Paraná,PR,4,Sul,S,4106902,Curitiba/PR,197.369,-25.306275071176977,-49.18816343606438
2103208,Chapadinha,210003,Chapadinha,2101,São Luís,21,Maranhão,MA,2,Nordeste,NE,,,3248.774,-3.848576301830464,-43.45382625487768
1501303,Barcarena,150001,Belém,1501,Belém,15,Pará,PA,1,Norte,N,,,1310.338,-1.498618007666508,-48.634230947298796
4114104,Mandaguaçu,410014,Maringá,4104,Maringá,41,Paraná,PR,4,Sul,S,4115200,Maringá/PR,293.792,-23.278773786930216,-52.05596184204683
2908705,Condeúba,290011,Vitória da Conquista,2904,Vitória da Conquista,29,Bahia,BA,2,Nordeste,NE,,,1348.039,-14.921493880826903,-42.05108284021925
3201803,Divino de São Lourenço,320008,Alegre,3204,Cachoeiro do Itapemirim,32,Espírito Santo,ES,3,Sudeste,SE,,,174.039,-20.586796240766535,-41.724462155695775
2511400,Picuí,250006,Cuité - Nova Floresta,2502,Campina Grande,25,Paraíba,PB,2,Nordeste,NE,,,667.714,-6.493063689236799,-36.337071254282066
3545159,Saltinho,350040,Piracicaba,3510,Campinas,35,São Paulo,SP,3,Sudeste,SE,3538709,Piracicaba/SP,99.924,-22.870652967469788,-47.73152482188682
1100809,Candeias do Jamari,110001,Porto Velho,1101,Porto Velho,11,Rondônia,RO,1,Norte,N,1100205,Porto Velho/RO,6843.666,-8.886996929564411,-63.32560989151334
2200608,Angical do Piauí,220002,Amarante - Água Branca - Regeneração,2201,Teresina,22,Piauí,PI,2,Nordeste,NE,,,222.023,-6.106941619021346,-42.750389445137294
1717909,Ponte Alta do Tocantins,170002,Porto Nacional,1701,Palmas,17,Tocantins,TO,1,Norte,N,,,6542.838,-10.74950693292491,-47.32455913042626
4301602,Bagé,430010,Bagé,4302,Pelotas,43,Rio Grande do Sul,RS,4,Sul,S,4301602,Bagé/RS,4091.554,-31.23638789702965,-54.0164502195756
2404853,Itajá,240011,Assú,2403,Mossoró,24,Rio Grande do Norte,RN,2,Nordeste,NE,,,203.624,-5.689978483301661,-36.808030923579935
3504404,Avanhandava,350023,Birigui - Penápolis,3506,Araçatuba,35,São Paulo,SP,3,Sudeste,SE,,,338.37,-21.460541236573224,-49.94735220811298
4212700,Petrolândia,420024,Ituporanga,4207,Blumenau,42,Santa Catarina,SC,4,Sul,S,,,306.76,-27.545740749289138,-49.68272427201681
4105904,Colorado,410019,Paranacity - Colorado,4104,Maringá,41,Paraná,PR,4,Sul,S,,,408.533,-22.836077437158917,-51.971645842921575
3521002,Iperó,350003,Sorocaba,3502,Sorocaba,35,São Paulo,SP,3,Sudeste,SE,,,170.289,-23.404481461872564,-47.62910587717838
2703759,Jequiá da Praia,270004,São Miguel dos Campos,2701,Maceió,27,Alagoas,AL,2,Nordeste,NE,,,334.619,-9.921510699920569,-36.09728294215846
2900504,Érico Cardoso,290013,Brumado,2904,Vitória da Conquista,29,Bahia,BA,2,Nordeste,NE,,,735.249,-13.400214742375299,-42.067320840860916
2503209,Cabedelo,250001,João Pessoa,2501,João Pessoa,25,Paraíba,PB,2,Nordeste,NE,2507507,João Pessoa/PB,29.873,-7.035913956544237,-34.84502991113629
2110708,São Domingos do Maranhão,210016,Presidente Dutra,2104,Presidente Dutra,21,Maranhão,MA,2,Nordeste,NE,,,1151.978,-5.638220426891445,-44.336556370085
4317806,Santo Augusto,430018,Ijuí,4305,Ijuí,43,Rio Grande do Sul,RS,4,Sul,S,,,467.775,-27.90308089361084,-53.755815082234434
4204509,Corupá,420016,Joinville,4206,Joinville,42,Santa Catarina,SC,4,Sul,S,4208906,Jaraguá do Sul/SC,405.761,-26.439933806764067,-49.32671148006809
2932002,Uauá,290022,Juazeiro,2908,Juazeiro,29,Bahia,BA,2,Nordeste,NE,,,3060.865,-9.906227833194402,-39.462192728089285
2413003,São Vicente,240008,Currais Novos,2402,Caicó,24,Rio Grande do Norte,RN,2,Nordeste,NE,,,197.817,-6.2076804391105185,-36.659816481966345
3512803,Cosmópolis,350038,Campinas,3510,Campinas,35,São Paulo,SP,3,Sudeste,SE,3509502,Campinas/SP,151.645,-22.65240321962229,-47.18727322987519
5204706,Campinorte,520017,Uruaçu - Niquelândia,5205,Porangatu - Uruaçu,52,Goiás,GO,5,Centro-oeste,CO,,,1064.527,-14.045215388413373,-48.974537341209476
1701903,Araguacema,170003,Paraíso do Tocantins,1701,Palmas,17,Tocantins,TO,1,Norte,N,,,2774.505,-8.939098764526555,-49.50553998874482
2916708,Itaquara,290012,Jequié,2904,Vitória da Conquista,29,Bahia,BA,2,Nordeste,NE,,,344.093,-13.448891421738617,-39.89845797978251
2703106,Igaci,270008,Palmeira dos Índios,2702,Arapiraca,27,Alagoas,AL,2,Nordeste,NE,,,334.342,-9.54337017297372,-36.681979982717245
2307403,Jucás,230009,Iguatu,2303,Iguatu,23,Ceará,CE,2,Nordeste,NE,,,940.336,-6.45801627289268,-39.60725838848099
2900355,Adustina,290027,Cícero Dantas,2909,Paulo Afonso,29,Bahia,BA,2,Nordeste,NE,,,629.1,-10.562272030578022,-38.037636853110584
2601052,Araçoiaba,260001,Recife,2601,Recife,26,Pernambuco,PE,2,Nordeste,NE,2611606,Recife/PE,96.36,-7.79323411719153,-35.07612416599292
2102507,Cajari,210005,Viana,2101,São Luís,21,Maranhão,MA,2,Nordeste,NE,,,662.066,-3.3906363203151546,-45.05272628605056
2923803,Paripiranga,290027,Cícero Dantas,2909,Paulo Afonso,29,Bahia,BA,2,Nordeste,NE,,,442.186,-10.61427371936637,-37.899160653180914
4309605,Horizontina,430023,Três de Maio,4305,Ijuí,43,Rio Grande do Sul,RS,4,Sul,S,,,229.798,-27.590252718565875,-54.29867171472672
5105903,Nobres,510001,Cuiabá,5101,Cuiabá,51,Mato Grosso,MT,5,Centro-oeste,CO,,,3908.739,-14.376970636350434,-55.812479013122314
4122602,Rondon,410018,Cianorte,4104,Maringá,41,Paraná,PR,4,Sul,S,,,557.257,-23.47748449228737,-52.80460709774684
4204608,Criciúma,420002,Criciúma,4202,Criciúma,42,Santa Catarina,SC,4,Sul,S,4204608,Criciúma/SC,234.794,-28.715708638673313,-49.37971767337706
2908507,Conceição do Jacuípe,290029,Feira de Santana,2910,Feira de Santana,29,Bahia,BA,2,Nordeste,NE,,,114.869,-12.337192500984582,-38.742185708416265
5204805,Campo Alegre de Goiás,520004,Catalão,5201,Goiânia,52,Goiás,GO,5,Centro-oeste,CO,,,2450.111,-17.551005388672195,-47.7682285414228
2208601,Prata do Piauí,220002,Amarante - Água Branca - Regeneração,2201,Teresina,22,Piauí,PI,2,Nordeste,NE,,,196.786,-5.725259105475263,-42.166618006559204
3113008,Caraí,310013,Teófilo Otoni,3103,Teófilo Otoni,31,Minas Gerais,MG,3,Sudeste,SE,,,1242.345,-17.173580611948967,-41.58352186100907
2413102,Senador Elói de Souza,240006,São Paulo do Potengi,2401,Natal,24,Rio Grande do Norte,RN,2,Nordeste,NE,,,143.574,-6.039889670101184,-35.67990043802546
3512902,Cosmorama,350027,Votuporanga,3507,São José do Rio Preto,35,São Paulo,SP,3,Sudeste,SE,,,441.68,-20.44252896211699,-49.7746218094522
5221007,Taquaral de Goiás,520003,Inhumas - Itaberaí - Anicuns,5201,Goiânia,52,Goiás,GO,5,Centro-oeste,CO,,,205.665,-16.045535089066842,-49.59386870967028
3545605,Santa Adélia,350026,Catanduva,3507,São José do Rio Preto,35,São Paulo,SP,3,Sudeste,SE,,,330.269,-21.317790377391542,-48.81901980155567
2307502,Lavras da Mangabeira,230011,Juazeiro do Norte,2304,Juazeiro do Norte,23,Ceará,CE,2,Nordeste,NE,,,945.263,-6.777985433632662,-38.99455821921294
2511202,Pedras de Fogo,250001,João Pessoa,2501,João Pessoa,25,Paraíba,PB,2,Nordeste,NE,,,406.729,-7.336155059436379,-35.07455104240553
4301404,Arvorezinha,430031,Soledade,4306,Passo Fundo,43,Rio Grande do Sul,RS,4,Sul,S,,,269.31,-28.863951957600843,-52.187053895842915
4114401,Mangueirinha,410010,Pato Branco,4103,Cascavel,41,Paraná,PR,4,Sul,S,,,1058.357,-26.032639796627418,-52.20887219031858
2802205,Feira Nova,280006,Nossa Senhora da Glória,2802,Itabaiana,28,Sergipe,SE,2,Nordeste,NE,,,194.187,-10.27972250103445,-37.32778745863173
2404903,Itaú,240009,Mossoró,2403,Mossoró,24,Rio Grande do Norte,RN,2,Nordeste,NE,,,133.031,-5.818459495631517,-37.916503011926594
3504206,Auriflama,350022,Araçatuba,3506,Araçatuba,35,São Paulo,SP,3,Sudeste,SE,,,434.117,-20.643835245927594,-50.57996468931953
2200400,Altos,220001,Teresina,2201,Teresina,22,Piauí,PI,2,Nordeste,NE,,,957.226,-5.0148033762424395,-42.469715216693636
3104809,Augusto de Lima,310004,Curvelo,3101,Belo Horizonte,31,Minas Gerais,MG,3,Sudeste,SE,,,1254.832,-18.108839663966712,-44.198057323966474
2208700,Redenção do Gurguéia,220016,Bom Jesus,2205,Corrente - Bom Jesus,22,Piauí,PI,2,Nordeste,NE,,,2470.575,-9.524389222441506,-44.454891343057795
2609303,Mirandiba,260013,Serra Talhada,2603,Serra Talhada,26,Pernambuco,PE,2,Nordeste,NE,,,821.676,-8.157508347234929,-38.73606324429292
2900306,Acajutiba,290002,Alagoinhas,2901,Salvador,29,Bahia,BA,2,Nordeste,NE,,,181.475,-11.663171774813861,-38.00053100672679
3144904,Nova Módica,310013,Teófilo Otoni,3103,Teófilo Otoni,31,Minas Gerais,MG,3,Sudeste,SE,,,375.973,-18.45255971767234,-41.52240859632261
4106209,Contenda,410001,Curitiba,4101,Curitiba,41,Paraná,PR,4,Sul,S,4106902,Curitiba/PR,296.488,-25.719526752329344,-49.52524308773477
2908606,Conde,290002,Alagoinhas,2901,Salvador,29,Bahia,BA,2,Nordeste,NE,,,931.106,-11.827736477969221,-37.67759526208998
3170206,Uberlândia,310059,Uberlândia,3111,Uberlândia,31,Minas Gerais,MG,3,Sudeste,SE,3170206,Uberlândia,4115.206,-19.027771476731974,-48.33173702297073
5212808,Mara Rosa,520017,Uruaçu - Niquelândia,5205,Porangatu - Uruaçu,52,Goiás,GO,5,Centro-oeste,CO,,,1695.463,-13.997030757161431,-49.39443968292973
2503001,Caaporã,250001,João Pessoa,2501,João Pessoa,25,Paraíba,PB,2,Nordeste,NE,,,151.018,-7.486769248954159,-34.918939694091776
2931806,Tremedal,290011,Vitória da Conquista,2904,Vitória da Conquista,29,Bahia,BA,2,Nordeste,NE,,,2017.644,-15.053382573944042,-41.47249989191703
3201704,Conceição do Castelo,320002,Afonso Cláudio - Venda Nova do Imigrante - Santa Maria de Jetibá,3201,Vitória,32,Espírito Santo,ES,3,Sudeste,SE,,,369.778,-20.370851620207077,-41.26590753237618
2511301,Piancó,250010,Itaporanga,2503,Patos,25,Paraíba,PB,2,Nordeste,NE,,,576.986,-7.201296647548363,-37.94218781884514
4301503,Augusto Pestana,430018,Ijuí,4305,Ijuí,43,Rio Grande do Sul,RS,4,Sul,S,,,348.219,-28.53386899566418,-54.00728360677505
4114500,Manoel Ribas,410025,Ivaiporã,4105,Londrina,41,Paraná,PR,4,Sul,S,,,571.451,-24.488985176324253,-51.64060443372472
2200509,Amarante,220002,Amarante - Água Branca - Regeneração,2201,Teresina,22,Piauí,PI,2,Nordeste,NE,,,1180.193,-6.373707098596842,-42.78408069504367
1600055,Serra do Navio,160004,Porto Grande,1602,Oiapoque - Porto Grande,16,Amapá,AP,1,Norte,N,,,7713.046,1.6517476502152821,-52.268138799499546
4204558,Correia Pinto,420005,Lages,4203,Lages,42,Santa Catarina,SC,4,Sul,S,,,647.388,-27.596829767278233,-50.37809603153325
3504305,Avaí,350009,Bauru,3503,Bauru,35,São Paulo,SP,3,Sudeste,SE,,,540.689,-22.187185933083594,-49.316211755266906
4212601,Peritiba,420010,Concórdia,4204,Chapecó,42,Santa Catarina,SC,4,Sul,S,,,95.632,-27.351395034360923,-51.875368707415625
1100700,Campo Novo de Rondônia,110002,Ariquemes,1101,Porto Velho,11,Rondônia,RO,1,Norte,N,,,3442.005,-10.484933974020684,-63.799716472589076
3300308,Barra do Piraí,330004,Volta Redonda - Barra Mansa,3302,Volta Redonda - Barra Mansa,33,Rio de Janeiro,RJ,3,Sudeste,SE,,,584.61,-22.42566198024397,-43.91295870486384
2900405,Água Fria,290029,Feira de Santana,2910,Feira de Santana,29,Bahia,BA,2,Nordeste,NE,,,742.775,-11.8231783950466,-38.71046602878193
3162005,São Gonçalo do Sapucaí,310040,Varginha,3108,Varginha,31,Minas Gerais,MG,3,Sudeste,SE,,,516.683,-21.911010625956013,-45.594350181678514
1718303,Praia Norte,170009,Araguatins,1702,Araguaína,17,Tocantins,TO,1,Norte,N,,,300.999,-5.4748391756416686,-47.7819323135215
4106308,Corbélia,410006,Cascavel,4103,Cascavel,41,Paraná,PR,4,Sul,S,,,527.607,-24.742420845712623,-53.23722995145311
3553856,Taquarivaí,350004,Itapeva,3502,Sorocaba,35,São Paulo,SP,3,Sudeste,SE,,,231.792,-23.943302761204322,-48.687934563929645
2923605,Paramirim,290013,Brumado,2904,Vitória da Conquista,29,Bahia,BA,2,Nordeste,NE,,,1087.067,-13.519656446428678,-42.240359416833456
2601102,Araripina,260016,Araripina,2604,Petrolina,26,Pernambuco,PE,2,Nordeste,NE,,,2037.394,-7.607948425132252,-40.48480409439822
3145000,Nova Ponte,310055,Uberaba,3110,Uberaba,31,Minas Gerais,MG,3,Sudeste,SE,,,1111.011,-19.26120291923076,-47.7068743143098
4122651,Rosário do Ivaí,410025,Ivaiporã,4105,Londrina,41,Paraná,PR,4,Sul,S,,,377.625,-24.31634134365582,-51.203139623412376
2503100,Cabaceiras,250005,Campina Grande,2502,Campina Grande,25,Paraíba,PB,2,Nordeste,NE,,,469.171,-7.451007398896033,-36.29889607852776
2931905,Tucano,290025,Ribeira do Pombal,2909,Paulo Afonso,29,Bahia,BA,2,Nordeste,NE,,,2198.237,-11.034983202933788,-38.81148250762062
2102556,Campestre do Maranhão,210019,Imperatriz,2105,Imperatriz,21,Maranhão,MA,2,Nordeste,NE,,,613.529,-6.17619837026693,-47.263845931760045
5204607,Campestre de Goiás,520015,Palmeiras de Goiás,5204,São Luís de Montes Belos - Iporá,52,Goiás,GO,5,Centro-oeste,CO,,,272.734,-16.787968265460577,-49.69962494895435
2306801,Jaguaribara,230007,Russas - Limoeiro do Norte,2302,Quixadá,23,Ceará,CE,2,Nordeste,NE,,,622.963,-5.610998958859916,-38.525024266598905
4309654,Hulha Negra,430010,Bagé,4302,Pelotas,43,Rio Grande do Sul,RS,4,Sul,S,4301602,Bagé/RS,822.608,-31.44773339331034,-53.889476819925314
3512704,Corumbataí,350046,Rio Claro,3510,Campinas,35,São Paulo,SP,3,Sudeste,SE,,,278.622,-22.236405086008087,-47.61107635012401
2412906,São Tomé,240006,São Paulo do Potengi,2401,Natal,24,Rio Grande do Norte,RN,2,Nordeste,NE,,,862.585,-5.988201893227689,-36.12856982806448
4204400,Coronel Freitas,420007,Chapecó,4204,Chapecó,42,Santa Catarina,SC,4,Sul,S,,,232.47,-26.88286303434944,-52.72548678629388
1100031,Cabixi,110006,Vilhena,1102,Ji-Paraná,11,Rondônia,RO,1,Norte,N,,,1314.352,-13.47487855990133,-60.63980725063529
4318200,São Francisco de Paula,430036,Caxias do Sul,4307,Caxias do Sul,43,Rio Grande do Sul,RS,4,Sul,S,,,3317.825,-29.20228226510598,-50.556483236160034
3300407,Barra Mansa,330004,Volta Redonda - Barra Mansa,3302,Volta Redonda - Barra Mansa,33,Rio de Janeiro,RJ,3,Sudeste,SE,3306305,Volta Redonda - Barra Mansa/RJ,547.133,-22.5057827741852,-44.18830626200656
2208650,Queimada Nova,220010,Paulistana,2203,Picos,22,Piauí,PI,2,Nordeste,NE,,,1283.369,-8.516102619744485,-41.35102261220198
3153806,Queluzito,310038,Conselheiro Lafaiete,3107,Barbacena,31,Minas Gerais,MG,3,Sudeste,SE,3118304,Conselheiro Lafaiete/MG,153.56,-20.732107338298675,-43.890759273501565
3112802,Capitólio,310049,Piumhi,3108,Varginha,31,Minas Gerais,MG,3,Sudeste,SE,,,521.802,-20.612656866746274,-46.14419179607385
1100023,Ariquemes,110002,Ariquemes,1101,Porto Velho,11,Rondônia,RO,1,Norte,N,,,4426.127,-9.951880025155443,-62.957244633731534
2802007,Divina Pastora,280001,Aracaju,2801,Aracaju,28,Sergipe,SE,2,Nordeste,NE,2800308,Aracaju/SE,90.508,-10.675897635370882,-37.156622792158934
3136801,Juramento,310006,Montes Claros,3102,Montes Claros,31,Minas Gerais,MG,3,Sudeste,SE,,,431.63,-16.840116705927674,-43.564489078764055
2923704,Paratinga,290017,Bom Jesus da Lapa,2905,Guanambi,29,Bahia,BA,2,Nordeste,NE,,,2624.998,-12.69066926528095,-43.06449553783004
2200459,Alvorada do Gurguéia,220016,Bom Jesus,2205,Corrente - Bom Jesus,22,Piauí,PI,2,Nordeste,NE,,,2131.517,-8.456000208288033,-43.96836812763779
2907905,Cipó,290025,Ribeira do Pombal,2909,Paulo Afonso,29,Bahia,BA,2,Nordeste,NE,,,168.33,-11.107771360586746,-38.52309308574596
3169505,Tumiritinga,310020,Governador Valadares,3104,Governador Valadares,31,Minas Gerais,MG,3,Sudeste,SE,,,500.073,-19.015004113657014,-41.705497291400356
1100015,Alta Floresta D'Oeste,110005,Cacoal,1102,Ji-Paraná,11,Rondônia,RO,1,Norte,N,,,7067.127,-12.470132275516464,-62.27466099985421
2404705,Ipanguaçu,240011,Assú,2403,Mossoró,24,Rio Grande do Norte,RN,2,Nordeste,NE,,,374.245,-5.538200395079844,-36.802683977222905
4310009,Ibirubá,430027,Cruz Alta,4306,Passo Fundo,43,Rio Grande do Sul,RS,4,Sul,S,,,607.185,-28.594961808340077,-53.17233487850773
5000708,Anastácio,500012,Aquidauana - Anastácio,5003,Corumbá,50,Mato Grosso do Sul,MS,5,Centro-oeste,CO,,,2913.108,-20.69624927781106,-55.77206825529092
3553807,Taquarituba,350007,Avaré,3502,Sorocaba,35,São Paulo,SP,3,Sudeste,SE,,,448.515,-23.5301854527649,-49.234571897548506
3104601,Astolfo Dutra,310032,Cataguases,3106,Juíz de Fora,31,Minas Gerais,MG,3,Sudeste,SE,,,158.891,-21.315494069038188,-42.879319464537836
3112901,Caputira,310028,Manhuaçu,3106,Juíz de Fora,31,Minas Gerais,MG,3,Sudeste,SE,,,187.704,-20.176478850770945,-42.25230995473795
3128600,Guarda-Mor,310062,Patos de Minas,3112,Patos de Minas,31,Minas Gerais,MG,3,Sudeste,SE,,,2068.808,-17.73183086828609,-47.12615251531264
4114302,Mandirituba,410001,Curitiba,4101,Curitiba,41,Paraná,PR,4,Sul,S,4106902,Curitiba/PR,378.818,-25.842264664352566,-49.32221330386338
3161304,São Francisco de Sales,310058,Iturama,3110,Uberaba,31,Minas Gerais,MG,3,Sudeste,SE,,,1128.864,-19.79675183601969,-49.859426390069046
1501758,Brejo Grande do Araguaia,150009,Marabá,1503,Marabá,15,Pará,PA,1,Norte,N,,,1288.473,-5.73550591241119,-48.431888457585046
3169604,Tupaciguara,310059,Uberlândia,3111,Uberlândia,31,Minas Gerais,MG,3,Sudeste,SE,,,1822.53,-18.535010569864486,-48.7552870101166
3202009,Dores do Rio Preto,320008,Alegre,3204,Cachoeiro do Itapemirim,32,Espírito Santo,ES,3,Sudeste,SE,,,159.298,-20.63500759700507,-41.81211084241768
5204557,Caldazinha,520001,Goiânia,5201,Goiânia,52,Goiás,GO,5,Centro-oeste,CO,5208707,Goiânia/GO,251.72,-16.742390495491787,-48.97184611538686
2802106,Estância,280002,Estância,2801,Aracaju,28,Sergipe,SE,2,Nordeste,NE,,,647.344,-11.249506062291319,-37.397941908143025
2102374,Cachoeira Grande,210001,São Luís,2101,São Luís,21,Maranhão,MA,2,Nordeste,NE,,,707.236,-3.1200876724410223,-43.93093360971901
5221403,Trindade,520001,Goiânia,5201,Goiânia,52,Goiás,GO,5,Centro-oeste,CO,5208707,Goiânia/GO,712.69,-16.640181345499393,-49.54476412136429
2404804,Ipueira,240007,Caicó,2402,Caicó,24,Rio Grande do Norte,RN,2,Nordeste,NE,,,127.348,-6.774159999500512,-37.18635138338606
3537305,Penápolis,350023,Birigui - Penápolis,3506,Araçatuba,35,São Paulo,SP,3,Sudeste,SE,,,711.315,-21.405401283505597,-50.09569236759319
2207959,Nova Santa Rita,220014,São João do Piauí,2204,São Raimundo Nonato,22,Piauí,PI,2,Nordeste,NE,,,909.734,-8.11947940019879,-42.02370355542041
4301800,Barracão,430033,Lagoa Vermelha,4306,Passo Fundo,43,Rio Grande do Sul,RS,4,Sul,S,,,515.469,-27.723127567739553,-51.43863110603245
3120409,Cristiano Otoni,310038,Conselheiro Lafaiete,3107,Barbacena,31,Minas Gerais,MG,3,Sudeste,SE,,,132.872,-20.83549154641131,-43.82689381647918
3144805,Nova Lima,310001,Belo Horizonte,3101,Belo Horizonte,31,Minas Gerais,MG,3,Sudeste,SE,3106200,Belo Horizonte/MG,430.115,-20.074410148887075,-43.90419015923174
4212650,Pescaria Brava,420003,Tubarão,4202,Criciúma,42,Santa Catarina,SC,4,Sul,S,4218707,Tubarão - Laguna/SC,106.853,-28.40176413844801,-48.88364236569175
3553658,Taquaral,350032,Barretos,3508,Ribeirão Preto,35,São Paulo,SP,3,Sudeste,SE,,,53.892,-21.06926817274203,-48.3994298823798
3104700,Ataléia,310013,Teófilo Otoni,3103,Teófilo Otoni,31,Minas Gerais,MG,3,Sudeste,SE,,,1836.933,-18.163374315570643,-41.151487612639656
1701101,Aparecida do Rio Negro,170001,Palmas,1701,Palmas,17,Tocantins,TO,1,Norte,N,,,1159.034,-9.986598001491059,-48.000040305395544
2102358,Buritirana,210019,Imperatriz,2105,Imperatriz,21,Maranhão,MA,2,Nordeste,NE,,,821.261,-5.518251413270977,-47.06179326935689
4106100,Conselheiro Mairinck,410026,Ibaiti,4105,Londrina,41,Paraná,PR,4,Sul,S,,,204.443,-23.5973036548609,-50.12965182916504
3300225,Areal,330007,Petrópolis,3303,Petrópolis,33,Rio de Janeiro,RJ,3,Sudeste,SE,3303906,Petrópolis/RJ,110.724,-22.23539945474646,-43.12153804147078
3504602,Bady Bassitt,350025,São José do Rio Preto,3507,São José do Rio Preto,35,São Paulo,SP,3,Sudeste,SE,3549805,São José do Rio Preto/SP,110.372,-20.931535125578346,-49.43761997474828
2609709,Orobó,260004,Limoeiro,2601,Recife,26,Pernambuco,PE,2,Nordeste,NE,,,138.362,-7.706004057259258,-35.59845891567625
3153103,Presidente Bernardes,310033,Viçosa,3106,Juíz de Fora,31,Minas Gerais,MG,3,Sudeste,SE,,,236.798,-20.770439668688287,-43.15477548182213
2110658,São Domingos do Azeitão,210017,São João dos Patos,2104,Presidente Dutra,21,Maranhão,MA,2,Nordeste,NE,,,961.153,-6.833229043269578,-44.617352331898076
4204459,Coronel Martins,420011,Xanxerê,4204,Chapecó,42,Santa Catarina,SC,4,Sul,S,,,107.502,-26.53464591581856,-52.671874526954745
3161403,São Francisco do Glória,310031,Muriaé,3106,Juíz de Fora,31,Minas Gerais,MG,3,Sudeste,SE,,,164.613,-20.791916276131115,-42.282276081395494
1100098,Espigão D'Oeste,110005,Cacoal,1102,Ji-Paraná,11,Rondônia,RO,1,Norte,N,,,4518.039,-11.351342008061438,-60.784830725594794
3202108,Ecoporanga,320006,Nova Venécia,3203,Colatina,32,Espírito Santo,ES,3,Sudeste,SE,,,2285.361,-18.265583872966555,-40.80769334829859
1501725,Brasil Novo,150018,Altamira,1506,Altamira,15,Pará,PA,1,Norte,N,,,6362.562,-3.2921063660415957,-52.685405140506376
5204656,Campinaçu,520016,Porangatu,5205,Porangatu - Uruaçu,52,Goiás,GO,5,Centro-oeste,CO,,,1978.386,-13.884494296965926,-48.56822565918507
3529104,Marinópolis,350028,Jales,3507,São José do Rio Preto,35,São Paulo,SP,3,Sudeste,SE,,,77.827,-20.479877899528375,-50.832319008981024
2932200,Ubaitaba,290007,Ilhéus - Itabuna,2903,Ilhéus - Itabuna,29,Bahia,BA,2,Nordeste,NE,,,181.102,-14.267538253573004,-39.421810625371954
3136603,Nova União,310001,Belo Horizonte,3101,Belo Horizonte,31,Minas Gerais,MG,3,Sudeste,SE,,,172.131,-19.635338923937695,-43.57203977667242
3300209,Araruama,330013,Cabo Frio,3305,Macaé - Rio das Ostras - Cabo Frio,33,Rio de Janeiro,RJ,3,Sudeste,SE,3300209,Araruama/RJ,638.276,-22.7553470810662,-42.29290939495171
1100080,Costa Marques,110004,Ji-Paraná,1102,Ji-Paraná,11,Rondônia,RO,1,Norte,N,,,4987.159,-12.147250105355846,-64.05877174147022
1718204,Porto Nacional,170002,Porto Nacional,1701,Palmas,17,Tocantins,TO,1,Norte,N,,,4434.68,-10.543700519700286,-48.49649346619013
1501709,Bragança,150005,Bragança,1502,Castanhal,15,Pará,PA,1,Norte,N,1501709,Bragança,2124.736,-1.1932152460736363,-46.7635939406743
2601508,Belém de Maria,260003,Palmares,2601,Recife,26,Pernambuco,PE,2,Nordeste,NE,,,75.912,-8.603212396451916,-35.81696403442828
2510659,Parari,250008,Sumé,2502,Campina Grande,25,Paraíba,PB,2,Nordeste,NE,,,207.814,-7.327254916742285,-36.668833611965624
3504701,Balbinos,350009,Bauru,3503,Bauru,35,São Paulo,SP,3,Sudeste,SE,,,91.635,-21.89241208322468,-49.33308238272097
1100072,Corumbiara,110006,Vilhena,1102,Ji-Paraná,11,Rondônia,RO,1,Norte,N,,,3060.321,-12.926629422254377,-61.091646454497884
2924009,Paulo Afonso,290024,Paulo Afonso,2909,Paulo Afonso,29,Bahia,BA,2,Nordeste,NE,2924009,Paulo Afonso,1544.388,-9.539578658493856,-38.293684319428635
5213053,Mimoso de Goiás,520020,Águas Lindas de Goiás,5206,Luziânia - Águas Lindas de Goiás,52,Goiás,GO,5,Centro-oeste,CO,,,1380.701,-15.017705363368623,-48.30814696655813
1100064,Colorado do Oeste,110006,Vilhena,1102,Ji-Paraná,11,Rondônia,RO,1,Norte,N,,,1451.062,-13.15915339231424,-60.55024477837851
3153202,Presidente Juscelino,310004,Curvelo,3101,Belo Horizonte,31,Minas Gerais,MG,3,Sudeste,SE,,,695.882,-18.726055214790758,-44.08325885469577
3520905,Ipaussu,350015,Ourinhos,3504,Marília,35,São Paulo,SP,3,Sudeste,SE,,,209.554,-23.0651337553095,-49.608122932976066
4301875,Barra do Quaraí,430015,Uruguaiana,4304,Uruguaiana,43,Rio Grande do Sul,RS,4,Sul,S,,,1055.937,-30.15136964050184,-57.335299645772785
3553609,Tapiratiba,350047,São José do Rio Pardo - Mococa,3510,Campinas,35,São Paulo,SP,3,Sudeste,SE,,,220.518,-21.450851631422136,-46.741904234204206
2801405,Carira,280004,Itabaiana,2802,Itabaiana,28,Sergipe,SE,2,Nordeste,NE,,,638.875,-10.36372729843479,-37.71056131265086
1100056,Cerejeiras,110006,Vilhena,1102,Ji-Paraná,11,Rondônia,RO,1,Norte,N,,,2783.297,-13.203561520678008,-61.260950184556215
3128402,Guarani,310029,Ubá,3106,Juíz de Fora,31,Minas Gerais,MG,3,Sudeste,SE,,,264.194,-21.356974561076935,-43.05766938954969
3536604,Paulo de Faria,350025,São José do Rio Preto,3507,São José do Rio Preto,35,São Paulo,SP,3,Sudeste,SE,,,737.986,-20.066621252339466,-49.46342141614463
3136702,Juiz de Fora,310027,Juiz de Fora,3106,Juíz de Fora,31,Minas Gerais,MG,3,Sudeste,SE,3136702,Juiz de Fora/MG,1435.749,-21.745499469767623,-43.46473273545932
2110609,São Bernardo,210007,Tutóia - Araioses,2101,São Luís,21,Maranhão,MA,2,Nordeste,NE,,,1005.823,-3.311987459778897,-42.40606106180051
4114351,Manfrinópolis,410009,Francisco Beltrão,4103,Cascavel,41,Paraná,PR,4,Sul,S,,,214.758,-26.094738757396993,-53.34519901320647
2404101,Galinhos,240005,João Câmara,2401,Natal,24,Rio Grande do Norte,RN,2,Nordeste,NE,,,340.769,-5.1757240691686315,-36.20799254884552
1100049,Cacoal,110005,Cacoal,1102,Ji-Paraná,11,Rondônia,RO,1,Norte,N,,,3792.998,-11.301287500825547,-61.32472888221108
3169406,Três Pontas,310046,Três Pontas - Boa Esperança,3108,Varginha,31,Minas Gerais,MG,3,Sudeste,SE,,,689.794,-21.393544852920044,-45.4981606086146
2916104,Itaparica,290006,Nazaré - Maragogipe,2902,Santo Antônio de Jesus,29,Bahia,BA,2,Nordeste,NE,,,121.373,-12.89223130232813,-38.654964298504424
2703007,Ibateguara,270005,União dos Palmares,2701,Maceió,27,Alagoas,AL,2,Nordeste,NE,,,265.313,-8.954206201916323,-35.89616560754378
4301859,Barra do Guarita,430021,Três Passos,4305,Ijuí,43,Rio Grande do Sul,RS,4,Sul,S,,,62.801,-27.205304976220205,-53.763660170826626
5221197,Terezópolis de Goiás,520001,Goiânia,5201,Goiânia,52,Goiás,GO,5,Centro-oeste,CO,,,107.407,-16.442332015793678,-49.07307461516382
2208007,Picos,220009,Picos,2203,Picos,22,Piauí,PI,2,Nordeste,NE,,,577.284,-7.058920724604663,-41.522311212681174
3553708,Taquaritinga,350036,Araraquara,3509,Araraquara,35,São Paulo,SP,3,Sudeste,SE,,,594.335,-21.42558551902518,-48.53790148498767
3120201,Cristais,310048,Campo Belo,3108,Varginha,31,Minas Gerais,MG,3,Sudeste,SE,,,628.434,-20.811077727360754,-45.5573932862307
3528403,Mairinque,350003,Sorocaba,3502,Sorocaba,35,São Paulo,SP,3,Sudeste,SE,3550605,São Roque - Mairinque/SP,210.149,-23.50796117171497,-47.22927943701321
4122503,Roncador,410015,Campo Mourão,4104,Maringá,41,Paraná,PR,4,Sul,S,,,741.709,-24.565819034961486,-52.26133664085673
3536703,Pederneiras,350009,Bauru,3503,Bauru,35,São Paulo,SP,3,Sudeste,SE,,,727.482,-22.30143249313148,-48.86105613969092
2102408,Cajapió,210005,Viana,2101,São Luís,21,Maranhão,MA,2,Nordeste,NE,,,545.244,-2.888240943403824,-44.53982953438202
3128501,Guarará,310035,São João Nepomuceno - Bicas,3106,Juíz de Fora,31,Minas Gerais,MG,3,Sudeste,SE,,,88.655,-21.754717060459843,-43.02206402064453
3161205,São Francisco de Paula,310069,Oliveira,3113,Divinópolis,31,Minas Gerais,MG,3,Sudeste,SE,,,316.822,-20.716548836138514,-44.99540002138714
1717503,Pium,170003,Paraíso do Tocantins,1701,Palmas,17,Tocantins,TO,1,Norte,N,,,10003.549,-10.209534425460289,-49.87188739556283
2609501,Nazaré da Mata,260006,Carpina,2601,Recife,26,Pernambuco,PE,2,Nordeste,NE,,,130.572,-7.737195651089118,-35.23316859323483
5213004,Maurilândia,520010,Rio Verde,5203,Rio Verde,52,Goiás,GO,5,Centro-oeste,CO,,,389.959,-18.036223014090588,-50.3638807334411
5221304,Três Ranchos,520004,Catalão,5201,Goiânia,52,Goiás,GO,5,Centro-oeste,CO,5205109,Catalão/GO,284.034,-18.343585804692378,-47.78092588114667
4318051,São Domingos do Sul,430030,Marau,4306,Passo Fundo,43,Rio Grande do Sul,RS,4,Sul,S,,,78.67,-28.538326453486974,-51.867826646642
2510600,Ouro Velho,250007,Monteiro,2502,Campina Grande,25,Paraíba,PB,2,Nordeste,NE,,,128.11,-7.60980727281564,-37.13807460062146
5106182,Nova Lacerda,510005,Pontes e Lacerda - Comodoro,5102,Cáceres,51,Mato Grosso,MT,5,Centro-oeste,CO,,,4780.426,-14.299833487320491,-59.77145731305889
3201902,Domingos Martins,320002,Afonso Cláudio - Venda Nova do Imigrante - Santa Maria de Jetibá,3201,Vitória,32,Espírito Santo,ES,3,Sudeste,SE,,,1229.21,-20.307777940675216,-40.84897403807786
4301701,Barão de Cotegipe,430026,Erechim,4306,Passo Fundo,43,Rio Grande do Sul,RS,4,Sul,S,,,260.505,-27.56768245258528,-52.417210111675864
3504503,Avaré,350007,Avaré,3502,Sorocaba,35,São Paulo,SP,3,Sudeste,SE,,,1213.055,-23.075190074238733,-48.89401493213604
3136652,Juatuba,310001,Belo Horizonte,3101,Belo Horizonte,31,Minas Gerais,MG,3,Sudeste,SE,3106200,Belo Horizonte/MG,97.66,-19.95657013541068,-44.35443644937546
5204953,Campos Verdes,520018,Ceres - Rialma - Goianésia,5205,Porangatu - Uruaçu,52,Goiás,GO,5,Centro-oeste,CO,,,443.125,-14.199788878865224,-49.6597149248936
3120300,Cristália,310006,Montes Claros,3102,Montes Claros,31,Minas Gerais,MG,3,Sudeste,SE,,,840.702,-16.718634776576945,-42.82101615809266
3300258,Arraial do Cabo,330013,Cabo Frio,3305,Macaé - Rio das Ostras - Cabo Frio,33,Rio de Janeiro,RJ,3,Sudeste,SE,3300704,Cabo Frio/RJ,152.106,-22.921503041814685,-42.168527466168726
5106174,Nova Nazaré,510015,Água Boa,5104,Barra do Garças,51,Mato Grosso,MT,5,Centro-oeste,CO,,,4034.539,-14.15623763060049,-51.889949733437895
3145208,Nova Serrana,310065,Divinópolis,3113,Divinópolis,31,Minas Gerais,MG,3,Sudeste,SE,,,282.472,-19.852342654511638,-44.97395474090704
3169356,Três Marias,310004,Curvelo,3101,Belo Horizonte,31,Minas Gerais,MG,3,Sudeste,SE,,,2678.254,-18.297840879184353,-45.06915713809259
3545506,Sandovalina,350018,Presidente Prudente,3505,Presidente Prudente,35,São Paulo,SP,3,Sudeste,SE,,,455.856,-22.477862133139933,-51.842133971240784
3153004,Pratinha,310056,Araxá,3110,Uberaba,31,Minas Gerais,MG,3,Sudeste,SE,,,622.478,-19.759763560152347,-46.40256973465119
3520202,Igaratá,350049,São José dos Campos,3511,São José dos Campos,35,São Paulo,SP,3,Sudeste,SE,,,293.002,-23.134904021970176,-46.15045563203632
2207850,Pavussu,220019,Canto do Buriti,2206,Floriano,22,Piauí,PI,2,Nordeste,NE,,,1090.697,-7.925300363239324,-43.337231439252236
2601300,Barra de Guabiraba,260009,Caruaru,2602,Caruaru,26,Pernambuco,PE,2,Nordeste,NE,,,118.639,-8.418177475572897,-35.63380436011507
3528502,Mairiporã,350001,São Paulo,3501,São Paulo,35,São Paulo,SP,3,Sudeste,SE,3550308,São Paulo/SP,320.492,-23.31722105238982,-46.561259827665154
2502409,Bonito de Santa Fé,250015,Cajazeiras,2504,Sousa - Cajazeiras,25,Paraíba,PB,2,Nordeste,NE,,,226.798,-7.289281939831248,-38.47818971039148
2609600,Olinda,260001,Recife,2601,Recife,26,Pernambuco,PE,2,Nordeste,NE,2611606,Recife/PE,41.3,-7.993100444029066,-34.866365180269845
5213103,Mineiros,520011,Jataí-Mineiros,5203,Rio Verde,52,Goiás,GO,5,Centro-oeste,CO,,,9042.844,-17.598122923637114,-52.760122502234886
2924058,Pé de Serra,290029,Feira de Santana,2910,Feira de Santana,29,Bahia,BA,2,Nordeste,NE,,,596.772,-11.872035416579795,-39.60967720048774
1709302,Guaraí,170006,Guaraí,1702,Araguaína,17,Tocantins,TO,1,Norte,N,,,2106.753,-8.730118688975008,-48.425050825576974
2932101,Ubaíra,290003,Santo Antônio de Jesus,2902,Santo Antônio de Jesus,29,Bahia,BA,2,Nordeste,NE,,,663.892,-13.276361534622689,-39.679709299407506
5106158,Nova Bandeirantes,510010,Alta Floresta,5103,Sinop,51,Mato Grosso,MT,5,Centro-oeste,CO,,,9556.661,-9.768441105472093,-58.076941272688096
5205059,Castelândia,520010,Rio Verde,5203,Rio Verde,52,Goiás,GO,5,Centro-oeste,CO,,,299.228,-18.156333926484205,-50.34003409645751
2102754,Capinzal do Norte,210012,Pedreiras,2102,Santa Inês - Bacabal,21,Maranhão,MA,2,Nordeste,NE,,,590.271,-4.6821262756785975,-44.30624111563124
3300233,Armação dos Búzios,330013,Cabo Frio,3305,Macaé - Rio das Ostras - Cabo Frio,33,Rio de Janeiro,RJ,3,Sudeste,SE,3300704,Cabo Frio/RJ,70.977,-22.776426381914035,-41.950683570358514
3137007,Ladainha,310013,Teófilo Otoni,3103,Teófilo Otoni,31,Minas Gerais,MG,3,Sudeste,SE,,,866.29,-17.626402820528327,-41.822553235852304
5213087,Minaçu,520016,Porangatu,5205,Porangatu - Uruaçu,52,Goiás,GO,5,Centro-oeste,CO,,,2854.137,-13.49912961616832,-48.34852676122179
2601409,Barreiros,260007,Barreiros - Sirinhaém,2601,Recife,26,Pernambuco,PE,2,Nordeste,NE,,,233.432,-8.820185994649275,-35.258599375009176
3520301,Iguape,350005,Registro,3502,Sorocaba,35,São Paulo,SP,3,Sudeste,SE,,,1978.329,-24.549581105425,-47.474473728629604
1501600,Bonito,150006,Capanema,1502,Castanhal,15,Pará,PA,1,Norte,N,,,586.977,-1.387337367814438,-47.30228049333756
3553005,Taguaí,350007,Avaré,3502,Sorocaba,35,São Paulo,SP,3,Sudeste,SE,,,145.332,-23.47446836621561,-49.39738014604135
4301651,Barão,430037,Bento Gonçalves,4307,Caxias do Sul,43,Rio Grande do Sul,RS,4,Sul,S,,,122.567,-29.384652771141745,-51.487688036668295
2923902,Pau Brasil,290010,Camacan,2903,Ilhéus - Itabuna,29,Bahia,BA,2,Nordeste,NE,,,626.306,-15.468284846934562,-39.69047434812569
4309951,Ibirapuitã,430031,Soledade,4306,Passo Fundo,43,Rio Grande do Sul,RS,4,Sul,S,,,307.164,-28.62517154771594,-52.44276577718028
2111029,São João do Carú,210009,Santa Inês,2102,Santa Inês - Bacabal,21,Maranhão,MA,2,Nordeste,NE,,,910.065,-3.510843455234931,-46.37905178385175
5220603,Silvânia,520002,Anápolis,5201,Goiânia,52,Goiás,GO,5,Centro-oeste,CO,,,2349.924,-16.60710519316234,-48.5574640051226
2703304,Inhapi,270009,Delmiro Gouveia,2702,Arapiraca,27,Alagoas,AL,2,Nordeste,NE,,,372.019,-9.2717848220572,-37.692194911223204
2207934,Pedro Laurentino,220014,São João do Piauí,2204,São Raimundo Nonato,22,Piauí,PI,2,Nordeste,NE,,,870.613,-8.073182478270382,-42.265346677363205
3536505,Paulínia,350038,Campinas,3510,Campinas,35,São Paulo,SP,3,Sudeste,SE,3509502,Campinas/SP,138.777,-22.748367841158146,-47.14507367384233
3128808,Guidoval,310029,Ubá,3106,Juíz de Fora,31,Minas Gerais,MG,3,Sudeste,SE,,,158.375,-21.166800168462796,-42.78566929430344
3112208,Capela Nova,310038,Conselheiro Lafaiete,3107,Barbacena,31,Minas Gerais,MG,3,Sudeste,SE,,,111.073,-20.917334862562754,-43.60860992500838
4212007,Palma Sola,420009,São Miguel do Oeste,4204,Chapecó,42,Santa Catarina,SC,4,Sul,S,,,330.878,-26.373543824100594,-53.31452924703358
2412302,São José do Campestre,240002,Santo Antônio - Passa e Fica - Nova Cruz,2401,Natal,24,Rio Grande do Norte,RN,2,Nordeste,NE,,,341.115,-6.30111603851294,-35.740171691235346
3512100,Colômbia,350032,Barretos,3508,Ribeirão Preto,35,São Paulo,SP,3,Sudeste,SE,,,728.648,-20.266873709971936,-48.72174395453263
1501576,Bom Jesus do Tocantins,150009,Marabá,1503,Marabá,15,Pará,PA,1,Norte,N,,,2816.608,-5.0542668052226265,-48.76351456252792
2916005,Itanhém,290008,Teixeira de Freitas,2903,Ilhéus - Itabuna,29,Bahia,BA,2,Nordeste,NE,,,1394.174,-17.115407896621278,-40.378351576942265
5106240,Nova Ubiratã,510008,Sorriso,5103,Sinop,51,Mato Grosso,MT,5,Centro-oeste,CO,,,8720.777,-12.792471784248349,-54.71641302152864
2306702,Jaguaretama,230007,Russas - Limoeiro do Norte,2302,Quixadá,23,Ceará,CE,2,Nordeste,NE,,,1826.829,-5.4917759354335045,-38.747944358448905
3544806,Sales,350025,São José do Rio Preto,3507,São José do Rio Preto,35,São Paulo,SP,3,Sudeste,SE,,,308.555,-21.347203144473028,-49.502654585281284
2111003,São João Batista,210005,Viana,2101,São Luís,21,Maranhão,MA,2,Nordeste,NE,,,649.957,-3.0060263401443406,-44.76460003598516
5106232,Nova Olímpia,510002,Tangará da Serra,5101,Cuiabá,51,Mato Grosso,MT,5,Centro-oeste,CO,,,1327.266,-14.804433277791764,-57.4214512944226
4318101,São Francisco de Assis,430011,Santa Maria,4303,Santa Maria,43,Rio Grande do Sul,RS,4,Sul,S,,,2534.789,-29.44682095748211,-55.13492664820588
3112059,Cantagalo,310021,Guanhães,3104,Governador Valadares,31,Minas Gerais,MG,3,Sudeste,SE,,,141.855,-18.516132273907967,-42.648697064233026
5106224,Nova Mutum,510008,Sorriso,5103,Sinop,51,Mato Grosso,MT,5,Centro-oeste,CO,,,9536.814,-13.629599068171894,-56.10605426682703
3528304,Magda,350022,Araçatuba,3506,Araçatuba,35,São Paulo,SP,3,Sudeste,SE,,,312.282,-20.596463903309434,-50.23000540764934
4301750,Barão do Triunfo,430001,Porto Alegre,4301,Porto Alegre,43,Rio Grande do Sul,RS,4,Sul,S,,,436.101,-30.417371063556246,-51.79849353886215
2703403,Jacaré dos Homens,270011,Pão de Açúcar - Olho d'Água das Flores - Batalha,2702,Arapiraca,27,Alagoas,AL,2,Nordeste,NE,,,149.332,-9.652053213594357,-37.22785028813633
3120607,Crucilândia,310069,Oliveira,3113,Divinópolis,31,Minas Gerais,MG,3,Sudeste,SE,,,167.164,-20.404057102350635,-44.359771072835734
4121802,Ribeirão Claro,410022,Santo Antônio da Platina,4105,Londrina,41,Paraná,PR,4,Sul,S,,,625.874,-23.261252858190232,-49.76274315744167
1701051,Angico,170005,Araguaína,1702,Araguaína,17,Tocantins,TO,1,Norte,N,,,447.547,-6.435793931400536,-47.913164876228
3104007,Araxá,310056,Araxá,3110,Uberaba,31,Minas Gerais,MG,3,Sudeste,SE,,,1164.062,-19.636397080627543,-46.97214598120574
5205000,Carmo do Rio Verde,520018,Ceres - Rialma - Goianésia,5205,Porangatu - Uruaçu,52,Goiás,GO,5,Centro-oeste,CO,,,419.821,-15.42498189123453,-49.74274192756335
2207900,Pedro II,220007,Piripiri,2202,Parnaíba,22,Piauí,PI,2,Nordeste,NE,,,1544.373,-4.495397357185354,-41.39701794764446
4203808,Canoinhas,420017,Mafra,4206,Joinville,42,Santa Catarina,SC,4,Sul,S,,,1148.036,-26.24995001086915,-50.533370703857805
5106216,Nova Canaã do Norte,510007,Sinop,5103,Sinop,51,Mato Grosso,MT,5,Centro-oeste,CO,,,5953.099,-10.70027907247704,-56.04172790311544
2907806,Cícero Dantas,290027,Cícero Dantas,2909,Paulo Afonso,29,Bahia,BA,2,Nordeste,NE,,,817.023,-10.506387777704003,-38.45473158402758
1500909,Augusto Corrêa,150005,Bragança,1502,Castanhal,15,Pará,PA,1,Norte,N,,,1099.58,-1.1068811934809926,-46.50821657353493
2600708,Aliança,260002,Goiana - Timbaúba,2601,Recife,26,Pernambuco,PE,2,Nordeste,NE,,,272.773,-7.6025759495099585,-35.19303896350684
5106208,Nova Brasilândia,510001,Cuiabá,5101,Cuiabá,51,Mato Grosso,MT,5,Centro-oeste,CO,,,3289.572,-14.784437664954494,-55.050838070956274
2510501,Olivedos,250005,Campina Grande,2502,Campina Grande,25,Paraíba,PB,2,Nordeste,NE,,,314.625,-6.977120735406698,-36.249075305050305
2102804,Carolina,210022,Balsas,2105,Imperatriz,21,Maranhão,MA,2,Nordeste,NE,,,6267.601,-7.376407570627526,-47.21124266018314
5000609,Amambai,500009,Amambai,5002,Dourados,50,Mato Grosso do Sul,MS,5,Centro-oeste,CO,,,4193.742,-23.15780838240708,-54.96817302333131
3161601,São Geraldo da Piedade,310020,Governador Valadares,3104,Governador Valadares,31,Minas Gerais,MG,3,Sudeste,SE,,,152.336,-18.896328776978752,-42.310362064173376
4113734,Luiziana,410015,Campo Mourão,4104,Maringá,41,Paraná,PR,4,Sul,S,,,915.604,-24.347473030768334,-52.33100273416548
4309902,Ibiraiaras,430033,Lagoa Vermelha,4306,Passo Fundo,43,Rio Grande do Sul,RS,4,Sul,S,,,280.816,-28.381638792054687,-51.63073619268184
3520103,Igarapava,350035,Ituverava,3508,Ribeirão Preto,35,São Paulo,SP,3,Sudeste,SE,,,468.355,-20.06367833957827,-47.682456658739454
1100288,Rolim de Moura,110005,Cacoal,1102,Ji-Paraná,11,Rondônia,RO,1,Norte,N,,,1457.811,-11.732557751959906,-61.77155553727117
5204854,Campo Limpo de Goiás,520002,Anápolis,5201,Goiânia,52,Goiás,GO,5,Centro-oeste,CO,,,156.113,-16.286653488078557,-49.102642145229815
4121901,Ribeirão do Pinhal,410022,Santo Antônio da Platina,4105,Londrina,41,Paraná,PR,4,Sul,S,,,374.754,-23.447422444266298,-50.374353878172904
4220000,Balneário Rincão,420002,Criciúma,4202,Criciúma,42,Santa Catarina,SC,4,Sul,S,4204608,Criciúma/SC,63.512,-28.826734347864832,-49.25422424053315
3120706,Cruzeiro da Fortaleza,310064,Patrocínio,3112,Patos de Minas,31,Minas Gerais,MG,3,Sudeste,SE,,,187.446,-18.97224646022632,-46.676172348120005
5106190,Nova Santa Helena,510007,Sinop,5103,Sinop,51,Mato Grosso,MT,5,Centro-oeste,CO,,,2385.611,-10.91891987823032,-54.90666915766699
2502300,Bom Sucesso,250011,Catolé do Rocha - São Bento,2503,Patos,25,Paraíba,PB,2,Nordeste,NE,,,186.059,-6.474820955902231,-37.94778522395871
3536570,Paulistânia,350009,Bauru,3503,Bauru,35,São Paulo,SP,3,Sudeste,SE,,,256.178,-22.568387899234356,-49.30556696831061
3153400,Presidente Olegário,310062,Patos de Minas,3112,Patos de Minas,31,Minas Gerais,MG,3,Sudeste,SE,,,3503.848,-18.239193741848705,-46.33618114371711
2412104,São João do Sabugi,240007,Caicó,2402,Caicó,24,Rio Grande do Norte,RN,2,Nordeste,NE,,,277.011,-6.69041655562936,-37.18850765821446
3511904,Clementina,350023,Birigui - Penápolis,3506,Araçatuba,35,São Paulo,SP,3,Sudeste,SE,,,168.59,-21.570329178419676,-50.46006991143931
4301057,Arroio do Sal,430008,Torres,4301,Porto Alegre,43,Rio Grande do Sul,RS,4,Sul,S,,,119.161,-29.520423933976105,-49.893113839687054
4113700,Londrina,410021,Londrina,4105,Londrina,41,Paraná,PR,4,Sul,S,4113700,Londrina/PR,1647.796,-23.514511213430588,-51.11012051120804
1100262,Rio Crespo,110002,Ariquemes,1101,Porto Velho,11,Rondônia,RO,1,Norte,N,,,1717.64,-9.645211564379995,-62.790074468452
4317400,Santiago,430014,Santiago,4303,Santa Maria,43,Rio Grande do Sul,RS,4,Sul,S,,,2413.419,-29.12715025762959,-54.796192200792426
1701002,Ananás,170005,Araguaína,1702,Araguaína,17,Tocantins,TO,1,Norte,N,,,1581.058,-6.232678537877851,-48.186638349401115
3136900,Juruaia,310044,Guaxupé,3108,Varginha,31,Minas Gerais,MG,3,Sudeste,SE,,,220.353,-21.22084331428122,-46.526519277093776
2110807,São Félix de Balsas,210022,Balsas,2105,Imperatriz,21,Maranhão,MA,2,Nordeste,NE,,,2033.29,-7.091770782812255,-44.88347765234161
4211801,Ouro,420008,Joaçaba - Herval d'Oeste,4204,Chapecó,42,Santa Catarina,SC,4,Sul,S,,,213.543,-27.283436658104907,-51.681885704861536
1100254,Presidente Médici,110004,Ji-Paraná,1102,Ji-Paraná,11,Rondônia,RO,1,Norte,N,,,1758.464,-11.166273974458356,-61.877952839901994
2200053,Acauã,220010,Paulistana,2203,Picos,22,Piauí,PI,2,Nordeste,NE,,,1196.75,-8.314362273229618,-41.01194920975593
4105508,Cianorte,410018,Cianorte,4104,Maringá,41,Paraná,PR,4,Sul,S,,,807.796,-23.72667070677996,-52.62657108550012
2916302,Itapebi,290009,Eunápolis - Porto Seguro,2903,Ilhéus - Itabuna,29,Bahia,BA,2,Nordeste,NE,,,1031.879,-15.91052458832403,-39.65091379277326
4309209,Gravataí,430001,Porto Alegre,4301,Porto Alegre,43,Rio Grande do Sul,RS,4,Sul,S,4314902,Porto Alegre/RS,468.288,-29.88947291212414,-50.94704648633228
2703205,Igreja Nova,270003,Penedo,2701,Maceió,27,Alagoas,AL,2,Nordeste,NE,,,428.023,-10.138330571671183,-36.619118865314164
3145059,Nova Porteirinha,310007,Janaúba,3102,Montes Claros,31,Minas Gerais,MG,3,Sudeste,SE,,,120.944,-15.73457456393898,-43.27504045835062
2412203,São José de Mipibu,240001,Natal,2401,Natal,24,Rio Grande do Norte,RN,2,Nordeste,NE,,,289.987,-6.06399777633406,-35.289416234728705
4317509,Santo Ângelo,430020,Santo Ângelo,4305,Ijuí,43,Rio Grande do Sul,RS,4,Sul,S,,,678.501,-28.250465450946702,-54.29762797759574
3128709,Guaxupé,310044,Guaxupé,3108,Varginha,31,Minas Gerais,MG,3,Sudeste,SE,,,286.398,-21.29059729662977,-46.68293043098422
3112109,Caparaó,310028,Manhuaçu,3106,Juíz de Fora,31,Minas Gerais,MG,3,Sudeste,SE,,,130.694,-20.527214193588748,-41.949506881726876
3544707,Sagres,350019,Adamantina - Lucélia,3505,Presidente Prudente,35,São Paulo,SP,3,Sudeste,SE,,,147.923,-21.86779517875431,-50.990287171660476
3512001,Colina,350032,Barretos,3508,Ribeirão Preto,35,São Paulo,SP,3,Sudeste,SE,,,422.303,-20.74616860859004,-48.58886474279158
4203600,Campos Novos,420008,Joaçaba - Herval d'Oeste,4204,Chapecó,42,Santa Catarina,SC,4,Sul,S,,,1717.579,-27.413003325863755,-51.244590545772205
2208205,Pio IX,220009,Picos,2203,Picos,22,Piauí,PI,2,Nordeste,NE,,,1948.141,-6.790278989447135,-40.718097547566266
4211900,Palhoça,420001,Florianópolis,4201,Florianópolis,42,Santa Catarina,SC,4,Sul,S,4205407,Florianópolis/SC,394.85,-27.771821468020566,-48.66170819944283
3536901,Pedranópolis,350029,Fernandópolis,3507,São José do Rio Preto,35,São Paulo,SP,3,Sudeste,SE,,,260.101,-20.210108446150727,-50.107008191328134
2102606,Cândido Mendes,210011,Governador Nunes Freire,2102,Santa Inês - Bacabal,21,Maranhão,MA,2,Nordeste,NE,,,1643.796,-1.6234952049232585,-45.67858332995268
2510808,Patos,250009,Patos,2503,Patos,25,Paraíba,PB,2,Nordeste,NE,2510808,Patos/PB,472.892,-6.995486051044299,-37.31688882149261
1500958,Aurora do Pará,150007,Paragominas,1502,Castanhal,15,Pará,PA,1,Norte,N,,,1811.933,-2.2311676008802332,-47.72635399987028
2110906,São Francisco do Maranhão,210017,São João dos Patos,2104,Presidente Dutra,21,Maranhão,MA,2,Nordeste,NE,,,2284.217,-6.208666086432066,-43.113915309938186
2307106,Jardim,230011,Juazeiro do Norte,2304,Juazeiro do Norte,23,Ceará,CE,2,Nordeste,NE,,,544.995,-7.590332665976614,-39.24803837041779
4121703,Reserva,410028,Telêmaco Borba,4106,Ponta Grossa,41,Paraná,PR,4,Sul,S,,,1646.103,-24.595270391344666,-50.95796877175943
5106000,Nortelândia,510003,Diamantino,5101,Cuiabá,51,Mato Grosso,MT,5,Centro-oeste,CO,,,1336.754,-14.347737218871568,-56.72249293875558
4211892,Painel,420005,Lages,4203,Lages,42,Santa Catarina,SC,4,Sul,S,,,738.331,-27.963630410952454,-50.07213529314199
1100346,Alvorada D'Oeste,110004,Ji-Paraná,1102,Ji-Paraná,11,Rondônia,RO,1,Norte,N,,,3029.193,-11.311420962672871,-62.544992234343304
4301008,Arroio do Meio,430041,Lajeado,4308,Santa Cruz do Sul - Lajeado,43,Rio Grande do Sul,RS,4,Sul,S,4311403,Lajeado/RS,157.087,-29.362120591176684,-51.96502036553835
2801306,Capela,280001,Aracaju,2801,Aracaju,28,Sergipe,SE,2,Nordeste,NE,,,442.21,-10.468751165053032,-37.036344267187545
5204904,Campos Belos,520021,Posse-Campos Belos,5206,Luziânia - Águas Lindas de Goiás,52,Goiás,GO,5,Centro-oeste,CO,,,735.128,-12.99994270116401,-46.51075065599069
2916401,Itapetinga,290015,Itapetinga,2904,Vitória da Conquista,29,Bahia,BA,2,Nordeste,NE,,,1651.158,-15.29927981989411,-40.05751499968781
4309308,Guaíba,430001,Porto Alegre,4301,Porto Alegre,43,Rio Grande do Sul,RS,4,Sul,S,4314902,Porto Alegre/RS,377.664,-30.17727183784548,-51.433720783683164
3120508,Cristina,310053,São Lourenço,3109,Pouso Alegre,31,Minas Gerais,MG,3,Sudeste,SE,,,311.33,-22.205665156709824,-45.28940510382618
3161650,São Geraldo do Baixio,310020,Governador Valadares,3104,Governador Valadares,31,Minas Gerais,MG,3,Sudeste,SE,,,280.954,-18.91680775418797,-41.3668635519897
1100338,Nova Mamoré,110001,Porto Velho,1101,Porto Velho,11,Rondônia,RO,1,Norte,N,,,10070.515,-10.382167454124106,-64.6290995190436
2404002,Frutuoso Gomes,240010,Pau dos Ferros,2403,Mossoró,24,Rio Grande do Norte,RN,2,Nordeste,NE,,,63.279,-6.161016723164067,-37.839043785121156
4203709,Canelinha,420021,Brusque,4207,Blumenau,42,Santa Catarina,SC,4,Sul,S,,,150.904,-27.234583778183293,-48.80235247195195
3103900,Araújos,310065,Divinópolis,3113,Divinópolis,31,Minas Gerais,MG,3,Sudeste,SE,,,245.522,-19.886412895608224,-45.180967481192155
2208304,Piracuruca,220007,Piripiri,2202,Parnaíba,22,Piauí,PI,2,Nordeste,NE,,,2309.93,-3.8538735026927453,-41.60903227430119
4211876,Paial,420007,Chapecó,4204,Chapecó,42,Santa Catarina,SC,4,Sul,S,,,86.049,-27.21300266320852,-52.48786860008498
3528700,Marabá Paulista,350021,Presidente Epitácio-Presidente Venceslau,3505,Presidente Prudente,35,São Paulo,SP,3,Sudeste,SE,,,919.519,-22.1276976679414,-52.05658600484663
2502607,Igaracy,250010,Itaporanga,2503,Patos,25,Paraíba,PB,2,Nordeste,NE,,,197.058,-7.155206966566546,-38.12457509750329
2608909,Limoeiro,260004,Limoeiro,2601,Recife,26,Pernambuco,PE,2,Nordeste,NE,,,273.733,-7.847740380818677,-35.44786993134764
5106109,Nossa Senhora do Livramento,510001,Cuiabá,5101,Cuiabá,51,Mato Grosso,MT,5,Centro-oeste,CO,,,5410.138,-15.848476513879278,-56.491158959396536
2102705,Cantanhede,210004,Itapecuru Mirim,2101,São Luís,21,Maranhão,MA,2,Nordeste,NE,,,773.009,-3.621611604058429,-44.262690320282495
1500800,Ananindeua,150001,Belém,1501,Belém,15,Pará,PA,1,Norte,N,1501402,Belém/PA,190.59,-1.3340800548889609,-48.38354585782354
2510907,Paulista,250012,Pombal,2503,Patos,25,Paraíba,PB,2,Nordeste,NE,,,577.379,-6.626993839521523,-37.60884338490958
1100320,São Miguel do Guaporé,110004,Ji-Paraná,1102,Ji-Paraná,11,Rondônia,RO,1,Norte,N,,,6789.605,-11.612160289041105,-62.987732691033884
3201308,Cariacica,320001,Vitória,3201,Vitória,32,Espírito Santo,ES,3,Sudeste,SE,3205309,Vitória/ES,279.718,-20.29068700101506,-40.442049123665015
2908200,Conceição da Feira,290029,Feira de Santana,2910,Feira de Santana,29,Bahia,BA,2,Nordeste,NE,,,164.799,-12.504862712699046,-38.999760270418015
4301107,Arroio dos Ratos,430001,Porto Alegre,4301,Porto Alegre,43,Rio Grande do Sul,RS,4,Sul,S,,,425.791,-30.19291551735153,-51.75196055921766
3169802,Turvolândia,310050,Pouso Alegre,3109,Pouso Alegre,31,Minas Gerais,MG,3,Sudeste,SE,,,221,-21.884975694086574,-45.799678146536834
3136959,Juvenília,310009,Januária,3102,Montes Claros,31,Minas Gerais,MG,3,Sudeste,SE,,,1064.692,-14.385665475489027,-44.08413448391056
4113502,Loanda,410020,Loanda,4104,Maringá,41,Paraná,PR,4,Sul,S,,,722.091,-22.948956306784492,-53.071300401088195
5220454,Senador Canedo,520001,Goiânia,5201,Goiânia,52,Goiás,GO,5,Centro-oeste,CO,5208707,Goiânia/GO,247.005,-16.704550245701963,-49.10728498588044
2931400,Teodoro Sampaio,290002,Alagoinhas,2901,Salvador,29,Bahia,BA,2,Nordeste,NE,,,244.613,-12.267301695606172,-38.61512546811602
3520509,Indaiatuba,350038,Campinas,3510,Campinas,35,São Paulo,SP,3,Sudeste,SE,3520509,Indaiatuba,311.545,-23.10606989942289,-47.20250049608066
1100304,Vilhena,110006,Vilhena,1102,Ji-Paraná,11,Rondônia,RO,1,Norte,N,,,11708.569,-12.096017903137742,-60.24861521399298
2200103,Agricolândia,220002,Amarante - Água Branca - Regeneração,2201,Teresina,22,Piauí,PI,2,Nordeste,NE,,,112.392,-5.76818753128887,-42.682372159661085
2110856,São Francisco do Brejão,210021,Açailândia,2105,Imperatriz,21,Maranhão,MA,2,Nordeste,NE,,,745.357,-5.158489760709516,-47.35371556184029
4211850,Ouro Verde,420011,Xanxerê,4204,Chapecó,42,Santa Catarina,SC,4,Sul,S,,,188.568,-26.71153346067166,-52.278757948705355
3503901,Arujá,350001,São Paulo,3501,São Paulo,35,São Paulo,SP,3,Sudeste,SE,3550308,São Paulo/SP,96.369,-23.385994252930374,-46.3192044860006
1100296,Santa Luzia D'Oeste,110005,Cacoal,1102,Ji-Paraná,11,Rondônia,RO,1,Norte,N,,,1197.796,-12.026967800637191,-61.70109060197093
2923209,Oliveira dos Brejinhos,290021,Xique-Xique - Barra,2907,Irecê,29,Bahia,BA,2,Nordeste,NE,,,3313.435,-12.28335506841508,-42.73488099690657
2931509,Teofilândia,290033,Serrinha,2910,Feira de Santana,29,Bahia,BA,2,Nordeste,NE,,,351.892,-11.470751329237391,-38.95098863411429
2608750,Lagoa Grande,260015,Petrolina,2604,Petrolina,26,Pernambuco,PE,2,Nordeste,NE,,,1844.506,-8.777807322685296,-40.22245359177313
4105300,Céu Azul,410006,Cascavel,4103,Cascavel,41,Paraná,PR,4,Sul,S,,,1176.523,-25.24707701026741,-53.761722059848836
2502706,Borborema,250002,Guarabira,2501,João Pessoa,25,Paraíba,PB,2,Nordeste,NE,,,26.107,-6.794074477216717,-35.60123382111248
2110203,Santa Rita,210001,São Luís,2101,São Luís,21,Maranhão,MA,2,Nordeste,NE,,,756.797,-3.1595396697719913,-44.328712381284696
5212253,Lagoa Santa,520010,Rio Verde,5203,Rio Verde,52,Goiás,GO,5,Centro-oeste,CO,,,463.289,-19.182692123603903,-51.28411113473131
4113601,Lobato,410019,Paranacity - Colorado,4104,Maringá,41,Paraná,PR,4,Sul,S,,,240.904,-22.981759125197236,-51.98723797921128
4309258,Guabiju,430038,Nova Prata - Guaporé,4307,Caxias do Sul,43,Rio Grande do Sul,RS,4,Sul,S,,,146.925,-28.577607457450156,-51.659789586490916
1100155,Ouro Preto do Oeste,110004,Ji-Paraná,1102,Ji-Paraná,11,Rondônia,RO,1,Norte,N,,,1969.878,-10.610556896787061,-62.172534826543
3145109,Nova Resende,310044,Guaxupé,3108,Varginha,31,Minas Gerais,MG,3,Sudeste,SE,,,390.152,-21.09795535229876,-46.41564476398433
4317301,Santa Vitória do Palmar,430009,Pelotas,4302,Pelotas,43,Rio Grande do Sul,RS,4,Sul,S,,,5206.977,-33.163149186833415,-53.00663351816819
3512308,Conchas,350011,Botucatu,3503,Bauru,35,São Paulo,SP,3,Sudeste,SE,,,467.327,-22.965706785481245,-48.047329289551534
4309126,Gramado dos Loureiros,430035,Nonoai,4306,Passo Fundo,43,Rio Grande do Sul,RS,4,Sul,S,,,131.396,-27.445687338887574,-52.91491570327268
4301073,Arroio do Padre,430009,Pelotas,4302,Pelotas,43,Rio Grande do Sul,RS,4,Sul,S,4314407,Pelotas/RS,124.693,-31.44037496670341,-52.397505541638004
2412500,São Miguel,240010,Pau dos Ferros,2403,Mossoró,24,Rio Grande do Norte,RN,2,Nordeste,NE,,,166.233,-6.214360312368682,-38.47428242247592
1100148,Nova Brasilândia D'Oeste,110005,Cacoal,1102,Ji-Paraná,11,Rondônia,RO,1,Norte,N,,,1703.008,-11.64311901598911,-62.28023792415682
5204201,Cachoeira de Goiás,520013,São Luís de Montes Belos,5204,São Luís de Montes Belos - Iporá,52,Goiás,GO,5,Centro-oeste,CO,,,424.49,-16.719484784609442,-50.69883990200165
2916203,Itapé,290007,Ilhéus - Itabuna,2903,Ilhéus - Itabuna,29,Bahia,BA,2,Nordeste,NE,,,452.716,-14.954328232097913,-39.49580938206242
3112406,Capetinga,310041,Passos,3108,Varginha,31,Minas Gerais,MG,3,Sudeste,SE,,,297.937,-20.657294040087542,-47.03178981264185
2306900,Jaguaribe,230007,Russas - Limoeiro do Norte,2302,Quixadá,23,Ceará,CE,2,Nordeste,NE,,,1877.062,-5.961295546781786,-38.70500293686505
4212205,Papanduva,420017,Mafra,4206,Joinville,42,Santa Catarina,SC,4,Sul,S,,,764.737,-26.50242441535357,-50.17236226322833
4105409,Chopinzinho,410010,Pato Branco,4103,Cascavel,41,Paraná,PR,4,Sul,S,,,961.682,-25.81197420566058,-52.450895008698666
2923308,Ouriçangas,290029,Feira de Santana,2910,Feira de Santana,29,Bahia,BA,2,Nordeste,NE,,,156.982,-12.009335628473488,-38.65367335841102
4121752,Reserva do Iguaçu,410004,Guarapuava,4102,Guarapuava,41,Paraná,PR,4,Sul,S,,,833.085,-25.867697761353643,-51.963938068710924
4309100,Gramado,430036,Caxias do Sul,4307,Caxias do Sul,43,Rio Grande do Sul,RS,4,Sul,S,,,239.433,-29.386012448230545,-50.89688288776025
2404309,Governador Dix-Sept Rosado,240009,Mossoró,2403,Mossoró,24,Rio Grande do Norte,RN,2,Nordeste,NE,,,1109.36,-5.393979147611695,-37.535304879224725
2102002,Bom Jardim,210009,Santa Inês,2102,Santa Inês - Bacabal,21,Maranhão,MA,2,Nordeste,NE,,,6579.946,-3.9001459545872055,-46.41828337451444
3552908,Taciba,350018,Presidente Prudente,3505,Presidente Prudente,35,São Paulo,SP,3,Sudeste,SE,3541406,Presidente Prudente/SP,606.755,-22.504931132773653,-51.34236689057949
2412609,São Paulo do Potengi,240006,São Paulo do Potengi,2401,Natal,24,Rio Grande do Norte,RN,2,Nordeste,NE,,,240.425,-5.93403947004023,-35.75443061149361
1100130,Machadinho D'Oeste,110003,Jaru,1101,Porto Velho,11,Rondônia,RO,1,Norte,N,,,8509.166,-9.204098817361144,-62.01037707187869
1500859,Anapu,150018,Altamira,1506,Altamira,15,Pará,PA,1,Norte,N,,,11895.27,-3.9971851212027403,-51.30127773752629
2208106,Pimenteiras,220004,Valença do Piauí,2201,Teresina,22,Piauí,PI,2,Nordeste,NE,,,4555.95,-6.344242887312291,-41.16628067335881
5007976,Taquarussu,500007,Nova Andradina,5002,Dourados,50,Mato Grosso do Sul,MS,5,Centro-oeste,CO,,,1052.232,-22.667825956315333,-53.431060871258495
2307007,Jaguaruana,230008,Aracati,2302,Quixadá,23,Ceará,CE,2,Nordeste,NE,,,854.36,-4.865694379342342,-37.74665201952856
3104205,Arcos,310066,Formiga,3113,Divinópolis,31,Minas Gerais,MG,3,Sudeste,SE,,,509.873,-20.259713477040215,-45.54724573330825
2510709,Passagem,250009,Patos,2503,Patos,25,Paraíba,PB,2,Nordeste,NE,,,123.422,-7.118260595589772,-37.04124752198112
4204004,Catanduvas,420008,Joaçaba - Herval d'Oeste,4204,Chapecó,42,Santa Catarina,SC,4,Sul,S,,,199.166,-27.04499810570478,-51.69641103795104
1100122,Ji-Paraná,110004,Ji-Paraná,1102,Ji-Paraná,11,Rondônia,RO,1,Norte,N,1100122,Ji-Paraná,6896.649,-10.462220539177325,-61.7572526705452
3112505,Capim Branco,310002,Sete Lagoas,3101,Belo Horizonte,31,Minas Gerais,MG,3,Sudeste,SE,,,95.333,-19.570064031195518,-44.16769927580425
2908002,Coaraci,290007,Ilhéus - Itabuna,2903,Ilhéus - Itabuna,29,Bahia,BA,2,Nordeste,NE,,,274.501,-14.631826930956638,-39.59319096858913
1100114,Jaru,110003,Jaru,1101,Porto Velho,11,Rondônia,RO,1,Norte,N,,,2944.126,-10.592446883951375,-62.58486593932643
5220504,Serranópolis,520011,Jataí-Mineiros,5203,Rio Verde,52,Goiás,GO,5,Centro-oeste,CO,,,5521.775,-18.22477890008277,-52.212032931784165
4122107,Rio Bom,410023,Apucarana,4105,Londrina,41,Paraná,PR,4,Sul,S,,,177.836,-23.797400524671627,-51.433374279092384
3201100,Bom Jesus do Norte,320008,Alegre,3204,Cachoeiro do Itapemirim,32,Espírito Santo,ES,3,Sudeste,SE,,,89.084,-21.084462715188565,-41.63384047356525
4300901,Aratiba,430026,Erechim,4306,Passo Fundo,43,Rio Grande do Sul,RS,4,Sul,S,,,342.279,-27.38748902591563,-52.30237692806857
2404408,Grossos,240009,Mossoró,2403,Mossoró,24,Rio Grande do Norte,RN,2,Nordeste,NE,,,124.538,-4.947555001923286,-37.210470150724355
1100106,Guajará-Mirim,110001,Porto Velho,1101,Porto Velho,11,Rondônia,RO,1,Norte,N,,,24856.877,-11.305636317828519,-64.53755690257394
3503703,Ariranha,350026,Catanduva,3507,São José do Rio Preto,35,São Paulo,SP,3,Sudeste,SE,,,132.624,-21.185665399712406,-48.779212611251594
2110278,Santo Amaro do Maranhão,210006,Barreirinhas,2101,São Luís,21,Maranhão,MA,2,Nordeste,NE,,,1582.806,-2.6232248929260957,-43.18409307232125
2702553,Estrela de Alagoas,270008,Palmeira dos Índios,2702,Arapiraca,27,Alagoas,AL,2,Nordeste,NE,,,260.615,-9.393437573322233,-36.77023853230887
2801702,Cristinápolis,280002,Estância,2801,Aracaju,28,Sergipe,SE,2,Nordeste,NE,,,228.556,-11.481980669316629,-37.7329284576391
2101970,Boa Vista do Gurupi,210011,Governador Nunes Freire,2102,Santa Inês - Bacabal,21,Maranhão,MA,2,Nordeste,NE,,,400.35,-1.762071906215241,-46.17891781313433
3144409,Natércia,310050,Pouso Alegre,3109,Pouso Alegre,31,Minas Gerais,MG,3,Sudeste,SE,,,188.719,-22.130092064877573,-45.512141466340495
2502508,Boqueirão,250005,Campina Grande,2502,Campina Grande,25,Paraíba,PB,2,Nordeste,NE,,,373.077,-7.506596289342271,-36.14987401625206
5007950,Tacuru,500009,Amambai,5002,Dourados,50,Mato Grosso do Sul,MS,5,Centro-oeste,CO,,,1784.207,-23.64932542937699,-54.99040096650864
3169703,Turmalina,310014,Capelinha,3103,Teófilo Otoni,31,Minas Gerais,MG,3,Sudeste,SE,,,1153.111,-17.24446630709084,-42.839942218332425
3104304,Areado,310042,Alfenas,3108,Varginha,31,Minas Gerais,MG,3,Sudeste,SE,,,283.124,-21.356019649120977,-46.1422724816543
2608800,Lajedo,260010,Garanhuns,2602,Caruaru,26,Pernambuco,PE,2,Nordeste,NE,,,189.096,-8.67795409231151,-36.28629392953535
2908101,Cocos,290019,Santa Maria da Vitoria,2906,Barreiras,29,Bahia,BA,2,Nordeste,NE,,,10138.25,-14.497038781646442,-45.220111881682755
3201209,Cachoeiro de Itapemirim,320007,Cachoeiro de Itapemirim,3204,Cachoeiro do Itapemirim,32,Espírito Santo,ES,3,Sudeste,SE,3201209,Cachoeiro de Itapemirim,864.583,-20.766111270517968,-41.190996671448644
5212303,Leopoldo de Bulhões,520002,Anápolis,5201,Goiânia,52,Goiás,GO,5,Centro-oeste,CO,,,476.138,-16.570408911838335,-48.88816481503301
4113908,Mallet,410029,Irati,4106,Ponta Grossa,41,Paraná,PR,4,Sul,S,,,758.509,-25.881068847996207,-50.85727444207517
2931301,Tapiramutá,290030,Jacobina,2910,Feira de Santana,29,Bahia,BA,2,Nordeste,NE,,,714.691,-11.876170020962943,-40.791362391237364
2412559,São Miguel do Gostoso,240001,Natal,2401,Natal,24,Rio Grande do Norte,RN,2,Nordeste,NE,,,431.445,-5.193997778481883,-35.73719739700753
4300877,Araricá,430002,Novo Hamburgo - São Leopoldo,4301,Porto Alegre,43,Rio Grande do Sul,RS,4,Sul,S,4314902,Porto Alegre/RS,35.195,-29.634618514528427,-50.934505999905404
4212270,Passos Maia,420011,Xanxerê,4204,Chapecó,42,Santa Catarina,SC,4,Sul,S,,,617.092,-26.70608275992876,-51.961062574167336
2102077,Bom Lugar,210010,Bacabal,2102,Santa Inês - Bacabal,21,Maranhão,MA,2,Nordeste,NE,,,445.171,-4.3466335253762765,-45.02096519721602
1100205,Porto Velho,110001,Porto Velho,1101,Porto Velho,11,Rondônia,RO,1,Norte,N,1100205,Porto Velho/RO,34090.463,-9.153609843786825,-64.30684148460881
3136207,João Monlevade,310026,João Monlevade,3105,Ipatinga,31,Minas Gerais,MG,3,Sudeste,SE,,,98.231,-19.838263327667015,-43.16158506245088
2600609,Alagoinha,260012,Belo Jardim - Pesqueira,2602,Caruaru,26,Pernambuco,PE,2,Nordeste,NE,,,208.545,-8.494670686132649,-36.758256750427826
3144508,Nazareno,310039,São João del Rei,3107,Barbacena,31,Minas Gerais,MG,3,Sudeste,SE,,,341.453,-21.20420050057191,-44.615088276233166
3503802,Artur Nogueira,350038,Campinas,3510,Campinas,35,São Paulo,SP,3,Sudeste,SE,,,181.786,-22.562085170050008,-47.132298247287906
5204250,Cachoeira Dourada,520007,Itumbiara,5202,Itumbiara,52,Goiás,GO,5,Centro-oeste,CO,,,528.281,-18.490241072694044,-49.622945706705444
4309159,Gramado Xavier,430040,Santa Cruz do Sul,4308,Santa Cruz do Sul - Lajeado,43,Rio Grande do Sul,RS,4,Sul,S,,,216.79,-29.288811639841416,-52.600596502407136
2110237,Santana do Maranhão,210007,Tutóia - Araioses,2101,São Luís,21,Maranhão,MA,2,Nordeste,NE,,,932.032,-3.1972230603031786,-42.614701803501596
4212254,Passo de Torres,420004,Araranguá,4202,Criciúma,42,Santa Catarina,SC,4,Sul,S,,,92.638,-29.26724753528185,-49.72193226905801
3161502,São Geraldo,310029,Ubá,3106,Juíz de Fora,31,Minas Gerais,MG,3,Sudeste,SE,,,185.578,-20.91060040527995,-42.829108749576335
1100189,Pimenta Bueno,110005,Cacoal,1102,Ji-Paraná,11,Rondônia,RO,1,Norte,N,,,6241.017,-11.894466815407087,-60.83039639344574
1717800,Ponte Alta do Bom Jesus,170011,Dianópolis,1703,Gurupi,17,Tocantins,TO,1,Norte,N,,,1718.791,-12.057584968099487,-46.593275435829824
2923100,Olindina,290025,Ribeira do Pombal,2909,Paulo Afonso,29,Bahia,BA,2,Nordeste,NE,,,637.316,-11.434911345782819,-38.354791546136745
2306306,Itapajé,230005,Itapagé,2301,Fortaleza,23,Ceará,CE,2,Nordeste,NE,,,436.32,-3.7318287302356494,-39.575531269696825
2609154,Manari,260011,Arcoverde,2602,Caruaru,26,Pernambuco,PE,2,Nordeste,NE,,,386.57,-8.889342951644702,-37.54102261498306
1701309,Aragominas,170005,Araguaína,1702,Araguaína,17,Tocantins,TO,1,Norte,N,,,1168.213,-6.945523748024805,-48.63233014442948
4212239,Paraíso,420009,São Miguel do Oeste,4204,Chapecó,42,Santa Catarina,SC,4,Sul,S,,,180.338,-26.66280037663883,-53.678303889255496
4105706,Clevelândia,410010,Pato Branco,4103,Cascavel,41,Paraná,PR,4,Sul,S,,,703.973,-26.344625312291935,-52.35782086407494
3112307,Capelinha,310014,Capelinha,3103,Teófilo Otoni,31,Minas Gerais,MG,3,Sudeste,SE,,,965.292,-17.69287311567853,-42.4919588585206
2412401,São José do Seridó,240007,Caicó,2402,Caicó,24,Rio Grande do Norte,RN,2,Nordeste,NE,,,174.505,-6.486637122891571,-36.85850381967924
5204102,Cachoeira Alta,520010,Rio Verde,5203,Rio Verde,52,Goiás,GO,5,Centro-oeste,CO,,,1657.226,-18.542195527055053,-50.98216938497974
4122172,Rio Branco do Ivaí,410025,Ivaiporã,4105,Londrina,41,Paraná,PR,4,Sul,S,,,378.04,-24.346028157529286,-51.336703792333026
3201159,Brejetuba,320002,Afonso Cláudio - Venda Nova do Imigrante - Santa Maria de Jetibá,3201,Vitória,32,Espírito Santo,ES,3,Sudeste,SE,,,354.404,-20.12537390400521,-41.29693940882691
3136306,João Pinheiro,310062,Patos de Minas,3112,Patos de Minas,31,Minas Gerais,MG,3,Sudeste,SE,,,10727.097,-17.604929868921527,-45.93427088071119
2102036,Bom Jesus das Selvas,210021,Açailândia,2105,Imperatriz,21,Maranhão,MA,2,Nordeste,NE,,,2676.93,-4.600807329667255,-46.68863895895337
3153301,Presidente Kubitschek,310016,Diamantina,3103,Teófilo Otoni,31,Minas Gerais,MG,3,Sudeste,SE,,,189.235,-18.633916624550153,-43.57809700336898
2801504,Carmópolis,280001,Aracaju,2801,Aracaju,28,Sergipe,SE,2,Nordeste,NE,2800308,Aracaju/SE,46.395,-10.66460161443905,-36.96607068412085
5008008,Terenos,500001,Campo Grande,5001,Campo Grande,50,Mato Grosso do Sul,MS,5,Centro-oeste,CO,,,2845.653,-20.447402232260465,-55.02409806656089
3169000,Tocantins,310029,Ubá,3106,Juíz de Fora,31,Minas Gerais,MG,3,Sudeste,SE,,,173.866,-21.17747487645161,-43.026477985689404
4122156,Rio Bonito do Iguaçu,410011,Laranjeiras do Sul - Quedas do Iguaçu,4103,Cascavel,41,Paraná,PR,4,Sul,S,,,684.695,-25.54622092058911,-52.607770421749656
2702603,Feira Grande,270007,Arapiraca,2702,Arapiraca,27,Alagoas,AL,2,Nordeste,NE,,,175.906,-9.88932095221022,-36.66288859979926
2404200,Goianinha,240003,Canguaretama,2401,Natal,24,Rio Grande do Norte,RN,2,Nordeste,NE,,,192.279,-6.2878288622831695,-35.2138381871761
4203907,Capinzal,420008,Joaçaba - Herval d'Oeste,4204,Chapecó,42,Santa Catarina,SC,4,Sul,S,,,244.326,-27.41192971178816,-51.63072981125386
4309506,Guarani das Missões,430020,Santo Ângelo,4305,Ijuí,43,Rio Grande do Sul,RS,4,Sul,S,,,289.515,-28.16780650385444,-54.58674424392922
3104106,Arceburgo,310044,Guaxupé,3108,Varginha,31,Minas Gerais,MG,3,Sudeste,SE,,,162.875,-21.359470784546293,-46.94193968321701
3128105,Guapé,310041,Passos,3108,Varginha,31,Minas Gerais,MG,3,Sudeste,SE,,,934.345,-20.76425905729197,-45.92098102451348
2306256,Itaitinga,230001,Fortaleza,2301,Fortaleza,23,Ceará,CE,2,Nordeste,NE,2304400,Fortaleza/CE,153.686,-3.9980371902702596,-38.54996281682862
2609105,Machados,260004,Limoeiro,2601,Recife,26,Pernambuco,PE,2,Nordeste,NE,,,58.32,-7.703901350162227,-35.50353345160145
3553302,Tambaú,350044,São João da Boa Vista,3510,Campinas,35,São Paulo,SP,3,Sudeste,SE,,,561.788,-21.601783291236078,-47.239027212775
2801603,Cedro de São João,280003,Propriá,2801,Aracaju,28,Sergipe,SE,2,Nordeste,NE,,,83.71,-10.266486305309405,-36.899176586447126
1501253,Bannach,150012,Redenção,1504,Redenção,15,Pará,PA,1,Norte,N,,,2956.649,-7.486384401266658,-50.634416334846975
3160801,São Bento Abade,310045,Três Corações,3108,Varginha,31,Minas Gerais,MG,3,Sudeste,SE,,,80.403,-21.570056952481057,-45.072326510976694
2931350,Teixeira de Freitas,290008,Teixeira de Freitas,2903,Ilhéus - Itabuna,29,Bahia,BA,2,Nordeste,NE,2931350,Teixeira de Freitas,1165.618,-17.424098236810302,-39.786880556805436
3201506,Colatina,320005,Colatina,3203,Colatina,32,Espírito Santo,ES,3,Sudeste,SE,3201506,Colatina,1398.219,-19.488202890540688,-40.656791488042465
4301305,Arroio Grande,430009,Pelotas,4302,Pelotas,43,Rio Grande do Sul,RS,4,Sul,S,,,2508.557,-32.188414486425906,-52.91985232302039
2110039,Santa Luzia do Paruá,210011,Governador Nunes Freire,2102,Santa Inês - Bacabal,21,Maranhão,MA,2,Nordeste,NE,,,1010.483,-2.5399278439113164,-45.77228600534045
4212056,Palmeira,420005,Lages,4203,Lages,42,Santa Catarina,SC,4,Sul,S,,,289.097,-27.56259372829235,-50.161614417424715
3504107,Atibaia,350041,Bragança Paulista,3510,Campinas,35,São Paulo,SP,3,Sudeste,SE,3504107,Atibaia/SP,478.52,-23.123262003753585,-46.586787415027985
3536802,Pedra Bela,350041,Bragança Paulista,3510,Campinas,35,São Paulo,SP,3,Sudeste,SE,,,158.588,-22.775758265154163,-46.44184817733483
3144300,Nanuque,310013,Teófilo Otoni,3103,Teófilo Otoni,31,Minas Gerais,MG,3,Sudeste,SE,,,1518.166,-17.77928786088398,-40.49694378364347
5105259,Lucas do Rio Verde,510008,Sorriso,5103,Sinop,51,Mato Grosso,MT,5,Centro-oeste,CO,,,3674.596,-13.03726268227583,-56.16745525453038
3119906,Córrego do Bom Jesus,310050,Pouso Alegre,3109,Pouso Alegre,31,Minas Gerais,MG,3,Sudeste,SE,,,123.651,-22.63445638541381,-45.993174024295826
3545100,Salmourão,350019,Adamantina - Lucélia,3505,Presidente Prudente,35,São Paulo,SP,3,Sudeste,SE,,,172.934,-21.588038862741264,-50.87629611896305
2600906,Amaraji,260018,Escada - Ribeirão,2601,Recife,26,Pernambuco,PE,2,Nordeste,NE,,,233.239,-8.365021187996222,-35.46545947165671
3520442,Ilha Solteira,350024,Andradina,3506,Araçatuba,35,São Paulo,SP,3,Sudeste,SE,,,652.641,-20.43142842642452,-51.25897862207866
2931707,Terra Nova,290001,Salvador,2901,Salvador,29,Bahia,BA,2,Nordeste,NE,,,193.241,-12.396420078171158,-38.60232322206222
2609204,Maraial,260003,Palmares,2601,Recife,26,Pernambuco,PE,2,Nordeste,NE,,,199.865,-8.834209136955224,-35.76171048033331
3152600,Pouso Alto,310053,São Lourenço,3109,Pouso Alegre,31,Minas Gerais,MG,3,Sudeste,SE,,,263.034,-22.175423227611,-44.93256164293468
5212709,Mambaí,520021,Posse-Campos Belos,5206,Luziânia - Águas Lindas de Goiás,52,Goiás,GO,5,Centro-oeste,CO,,,858.27,-14.42020615574583,-46.06700918773422
3160900,São Brás do Suaçuí,310038,Conselheiro Lafaiete,3107,Barbacena,31,Minas Gerais,MG,3,Sudeste,SE,3118304,Conselheiro Lafaiete/MG,110.019,-20.62749529143974,-43.97240167561666
4317756,Santo Antônio do Planalto,430028,Carazinho,4306,Passo Fundo,43,Rio Grande do Sul,RS,4,Sul,S,,,203.44,-28.365094175951032,-52.681467045798996
3136108,Joanésia,310024,Ipatinga,3105,Ipatinga,31,Minas Gerais,MG,3,Sudeste,SE,,,233.292,-19.20962364885276,-42.70436718044313
3201605,Conceição da Barra,320003,São Mateus,3202,São Mateus,32,Espírito Santo,ES,3,Sudeste,SE,,,1182.587,-18.44513691192688,-39.8333676995044
3528601,Manduri,350007,Avaré,3502,Sorocaba,35,São Paulo,SP,3,Sudeste,SE,,,229.046,-23.04699927075989,-49.30364497398735
3520426,Ilha Comprida,350005,Registro,3502,Sorocaba,35,São Paulo,SP,3,Sudeste,SE,,,196.567,-24.8590295705441,-47.71543788613784
4309571,Herveiras,430040,Santa Cruz do Sul,4308,Santa Cruz do Sul - Lajeado,43,Rio Grande do Sul,RS,4,Sul,S,,,117.981,-29.441062270817515,-52.66918463276079
3169059,Tocos do Moji,310050,Pouso Alegre,3109,Pouso Alegre,31,Minas Gerais,MG,3,Sudeste,SE,,,114.705,-22.358692910993923,-46.14649158029521
5105234,Lambari D'Oeste,510004,Cáceres,5102,Cáceres,51,Mato Grosso,MT,5,Centro-oeste,CO,,,1810.463,-15.37706204665733,-57.77917724976947
2207553,Paquetá,220009,Picos,2203,Picos,22,Piauí,PI,2,Nordeste,NE,,,432.572,-7.131534553121503,-41.68563969638641
3152709,Prados,310039,São João del Rei,3107,Barbacena,31,Minas Gerais,MG,3,Sudeste,SE,,,264.115,-21.09858758965247,-44.06346335597016
1501204,Baião,150011,Tucuruí,1503,Marabá,15,Pará,PA,1,Norte,N,,,3760.001,-3.1298386535328144,-49.69897613546081
2601003,Angelim,260010,Garanhuns,2602,Caruaru,26,Pernambuco,PE,2,Nordeste,NE,,,118.72,-8.891265814686411,-36.276730798723314
2923506,Palmeiras,290034,Seabra,2910,Feira de Santana,29,Bahia,BA,2,Nordeste,NE,,,737.797,-12.552496645836374,-41.55387044891657
4309555,Harmonia,430002,Novo Hamburgo - São Leopoldo,4301,Porto Alegre,43,Rio Grande do Sul,RS,4,Sul,S,,,48.547,-29.545676263269407,-51.42632117214734
3127909,Grupiara,310061,Monte Carmelo,3111,Uberlândia,31,Minas Gerais,MG,3,Sudeste,SE,,,193.141,-18.48813237740239,-47.76039946843142
3520400,Ilhabela,350051,Caraguatatuba - Ubatuba - São Sebastião,3511,São José dos Campos,35,São Paulo,SP,3,Sudeste,SE,3510500,Caraguatatuba - Ubatuba - São Sebastião/SP,346.389,-23.850110138640034,-45.32923042864439
2101939,Bernardo do Mearim,210012,Pedreiras,2102,Santa Inês - Bacabal,21,Maranhão,MA,2,Nordeste,NE,,,247.189,-4.680138995446562,-44.68783729513817
4203956,Capivari de Baixo,420003,Tubarão,4202,Criciúma,42,Santa Catarina,SC,4,Sul,S,4218707,Tubarão - Laguna/SC,53.222,-28.455563834268254,-48.94338454327141
3536109,Pardinho,350011,Botucatu,3503,Bauru,35,São Paulo,SP,3,Sudeste,SE,,,208.223,-23.102533109170714,-48.40221568258209
3553104,Taiaçu,350032,Barretos,3508,Ribeirão Preto,35,São Paulo,SP,3,Sudeste,SE,,,107.059,-21.132183104289677,-48.53029766412255
3144375,Natalândia,310063,Unaí,3112,Patos de Minas,31,Minas Gerais,MG,3,Sudeste,SE,,,468.66,-16.54517472797543,-46.47475807063164
4113759,Lunardelli,410025,Ivaiporã,4105,Londrina,41,Paraná,PR,4,Sul,S,,,191.062,-24.077348814361628,-51.770499641930186
5000252,Alcinópolis,500004,Coxim,5001,Campo Grande,50,Mato Grosso do Sul,MS,5,Centro-oeste,CO,,,4397.518,-18.209152437425146,-53.74919234815235
1709500,Gurupi,170010,Gurupi,1703,Gurupi,17,Tocantins,TO,1,Norte,N,,,1844.164,-11.651597033343384,-48.887357477490404
2110104,Santa Quitéria do Maranhão,210003,Chapadinha,2101,São Luís,21,Maranhão,MA,2,Nordeste,NE,,,1430.329,-3.3451989263267308,-42.88003123992906
3512209,Conchal,350045,Araras,3510,Campinas,35,São Paulo,SP,3,Sudeste,SE,,,182.793,-22.369315077406917,-47.141134443100874
4317707,Santo Antônio das Missões,430022,São Luiz Gonzaga,4305,Ijuí,43,Rio Grande do Sul,RS,4,Sul,S,,,1710.466,-28.494011341977085,-55.426061770535796
2915601,Itamaraju,290008,Teixeira de Freitas,2903,Ilhéus - Itabuna,29,Bahia,BA,2,Nordeste,NE,,,2360.584,-17.00875697503409,-39.764820383689624
2702504,Dois Riachos,270010,Santana do Ipanema,2702,Arapiraca,27,Alagoas,AL,2,Nordeste,NE,,,142.364,-9.381347417155727,-37.068982091953764
3144359,Naque,310024,Ipatinga,3105,Ipatinga,31,Minas Gerais,MG,3,Sudeste,SE,3131307,Ipatinga/MG,127.173,-19.18109845459806,-42.32444932789641
3119708,Coronel Xavier Chaves,310039,São João del Rei,3107,Barbacena,31,Minas Gerais,MG,3,Sudeste,SE,3162500,São João del Rei/MG,140.954,-21.02466330738417,-44.19662414664268
5220702,Sítio d'Abadia,520021,Posse-Campos Belos,5206,Luziânia - Águas Lindas de Goiás,52,Goiás,GO,5,Centro-oeste,CO,,,1611.851,-14.735754822677222,-46.23931279671707
3128006,Guanhães,310021,Guanhães,3104,Governador Valadares,31,Minas Gerais,MG,3,Sudeste,SE,,,1075.124,-18.833671006121314,-42.85318248369016
4212106,Palmitos,420007,Chapecó,4204,Chapecó,42,Santa Catarina,SC,4,Sul,S,,,351.051,-27.092621766607802,-53.17982900551175
3544905,Sales Oliveira,350034,São Joaquim da Barra - Orlândia,3508,Ribeirão Preto,35,São Paulo,SP,3,Sudeste,SE,,,305.776,-20.831524753452793,-47.85460417777254
3553203,Taiúva,350032,Barretos,3508,Ribeirão Preto,35,São Paulo,SP,3,Sudeste,SE,,,132.459,-21.132692045205438,-48.42824963847057
5008404,Vicentina,500005,Dourados,5002,Dourados,50,Mato Grosso do Sul,MS,5,Centro-oeste,CO,,,302.542,-22.469325814166442,-54.423033751054945
2207504,Palmeirais,220002,Amarante - Água Branca - Regeneração,2201,Teresina,22,Piauí,PI,2,Nordeste,NE,,,1493.766,-5.883259186117477,-42.955786468801556
3527900,Lutécia,350014,Assis,3504,Marília,35,São Paulo,SP,3,Sudeste,SE,,,475.226,-22.325282763405742,-50.38547535995049
5105309,Luciara,510014,Confresa - Vila Rica,5104,Barra do Garças,51,Mato Grosso,MT,5,Centro-oeste,CO,,,4282.733,-11.01467514764984,-50.94579946381564
2609006,Macaparana,260002,Goiana - Timbaúba,2601,Recife,26,Pernambuco,PE,2,Nordeste,NE,,,108.049,-7.527665472309612,-35.450210551033585
3201407,Castelo,320007,Cachoeiro de Itapemirim,3204,Cachoeiro do Itapemirim,32,Espírito Santo,ES,3,Sudeste,SE,,,663.515,-20.551726941430363,-41.203972573008016
2101905,Bequimão,210002,Pinheiro,2101,São Luís,21,Maranhão,MA,2,Nordeste,NE,,,790.222,-2.4309372682123254,-44.785665926279314
5220686,Simolândia,520021,Posse-Campos Belos,5206,Luziânia - Águas Lindas de Goiás,52,Goiás,GO,5,Centro-oeste,CO,,,346.811,-14.43294398576485,-46.582905451376746
3160702,Santos Dumont,310027,Juiz de Fora,3106,Juíz de Fora,31,Minas Gerais,MG,3,Sudeste,SE,,,637.373,-21.457727063957165,-43.525719261818374
4211454,Nova Itaberaba,420007,Chapecó,4204,Chapecó,42,Santa Catarina,SC,4,Sul,S,,,137.069,-26.961121112977523,-52.833338858760655
2907400,Catolândia,290018,Barreiras,2906,Barreiras,29,Bahia,BA,2,Nordeste,NE,,,702.504,-12.273439719656713,-44.69706751837361
2510105,Nova Floresta,250006,Cuité - Nova Floresta,2502,Campina Grande,25,Paraíba,PB,2,Nordeste,NE,,,47.572,-6.476428320010335,-36.206237971186376
4317558,Santo Antônio do Palma,430030,Marau,4306,Passo Fundo,43,Rio Grande do Sul,RS,4,Sul,S,,,126.094,-28.495604004278672,-52.00863962461547
5212501,Luziânia,520019,Luziânia,5206,Luziânia - Águas Lindas de Goiás,52,Goiás,GO,5,Centro-oeste,CO,5300108,Brasília/DF,3962.107,-16.481810102386074,-47.99164099903677
3119807,Córrego Danta,310066,Formiga,3113,Divinópolis,31,Minas Gerais,MG,3,Sudeste,SE,,,657.425,-19.781584560028556,-45.9828823694684
2207355,Pajeú do Piauí,220019,Canto do Buriti,2206,Floriano,22,Piauí,PI,2,Nordeste,NE,,,986.961,-7.903968794098408,-42.83351209771215
1304302,Urucará,130011,Itacoatiara,1304,Parintins,13,Amazonas,AM,1,Norte,N,,,27851.365,-0.8909550070569017,-59.03144076195886
3519709,Ibiúna,350003,Sorocaba,3502,Sorocaba,35,São Paulo,SP,3,Sudeste,SE,,,1058.01,-23.802370399460095,-47.21524149240561
2600807,Altinho,260009,Caruaru,2602,Caruaru,26,Pernambuco,PE,2,Nordeste,NE,,,450.178,-8.490502606274093,-36.09897156830994
5000203,Água Clara,500002,Três Lagoas,5001,Campo Grande,50,Mato Grosso do Sul,MS,5,Centro-oeste,CO,,,7781.558,-19.962822259695123,-52.92669220212656
1501006,Aveiro,150016,Itaituba,1505,Santarém,15,Pará,PA,1,Norte,N,,,17072.657,-3.6672316932826345,-56.01622857064371
3545001,Salesópolis,350001,São Paulo,3501,São Paulo,35,São Paulo,SP,3,Sudeste,SE,3550308,São Paulo/SP,424.997,-23.58019632079669,-45.84258725512129
4122008,Rio Azul,410029,Irati,4106,Ponta Grossa,41,Paraná,PR,4,Sul,S,,,596.17,-25.721468340534646,-50.79264666497587
3144706,Nova Era,310026,João Monlevade,3105,Ipatinga,31,Minas Gerais,MG,3,Sudeste,SE,,,361.852,-19.7188033905163,-43.01373608775121
4219606,Xavantina,420011,Xanxerê,4204,Chapecó,42,Santa Catarina,SC,4,Sul,S,,,218.032,-27.021214464741163,-52.321889844395216
3152501,Pouso Alegre,310050,Pouso Alegre,3109,Pouso Alegre,31,Minas Gerais,MG,3,Sudeste,SE,3152501,Pouso Alegre,542.797,-22.264916095468298,-45.94000819846277
4203253,Capão Alto,420005,Lages,4203,Lages,42,Santa Catarina,SC,4,Sul,S,,,1331.962,-28.06218197567636,-50.606912068972406
2501906,Belém,250002,Guarabira,2501,João Pessoa,25,Paraíba,PB,2,Nordeste,NE,,,99.609,-6.705303342004696,-35.49823380169636
5212600,Mairipotaba,520009,Piracanjuba,5202,Itumbiara,52,Goiás,GO,5,Centro-oeste,CO,,,468.029,-17.30015584320915,-49.457258175604174
3511508,Cerquilho,350003,Sorocaba,3502,Sorocaba,35,São Paulo,SP,3,Sudeste,SE,,,127.803,-23.187123395579626,-47.75713328686777
3519808,Icém,350025,São José do Rio Preto,3507,São José do Rio Preto,35,São Paulo,SP,3,Sudeste,SE,,,362.355,-20.367244323182618,-49.18529265912303
2915403,Itaju do Colônia,290007,Ilhéus - Itabuna,2903,Ilhéus - Itabuna,29,Bahia,BA,2,Nordeste,NE,,,1226.908,-15.148286781252585,-39.731450998447045
1501105,Bagre,150020,Breves,1507,Breves,15,Pará,PA,1,Norte,N,,,4397.321,-2.37314311082378,-50.181766981581745
3136504,Jordânia,310015,Almenara,3103,Teófilo Otoni,31,Minas Gerais,MG,3,Sudeste,SE,,,546.705,-15.88330278995118,-40.31389039101364
4211405,Nova Erechim,420007,Chapecó,4204,Chapecó,42,Santa Catarina,SC,4,Sul,S,,,65.087,-26.90816856734308,-52.90669278937369
4113809,Lupionópolis,410021,Londrina,4105,Londrina,41,Paraná,PR,4,Sul,S,,,121.661,-22.72794254954947,-51.66430099748793
4219705,Xaxim,420007,Chapecó,4204,Chapecó,42,Santa Catarina,SC,4,Sul,S,,,293.628,-26.970308801489995,-52.52910542179001
3144672,Nova Belém,310022,Mantena,3104,Governador Valadares,31,Minas Gerais,MG,3,Sudeste,SE,,,146.776,-18.488169881248055,-41.1020367054847
3552502,Suzano,350001,São Paulo,3501,São Paulo,35,São Paulo,SP,3,Sudeste,SE,3550308,São Paulo/SP,206.236,-23.60838804450437,-46.310448404223614
3511607,Cesário Lange,350008,Tatuí,3502,Sorocaba,35,São Paulo,SP,3,Sudeste,SE,,,190.392,-23.216511003931913,-47.90389784794756
2411809,São Fernando,240007,Caicó,2402,Caicó,24,Rio Grande do Norte,RN,2,Nordeste,NE,,,404.427,-6.321347226190932,-37.15115610211053
2207306,Paes Landim,220012,Simplício Mendes,2203,Picos,22,Piauí,PI,2,Nordeste,NE,,,401.379,-7.812743968367073,-42.28518831437273
2306207,Itaiçaba,230008,Aracati,2302,Quixadá,23,Ceará,CE,2,Nordeste,NE,,,213.604,-4.717555701577633,-37.847179123267836
2702801,Flexeiras,270001,Maceió,2701,Maceió,27,Alagoas,AL,2,Nordeste,NE,,,333.756,-9.24514236541983,-35.76388725334747
5105622,Mirassol d'Oeste,510006,Mirassol D'oeste,5102,Cáceres,51,Mato Grosso,MT,5,Centro-oeste,CO,,,1085.488,-15.654156191783478,-58.05495940492543
3144656,Ninheira,310008,Salinas,3102,Montes Claros,31,Minas Gerais,MG,3,Sudeste,SE,,,1108.27,-15.368109981125063,-41.65985704850429
3536000,Parapuã,350016,Tupã,3504,Marília,35,São Paulo,SP,3,Sudeste,SE,,,366.676,-21.852912488462447,-50.82171119837397
3128303,Guaranésia,310044,Guaxupé,3108,Varginha,31,Minas Gerais,MG,3,Sudeste,SE,,,294.828,-21.277446717314632,-46.807300980832565
2509909,Natuba,250004,Itabaiana,2501,João Pessoa,25,Paraíba,PB,2,Nordeste,NE,,,202.173,-7.560171986090673,-35.56293924319284
4105607,Cidade Gaúcha,410016,Umuarama,4104,Maringá,41,Paraná,PR,4,Sul,S,,,402.241,-23.382735236350182,-52.9588294593596
3503950,Aspásia,350028,Jales,3507,São José do Rio Preto,35,São Paulo,SP,3,Sudeste,SE,,,69.373,-20.183558925735504,-50.7280303668742
3111705,Canaã,310033,Viçosa,3106,Juíz de Fora,31,Minas Gerais,MG,3,Sudeste,SE,,,174.9,-20.66679958652278,-42.62183372100271
4211504,Nova Trento,420021,Brusque,4207,Blumenau,42,Santa Catarina,SC,4,Sul,S,,,402.852,-27.313268121915623,-49.04136677855295
4317608,Santo Antônio da Patrulha,430001,Porto Alegre,4301,Porto Alegre,43,Rio Grande do Sul,RS,4,Sul,S,,,1049.583,-29.872752228065963,-50.55919231461061
2915502,Itajuípe,290007,Ilhéus - Itabuna,2903,Ilhéus - Itabuna,29,Bahia,BA,2,Nordeste,NE,,,270.752,-14.671517521592317,-39.44490013387271
3544301,Roseira,350052,Guaratinguetá,3511,São José dos Campos,35,São Paulo,SP,3,Sudeste,SE,3518404,Guaratinguetá/SP,129.847,-22.933049362896476,-45.30247145402444
4121307,Rancho Alegre,410024,Cornélio Procópio - Bandeirantes,4105,Londrina,41,Paraná,PR,4,Sul,S,,,167.646,-23.079955271453553,-50.9193747530517
5204508,Caldas Novas,520008,Caldas Novas-Morrinhos,5202,Itumbiara,52,Goiás,GO,5,Centro-oeste,CO,,,1608.523,-17.709551256001873,-48.646328172576844
5211909,Jataí,520011,Jataí-Mineiros,5203,Rio Verde,52,Goiás,GO,5,Centro-oeste,CO,,,7178.792,-17.909569953110196,-51.732168620986606
2110500,São Bento,210002,Pinheiro,2101,São Luís,21,Maranhão,MA,2,Nordeste,NE,,,456.998,-2.7980676364558317,-44.999278485704906
2403608,Extremoz,240001,Natal,2401,Natal,24,Rio Grande do Norte,RN,2,Nordeste,NE,2408102,Natal/RN,140.639,-5.680969324948026,-35.268665597375815
2102325,Buriticupu,210021,Açailândia,2105,Imperatriz,21,Maranhão,MA,2,Nordeste,NE,,,2553.663,-4.492356394343656,-46.34251151198262
5008305,Três Lagoas,500002,Três Lagoas,5001,Campo Grande,50,Mato Grosso do Sul,MS,5,Centro-oeste,CO,5008305,Três Lagoas,10217.071,-20.438863048659968,-52.21122353252483
2207405,Palmeira do Piauí,220016,Bom Jesus,2205,Corrente - Bom Jesus,22,Piauí,PI,2,Nordeste,NE,,,2023.971,-8.55677357704618,-44.464539899742
2702900,Girau do Ponciano,270007,Arapiraca,2702,Arapiraca,27,Alagoas,AL,2,Nordeste,NE,,,517.85,-9.792703001245025,-36.85054244422603
2501708,Barra de São Miguel,250005,Campina Grande,2502,Campina Grande,25,Paraíba,PB,2,Nordeste,NE,,,609.695,-7.700355916549741,-36.28657435185208
3527801,Lupércio,350013,Marília,3504,Marília,35,São Paulo,SP,3,Sudeste,SE,,,155.171,-22.427223723048332,-49.81698912511873
3136579,Josenópolis,310006,Montes Claros,3102,Montes Claros,31,Minas Gerais,MG,3,Sudeste,SE,,,541.393,-16.541650975296825,-42.55069709741015
3168903,Tiros,310062,Patos de Minas,3112,Patos de Minas,31,Minas Gerais,MG,3,Sudeste,SE,,,2091.774,-18.860057331362608,-45.824077443717286
3103504,Araguari,310059,Uberlândia,3111,Uberlândia,31,Minas Gerais,MG,3,Sudeste,SE,3103504,Araguari,2729.777,-18.577113469208328,-48.22204739897657
4203303,Campo Alegre,420018,São Bento do Sul - Rio Negrinho,4206,Joinville,42,Santa Catarina,SC,4,Sul,S,,,500.174,-26.12079690224422,-49.217611047814515
2923357,Ourolândia,290030,Jacobina,2910,Feira de Santana,29,Bahia,BA,2,Nordeste,NE,,,1544.985,-10.847910639693959,-41.137090666524294
4309407,Guaporé,430038,Nova Prata - Guaporé,4307,Caxias do Sul,43,Rio Grande do Sul,RS,4,Sul,S,,,297.743,-28.854989363206933,-51.90431469081879
3120102,Couto de Magalhães de Minas,310016,Diamantina,3103,Teófilo Otoni,31,Minas Gerais,MG,3,Sudeste,SE,,,485.654,-18.084485751848085,-43.43981668095103
2907301,Castro Alves,290004,Cruz das Almas,2902,Santo Antônio de Jesus,29,Bahia,BA,2,Nordeste,NE,,,713.789,-12.73162557247332,-39.36399698969628
2510006,Nazarezinho,250014,Sousa,2504,Sousa - Cajazeiras,25,Paraíba,PB,2,Nordeste,NE,,,193.203,-6.95097581989325,-38.326644452029186
2102309,Buriti Bravo,210014,Timon,2103,Caxias,21,Maranhão,MA,2,Nordeste,NE,,,1581.721,-5.789193802934341,-43.830424383975455
2306553,Itarema,230017,Acaraú,2306,Sobral,23,Ceará,CE,2,Nordeste,NE,,,714.833,-3.0498307962374263,-39.88905806015264
4113106,Kaloré,410023,Apucarana,4105,Londrina,41,Paraná,PR,4,Sul,S,,,194.081,-23.85676403448498,-51.68988714871257
5220058,São João da Paraúna,520015,Palmeiras de Goiás,5204,São Luís de Montes Belos - Iporá,52,Goiás,GO,5,Centro-oeste,CO,,,286.979,-16.818766696402726,-50.37293062609714
4121406,Realeza,410009,Francisco Beltrão,4103,Cascavel,41,Paraná,PR,4,Sul,S,,,353.922,-25.674645084395646,-53.543475447944004
4219507,Xanxerê,420011,Xanxerê,4204,Chapecó,42,Santa Catarina,SC,4,Sul,S,,,377.426,-26.872279357906883,-52.40975397767392
3519600,Ibitinga,350036,Araraquara,3509,Araraquara,35,São Paulo,SP,3,Sudeste,SE,,,689.391,-21.79294129943361,-48.84782469978546
2501807,Bayeux,250001,João Pessoa,2501,João Pessoa,25,Paraíba,PB,2,Nordeste,NE,2507507,João Pessoa/PB,27.705,-7.131734532379612,-34.921946627635556
1717008,Pindorama do Tocantins,170002,Porto Nacional,1701,Palmas,17,Tocantins,TO,1,Norte,N,,,1560.551,-11.159714214801266,-47.558852207630515
3136553,José Raydan,310021,Guanhães,3104,Governador Valadares,31,Minas Gerais,MG,3,Sudeste,SE,,,180.822,-18.247173570520957,-42.48014390512994
3552551,Suzanápolis,350028,Jales,3507,São José do Rio Preto,35,São Paulo,SP,3,Sudeste,SE,,,330.587,-20.47291751000846,-51.07562120120985
4104907,Castro,410027,Ponta Grossa,4106,Ponta Grossa,41,Paraná,PR,4,Sul,S,,,2526.498,-24.800864221700742,-49.84038084815729
4301206,Arroio do Tigre,430042,Sobradinho,4308,Santa Cruz do Sul - Lajeado,43,Rio Grande do Sul,RS,4,Sul,S,,,315.132,-29.258865043997144,-53.05226393375192
3504008,Assis,350014,Assis,3504,Marília,35,São Paulo,SP,3,Sudeste,SE,,,460.609,-22.601741217450762,-50.420762735351346
3511409,Cerqueira César,350007,Avaré,3502,Sorocaba,35,São Paulo,SP,3,Sudeste,SE,,,511.621,-23.05934199600145,-49.143820312420694
4316907,Santa Maria,430011,Santa Maria,4303,Santa Maria,43,Rio Grande do Sul,RS,4,Sul,S,4316907,Santa Maria/RS,1780.194,-29.78492140530151,-53.825036883752986
2102150,Brejo de Areia,210010,Bacabal,2102,Santa Inês - Bacabal,21,Maranhão,MA,2,Nordeste,NE,,,986.036,-4.365104267549621,-45.65005878377356
1500404,Alenquer,150015,Santarém,1505,Santarém,15,Pará,PA,1,Norte,N,,,23644.384,-0.6046148781796279,-55.03916583619053
4113205,Lapa,410001,Curitiba,4101,Curitiba,41,Paraná,PR,4,Sul,S,,,2100.392,-25.770583539675332,-49.871142084884106
3111507,Campos Altos,310056,Araxá,3110,Uberaba,31,Minas Gerais,MG,3,Sudeste,SE,,,710.645,-19.60485769939344,-46.19705126889465
5220157,São Luiz do Norte,520017,Uruaçu - Niquelândia,5205,Porangatu - Uruaçu,52,Goiás,GO,5,Centro-oeste,CO,,,583.832,-14.916211222308165,-49.275562463248754
2411601,São Bento do Norte,240005,João Câmara,2401,Natal,24,Rio Grande do Norte,RN,2,Nordeste,NE,,,288.761,-5.144125137043741,-35.98906179421409
3503356,Arco-Íris,350016,Tupã,3504,Marília,35,São Paulo,SP,3,Sudeste,SE,,,264.904,-21.76633947781818,-50.4309427658258
4211306,Navegantes,420020,Itajaí,4207,Blumenau,42,Santa Catarina,SC,4,Sul,S,4208203,Itajaí - Balneário Camboriú/SC,111.377,-26.8287111160145,-48.72743788339149
2931608,Teolândia,290014,Ipiaú,2904,Vitória da Conquista,29,Bahia,BA,2,Nordeste,NE,,,289.782,-13.554432869562207,-39.49748274936795
2915809,Itambé,290011,Vitória da Conquista,2904,Vitória da Conquista,29,Bahia,BA,2,Nordeste,NE,,,1534.58,-15.158180959334748,-40.46223499803716
3161056,São Félix de Minas,310022,Mantena,3104,Governador Valadares,31,Minas Gerais,MG,3,Sudeste,SE,,,162.56,-18.568623082976277,-41.44855962332437
2306504,Itapiúna,230003,Redenção-Acarape,2301,Fortaleza,23,Ceará,CE,2,Nordeste,NE,,,593.232,-4.595515247362676,-38.95206615436748
3136520,José Gonçalves de Minas,310017,Araçuaí,3103,Teófilo Otoni,31,Minas Gerais,MG,3,Sudeste,SE,,,381.332,-16.900187415448972,-42.65613461440885
2110302,Santo Antônio dos Lopes,210012,Pedreiras,2102,Santa Inês - Bacabal,21,Maranhão,MA,2,Nordeste,NE,,,770.923,-4.826407923499613,-44.48116126577105
4121356,Rancho Alegre D'Oeste,410015,Campo Mourão,4104,Maringá,41,Paraná,PR,4,Sul,S,,,241.185,-24.291204519338386,-52.96195805780942
2608453,Lagoa do Carro,260006,Carpina,2601,Recife,26,Pernambuco,PE,2,Nordeste,NE,,,69.244,-7.8523993732310355,-35.33686165970666
4105003,Catanduvas,410006,Cascavel,4103,Cascavel,41,Paraná,PR,4,Sul,S,,,578.494,-25.241344389146423,-53.15588326538421
5204300,Caçu,520010,Rio Verde,5203,Rio Verde,52,Goiás,GO,5,Centro-oeste,CO,,,2254.34,-18.700679433288556,-51.131177178707375
2403400,Equador,240007,Caicó,2402,Caicó,24,Rio Grande do Norte,RN,2,Nordeste,NE,,,264.985,-6.882011315842946,-36.66614853158404
4308706,Gaurama,430026,Erechim,4306,Passo Fundo,43,Rio Grande do Sul,RS,4,Sul,S,,,204.428,-27.59869576754971,-52.11551588383711
2702702,Feliz Deserto,270003,Penedo,2701,Maceió,27,Alagoas,AL,2,Nordeste,NE,,,110.062,-10.283331765171766,-36.33591394189105
2411700,São Bento do Trairí,240004,Santa Cruz,2401,Natal,24,Rio Grande do Norte,RN,2,Nordeste,NE,,,190.818,-6.38321526982178,-36.048470504892364
3103306,Aracitaba,310027,Juiz de Fora,3106,Juíz de Fora,31,Minas Gerais,MG,3,Sudeste,SE,,,106.608,-21.350334810746414,-43.40375710471266
4203105,Caibi,420007,Chapecó,4204,Chapecó,42,Santa Catarina,SC,4,Sul,S,,,173.079,-27.025175521518165,-53.26305757802748
3111606,Campos Gerais,310042,Alfenas,3108,Varginha,31,Minas Gerais,MG,3,Sudeste,SE,,,769.504,-21.258848284534857,-45.753586748521776
2923407,Palmas de Monte Alto,290016,Guanambi,2905,Guanambi,29,Bahia,BA,2,Nordeste,NE,,,2559.973,-14.175209682783976,-43.21760235626988
3120151,Crisólita,310019,Águas Formosas,3103,Teófilo Otoni,31,Minas Gerais,MG,3,Sudeste,SE,,,966.202,-17.24010187721717,-40.96148323255123
5105507,Vila Bela da Santíssima Trindade,510005,Pontes e Lacerda - Comodoro,5102,Cáceres,51,Mato Grosso,MT,5,Centro-oeste,CO,,,13484.71,-15.190622403394174,-59.99083159888803
1304260,Uarini,130005,Tefé,1302,Tefé,13,Amazonas,AM,1,Norte,N,,,10323.306,-3.1590652957302816,-65.41144578698587
2907608,Central,290020,Irecê,2907,Irecê,29,Bahia,BA,2,Nordeste,NE,,,566.975,-11.151291638387747,-42.11242687014887
2915908,Itanagra,290001,Salvador,2901,Salvador,29,Bahia,BA,2,Nordeste,NE,,,533.632,-12.315346102215765,-38.04259251201917
2207702,Parnaíba,220006,Parnaíba,2202,Parnaíba,22,Piauí,PI,2,Nordeste,NE,2207702,Parnaíba,436.907,-2.9591591251722273,-41.75344479706673
2306603,Itatira,230004,Canindé,2301,Fortaleza,23,Ceará,CE,2,Nordeste,NE,,,829.211,-4.625459412320096,-39.57822382221293
4121208,Quitandinha,410001,Curitiba,4101,Curitiba,41,Paraná,PR,4,Sul,S,,,446.597,-25.910388827095932,-49.481517236953636
2102101,Brejo,210003,Chapadinha,2101,São Luís,21,Maranhão,MA,2,Nordeste,NE,,,1073.257,-3.687016474520354,-42.82851142575628
2510303,Nova Palmeira,250006,Cuité - Nova Floresta,2502,Campina Grande,25,Paraíba,PB,2,Nordeste,NE,,,314.748,-6.676194694497221,-36.42642161937373
2922755,Nova Ibiá,290014,Ipiaú,2904,Vitória da Conquista,29,Bahia,BA,2,Nordeste,NE,,,203.2,-13.824994843810185,-39.58280852521873
5204409,Caiapônia,520011,Jataí-Mineiros,5203,Rio Verde,52,Goiás,GO,5,Centro-oeste,CO,,,8627.961,-17.00710070925413,-51.81475952029512
5220108,São Luís de Montes Belos,520013,São Luís de Montes Belos,5204,São Luís de Montes Belos - Iporá,52,Goiás,GO,5,Centro-oeste,CO,,,829.62,-16.45552073931235,-50.37570759174332
2110401,São Benedito do Rio Preto,210003,Chapadinha,2101,São Luís,21,Maranhão,MA,2,Nordeste,NE,,,931.484,-3.375323873554321,-43.618455303139356
2403509,Espírito Santo,240003,Canguaretama,2401,Natal,24,Rio Grande do Norte,RN,2,Nordeste,NE,,,135.837,-6.305650404961463,-35.304484675563906
4300505,Alpestre,430035,Nonoai,4306,Passo Fundo,43,Rio Grande do Sul,RS,4,Sul,S,,,325.979,-27.217261015636797,-53.063523036270205
3120003,Córrego Novo,310025,Caratinga,3105,Ipatinga,31,Minas Gerais,MG,3,Sudeste,SE,,,205.385,-19.830498841166694,-42.445720488667334
3503307,Araras,350045,Araras,3510,Campinas,35,São Paulo,SP,3,Sudeste,SE,3503307,Araras,644.805,-22.34615593408977,-47.3238503767804
4308805,General Câmara,430006,Charqueadas - Triunfo - São Jerônimo,4301,Porto Alegre,43,Rio Grande do Sul,RS,4,Sul,S,,,510.01,-29.86536707397248,-51.916294482207206
3103405,Araçuaí,310017,Araçuaí,3103,Teófilo Otoni,31,Minas Gerais,MG,3,Sudeste,SE,,,2236.279,-16.930781597447265,-41.993174809354024
4203204,Camboriú,420020,Itajaí,4207,Blumenau,42,Santa Catarina,SC,4,Sul,S,4208203,Itajaí - Balneário Camboriú/SC,210.568,-27.070938707610246,-48.70898929221677
4316972,Santa Margarida do Sul,430012,São Gabriel - Caçapava do Sul,4303,Santa Maria,43,Rio Grande do Sul,RS,4,Sul,S,,,955.299,-30.371059525757488,-54.09771763610233
2907707,Chorrochó,290024,Paulo Afonso,2909,Paulo Afonso,29,Bahia,BA,2,Nordeste,NE,,,3005.319,-9.27170712994442,-39.18911024062409
3169307,Três Corações,310045,Três Corações,3108,Varginha,31,Minas Gerais,MG,3,Sudeste,SE,,,828.038,-21.686406065105842,-45.20489322369533
4113007,Jussara,410018,Cianorte,4104,Maringá,41,Paraná,PR,4,Sul,S,,,207.013,-23.637039163061885,-52.448702571184455
2207801,Paulistana,220010,Paulistana,2203,Picos,22,Piauí,PI,2,Nordeste,NE,,,1937.343,-8.110382657542164,-41.14541195236949
2930907,Tabocas do Brejo Velho,290018,Barreiras,2906,Barreiras,29,Bahia,BA,2,Nordeste,NE,,,1437.188,-12.479855208158058,-44.155648411252265
2608404,Jurema,260010,Garanhuns,2602,Caruaru,26,Pernambuco,PE,2,Nordeste,NE,,,148.254,-8.755428658684938,-36.14274668987147
2102200,Buriti,210003,Chapadinha,2101,São Luís,21,Maranhão,MA,2,Nordeste,NE,,,1475.78,-3.9004645620097054,-43.00151236395824
5105606,Matupá,510011,Peixoto de Azevedo - Guarantã do Norte,5103,Sinop,51,Mato Grosso,MT,5,Centro-oeste,CO,,,5228.28,-10.013975768672765,-54.356874521137534
2207793,Pau D'Arco do Piauí,220001,Teresina,2201,Teresina,22,Piauí,PI,2,Nordeste,NE,,,430.024,-5.245036461113827,-42.47093929105513
2502102,Boa Ventura,250010,Itaporanga,2503,Patos,25,Paraíba,PB,2,Nordeste,NE,,,168.664,-7.431062621915131,-38.18828266205117
4316956,Santa Maria do Herval,430002,Novo Hamburgo - São Leopoldo,4301,Porto Alegre,43,Rio Grande do Sul,RS,4,Sul,S,,,140.442,-29.475861467337154,-50.96908920476701
2922730,Nova Fátima,290029,Feira de Santana,2910,Feira de Santana,29,Bahia,BA,2,Nordeste,NE,,,346.785,-11.621358928460948,-39.63561868633708
3200805,Baixo Guandu,320005,Colatina,3203,Colatina,32,Espírito Santo,ES,3,Sudeste,SE,,,909.039,-19.57239023783825,-40.983781094233336
2510402,Olho d'Água,250009,Patos,2503,Patos,25,Paraíba,PB,2,Nordeste,NE,,,580.47,-7.28442501534048,-37.75398624633662
4300604,Alvorada,430001,Porto Alegre,4301,Porto Alegre,43,Rio Grande do Sul,RS,4,Sul,S,4314902,Porto Alegre/RS,71.702,-29.994984586323763,-51.037424872318624
3520004,Igaraçu do Tietê,350010,Jaú,3503,Bauru,35,São Paulo,SP,3,Sudeste,SE,,,97.747,-22.541738188013074,-48.574550994179674
2608255,Jucati,260010,Garanhuns,2602,Caruaru,26,Pernambuco,PE,2,Nordeste,NE,,,120.167,-8.74393582695758,-36.45963179505899
3503406,Arealva,350009,Bauru,3503,Bauru,35,São Paulo,SP,3,Sudeste,SE,,,506.226,-22.07629656285935,-48.981893110280524
2207777,Patos do Piauí,220010,Paulistana,2203,Picos,22,Piauí,PI,2,Nordeste,NE,,,801.403,-7.673831902838052,-41.29612655148181
4104808,Cascavel,410006,Cascavel,4103,Cascavel,41,Paraná,PR,4,Sul,S,4104808,Cascavel/PR,2094.263,-25.027717577112767,-53.37971454599657
1304203,Tefé,130005,Tefé,1302,Tefé,13,Amazonas,AM,1,Norte,N,,,23835.224,-4.467622370876301,-65.52930368389244
5105580,Marcelândia,510007,Sinop,5103,Sinop,51,Mato Grosso,MT,5,Centro-oeste,CO,,,12285.486,-10.886264117377634,-54.05341565680841
2600203,Afrânio,260015,Petrolina,2604,Petrolina,26,Pernambuco,PE,2,Nordeste,NE,,,1491.572,-8.61890264111143,-41.00526667693818
3161106,São Francisco,310011,São Francisco,3102,Montes Claros,31,Minas Gerais,MG,3,Sudeste,SE,,,3308.1,-15.89646916590443,-44.86128929222344
2922706,Nova Canaã,290011,Vitória da Conquista,2904,Vitória da Conquista,29,Bahia,BA,2,Nordeste,NE,,,804.617,-14.857517944844869,-40.18032830485015
3119955,Córrego Fundo,310066,Formiga,3113,Divinópolis,31,Minas Gerais,MG,3,Sudeste,SE,,,101.112,-20.450820150596456,-45.532129265253815
2931004,Tanhaçu,290011,Vitória da Conquista,2904,Vitória da Conquista,29,Bahia,BA,2,Nordeste,NE,,,1277.514,-14.145964441422967,-41.19541233502978
3144607,Nepomuceno,310043,Lavras,3108,Varginha,31,Minas Gerais,MG,3,Sudeste,SE,,,582.553,-21.227558377864437,-45.26079083491037
2502201,Bom Jesus,250015,Cajazeiras,2504,Sousa - Cajazeiras,25,Paraíba,PB,2,Nordeste,NE,,,47.367,-6.822779474042996,-38.63020674340374
2109700,Sambaíba,210022,Balsas,2105,Imperatriz,21,Maranhão,MA,2,Nordeste,NE,,,3015.086,-7.5163822920885925,-45.61026700314999
3160959,São Domingos das Dores,310025,Caratinga,3105,Ipatinga,31,Minas Gerais,MG,3,Sudeste,SE,,,60.865,-19.524606897509784,-42.03086389310726
2412005,São Gonçalo do Amarante,240001,Natal,2401,Natal,24,Rio Grande do Norte,RN,2,Nordeste,NE,2408102,Natal/RN,249.8,-5.787741431506321,-35.36480746717608
3128253,Guaraciama,310006,Montes Claros,3102,Montes Claros,31,Minas Gerais,MG,3,Sudeste,SE,,,390.263,-17.07852223396187,-43.6206146336063
2616407,Vitória de Santo Antão,260005,Vitória de Santo Antão,2601,Recife,26,Pernambuco,PE,2,Nordeste,NE,2616407,Vitória de Santo Antão,373.3,-8.153962165283328,-35.291960040193594
4203154,Calmon,420014,Caçador,4205,Caçador,42,Santa Catarina,SC,4,Sul,S,,,636.208,-26.62215560202419,-51.00686567463497
2207751,Passagem Franca do Piauí,220002,Amarante - Água Branca - Regeneração,2201,Teresina,22,Piauí,PI,2,Nordeste,NE,,,643.209,-5.8729809961888755,-42.41328767960961
3544251,Rosana,350018,Presidente Prudente,3505,Presidente Prudente,35,São Paulo,SP,3,Sudeste,SE,,,742.762,-22.48927995748219,-52.83725491829519
3152907,Pratápolis,310041,Passos,3108,Varginha,31,Minas Gerais,MG,3,Sudeste,SE,,,215.516,-20.787336534717678,-46.86271767670146
2306405,Itapipoca,230002,Itapipoca,2301,Fortaleza,23,Ceará,CE,2,Nordeste,NE,2306405,Itapipoca,1596.225,-3.39461176574334,-39.59822571472406
3111903,Cana Verde,310043,Lavras,3108,Varginha,31,Minas Gerais,MG,3,Sudeste,SE,,,212.721,-21.03311088979111,-45.18570720399162
4300570,Alto Feliz,430036,Caxias do Sul,4307,Caxias do Sul,43,Rio Grande do Sul,RS,4,Sul,S,,,78.17,-29.363062258070894,-51.30451496820346
2915700,Itamari,290014,Ipiaú,2904,Vitória da Conquista,29,Bahia,BA,2,Nordeste,NE,,,143.479,-13.766584137473787,-39.66705407494506
2600054,Abreu e Lima,260001,Recife,2601,Recife,26,Pernambuco,PE,2,Nordeste,NE,2611606,Recife/PE,126.384,-7.879660777323422,-35.01914467975528
4308607,Garibaldi,430037,Bento Gonçalves,4307,Caxias do Sul,43,Rio Grande do Sul,RS,4,Sul,S,4302105,Bento Gonçalves/RS,168.492,-29.2408264285791,-51.58225641690602
4121257,Ramilândia,410006,Cascavel,4103,Cascavel,41,Paraná,PR,4,Sul,S,,,235.418,-25.09412897669099,-54.07636222789962
2101509,Barão de Grajaú,210017,São João dos Patos,2104,Presidente Dutra,21,Maranhão,MA,2,Nordeste,NE,,,2209.414,-6.5928789434689925,-43.18805147217773
4211702,Orleans,420002,Criciúma,4202,Criciúma,42,Santa Catarina,SC,4,Sul,S,,,549.859,-28.279937845990716,-49.37185982616913
2801108,Canhoba,280003,Propriá,2801,Aracaju,28,Sergipe,SE,2,Nordeste,NE,,,171.581,-10.148392692307974,-37.000737573072946
2922805,Nova Itarana,290003,Santo Antônio de Jesus,2902,Santo Antônio de Jesus,29,Bahia,BA,2,Nordeste,NE,,,475.381,-13.046494906256372,-40.034579283600614
2207603,Parnaguá,220015,Corrente,2205,Corrente - Bom Jesus,22,Piauí,PI,2,Nordeste,NE,,,3428.811,-10.315732092034985,-44.56843654671158
4300554,Alto Alegre,430025,Passo Fundo,4306,Passo Fundo,43,Rio Grande do Sul,RS,4,Sul,S,,,115.335,-28.804319821229807,-52.988924808776254
3136405,Joaquim Felício,310006,Montes Claros,3102,Montes Claros,31,Minas Gerais,MG,3,Sudeste,SE,,,790.935,-17.676046362978354,-44.11158224363536
2403806,Florânia,240008,Currais Novos,2402,Caicó,24,Rio Grande do Norte,RN,2,Nordeste,NE,,,507.892,-6.169716735891244,-36.818382659194754
3552403,Sumaré,350038,Campinas,3510,Campinas,35,São Paulo,SP,3,Sudeste,SE,3509502,Campinas/SP,153.465,-22.84186131818997,-47.263000465013725
2907509,Catu,290001,Salvador,2901,Salvador,29,Bahia,BA,2,Nordeste,NE,,,426.956,-12.330569503211674,-38.41290021019891
3169109,Toledo,310050,Pouso Alegre,3109,Pouso Alegre,31,Minas Gerais,MG,3,Sudeste,SE,,,136.776,-22.705712045764614,-46.383216755297994
2608206,Joaquim Nabuco,260003,Palmares,2601,Recife,26,Pernambuco,PE,2,Nordeste,NE,,,122.605,-8.562433111089348,-35.54505437161707
3200607,Aracruz,320004,Linhares,3202,São Mateus,32,Espírito Santo,ES,3,Sudeste,SE,,,1420.286,-19.76562166183465,-40.176141586140325
2510204,Nova Olinda,250010,Itaporanga,2503,Patos,25,Paraíba,PB,2,Nordeste,NE,,,81.516,-7.473533944145785,-38.01845656801031
2616506,Xexéu,260003,Palmares,2601,Recife,26,Pernambuco,PE,2,Nordeste,NE,,,110.814,-8.836205543214351,-35.653305207694224
4219853,Zortéa,420008,Joaçaba - Herval d'Oeste,4204,Chapecó,42,Santa Catarina,SC,4,Sul,S,,,190.028,-27.477038493659066,-51.535600877175426
3103702,Araponga,310033,Viçosa,3106,Juíz de Fora,31,Minas Gerais,MG,3,Sudeste,SE,,,303.793,-20.662791875839734,-42.49884974122728
3112000,Candeias,310048,Campo Belo,3108,Varginha,31,Minas Gerais,MG,3,Sudeste,SE,,,720.512,-20.74849574561422,-45.27957827149953
5220009,São João d'Aliança,520022,Flores de Goiás,5206,Luziânia - Águas Lindas de Goiás,52,Goiás,GO,5,Centro-oeste,CO,,,3334.455,-14.48584069947992,-47.42289036874196
4203501,Campo Erê,420013,São Lourenço do Oeste,4204,Chapecó,42,Santa Catarina,SC,4,Sul,S,,,479.161,-26.45041878456566,-53.130290277273
2502151,Boa Vista,250005,Campina Grande,2502,Campina Grande,25,Paraíba,PB,2,Nordeste,NE,,,468.933,-7.271665024862283,-36.21868140348046
4316758,Santa Clara do Sul,430041,Lajeado,4308,Santa Cruz do Sul - Lajeado,43,Rio Grande do Sul,RS,4,Sul,S,4311403,Lajeado/RS,86.491,-29.453263263965898,-52.132348308081255
4300406,Alegrete,430015,Uruguaiana,4304,Uruguaiana,43,Rio Grande do Sul,RS,4,Sul,S,,,7800.552,-29.763942553127407,-55.835751045589966
2801207,Canindé de São Francisco,280006,Nossa Senhora da Glória,2802,Itabaiana,28,Sergipe,SE,2,Nordeste,NE,,,1080.009,-9.71294907449086,-37.899135469848666
3503208,Araraquara,350036,Araraquara,3509,Araraquara,35,São Paulo,SP,3,Sudeste,SE,3503208,Araraquara/SP,1003.626,-21.79164970972345,-48.181322469731924
4121604,Renascença,410009,Francisco Beltrão,4103,Cascavel,41,Paraná,PR,4,Sul,S,,,425.947,-26.225169718354962,-52.95080241504309
3128204,Guaraciaba,310030,Ponte Nova,3106,Juíz de Fora,31,Minas Gerais,MG,3,Sudeste,SE,,,348.596,-20.55517518997374,-43.02070716931864
2403905,Francisco Dantas,240010,Pau dos Ferros,2403,Mossoró,24,Rio Grande do Norte,RN,2,Nordeste,NE,,,181.558,-6.05300634850161,-38.108634413563685
3169208,Tombos,310034,Carangola,3106,Juíz de Fora,31,Minas Gerais,MG,3,Sudeste,SE,,,285.124,-20.881900628580265,-42.0641717864121
3536406,Paulicéia,350020,Dracena,3505,Presidente Prudente,35,São Paulo,SP,3,Sudeste,SE,,,374.091,-21.19834341033082,-51.79072149089262
3544202,Riolândia,350027,Votuporanga,3507,São José do Rio Preto,35,São Paulo,SP,3,Sudeste,SE,,,631.897,-20.023507008710478,-49.7091569342819
2502003,Belém do Brejo do Cruz,250011,Catolé do Rocha - São Bento,2503,Patos,25,Paraíba,PB,2,Nordeste,NE,,,601.549,-6.148981296594936,-37.36591732133844
3143906,Muriaé,310031,Muriaé,3106,Juíz de Fora,31,Minas Gerais,MG,3,Sudeste,SE,3143906,Muriaé,841.693,-21.09137195299057,-42.42145796751079
2930808,Souto Soares,290034,Seabra,2910,Feira de Santana,29,Bahia,BA,2,Nordeste,NE,,,1026.638,-12.02762003374816,-41.78961442548353
2608305,Jupi,260010,Garanhuns,2602,Caruaru,26,Pernambuco,PE,2,Nordeste,NE,,,104.835,-8.715359467783491,-36.39401919397748
1717206,Piraquê,170005,Araguaína,1702,Araguaína,17,Tocantins,TO,1,Norte,N,,,1363.411,-6.738636030776961,-48.239448885342156
2109759,Santa Filomena do Maranhão,210016,Presidente Dutra,2104,Presidente Dutra,21,Maranhão,MA,2,Nordeste,NE,,,623.213,-5.518972612347273,-44.618507870167406
3103801,Arapuá,310062,Patos de Minas,3112,Patos de Minas,31,Minas Gerais,MG,3,Sudeste,SE,,,173.894,-19.041452359411352,-46.11529046170169
3200706,Atílio Vivácqua,320007,Cachoeiro de Itapemirim,3204,Cachoeiro do Itapemirim,32,Espírito Santo,ES,3,Sudeste,SE,,,232.868,-20.962208027629167,-41.183990199604715
1700707,Alvorada,170010,Gurupi,1703,Gurupi,17,Tocantins,TO,1,Norte,N,,,1207.201,-12.407495757831143,-49.11179392797286
5211800,Jaraguá,520002,Anápolis,5201,Goiânia,52,Goiás,GO,5,Centro-oeste,CO,,,1848.947,-15.702334064432474,-49.386015184960556
1500347,Água Azul do Norte,150014,Xinguara,1504,Redenção,15,Pará,PA,1,Norte,N,,,7113.956,-6.772978653092426,-50.43015495860985
4113403,Leópolis,410024,Cornélio Procópio - Bandeirantes,4105,Londrina,41,Paraná,PR,4,Sul,S,,,344.918,-23.02663642895468,-50.7112997029225
3536257,Parisi,350027,Votuporanga,3507,São José do Rio Preto,35,São Paulo,SP,3,Sudeste,SE,,,84.737,-20.27157695883565,-50.03738032021092
3161007,São Domingos do Prata,310026,João Monlevade,3105,Ipatinga,31,Minas Gerais,MG,3,Sudeste,SE,,,743.768,-19.903044922418683,-42.90322994557197
3528205,Macedônia,350029,Fernandópolis,3507,São José do Rio Preto,35,São Paulo,SP,3,Sudeste,SE,,,327.567,-20.098086999671363,-50.18154746981971
5007554,Santa Rita do Pardo,500002,Três Lagoas,5001,Campo Grande,50,Mato Grosso do Sul,MS,5,Centro-oeste,CO,,,6142.001,-21.319053628071647,-52.774510570599176
3135704,Jequitibá,310002,Sete Lagoas,3101,Belo Horizonte,31,Minas Gerais,MG,3,Sudeste,SE,,,445.03,-19.211579772466305,-44.00119269509228
2600104,Afogados da Ingazeira,260014,Afogados da Ingazeira,2603,Serra Talhada,26,Pernambuco,PE,2,Nordeste,NE,,,378.031,-7.737287290670572,-37.618266113717844
2922607,Nilo Peçanha,290005,Valença,2902,Santo Antônio de Jesus,29,Bahia,BA,2,Nordeste,NE,,,388.936,-13.660143125785426,-39.17409248157349
3144003,Mutum,310028,Manhuaçu,3106,Juíz de Fora,31,Minas Gerais,MG,3,Sudeste,SE,,,1250.823,-19.919232614972643,-41.446914286102256
1709005,Goiatins,170005,Araguaína,1702,Araguaína,17,Tocantins,TO,1,Norte,N,,,6414.846,-8.094161090037725,-47.48153445593545
4211751,Otacílio Costa,420005,Lages,4203,Lages,42,Santa Catarina,SC,4,Sul,S,,,847.253,-27.517214351583057,-49.9716282404841
4308656,Garruchos,430022,São Luiz Gonzaga,4305,Ijuí,43,Rio Grande do Sul,RS,4,Sul,S,,,803.97,-28.233826651349503,-55.538642338810924
2411908,São Francisco do Oeste,240010,Pau dos Ferros,2403,Mossoró,24,Rio Grande do Norte,RN,2,Nordeste,NE,,,75.588,-5.985177355918974,-38.183790025457576
2930774,Sobradinho,290022,Juazeiro,2908,Juazeiro,29,Bahia,BA,2,Nordeste,NE,,,1359.08,-9.656509814361762,-40.88294241055975
4300471,Almirante Tamandaré do Sul,430028,Carazinho,4306,Passo Fundo,43,Rio Grande do Sul,RS,4,Sul,S,,,265.042,-28.12995658403563,-52.90764178650728
4105201,Cerro Azul,410001,Curitiba,4101,Curitiba,41,Paraná,PR,4,Sul,S,,,1353.255,-24.875811813409165,-49.279287371088614
3152808,Prata,310059,Uberlândia,3111,Uberlândia,31,Minas Gerais,MG,3,Sudeste,SE,,,4847.544,-19.32987575035248,-48.95419714428678
3111804,Canápolis,310059,Uberlândia,3111,Uberlândia,31,Minas Gerais,MG,3,Sudeste,SE,,,843.599,-18.757897828764968,-49.27187533614668
2930766,Sítio do Quinto,290028,Jeremoabo,2909,Paulo Afonso,29,Bahia,BA,2,Nordeste,NE,,,656.837,-10.33408459551302,-38.13919071696875
3127503,Gonzaga,310020,Governador Valadares,3104,Governador Valadares,31,Minas Gerais,MG,3,Sudeste,SE,,,209.348,-18.873870616570823,-42.50509502097386
2907558,Caturama,290013,Brumado,2904,Vitória da Conquista,29,Bahia,BA,2,Nordeste,NE,,,716.254,-13.233462414522807,-42.3194171783775
3103751,Araporã,310059,Uberlândia,3111,Uberlândia,31,Minas Gerais,MG,3,Sudeste,SE,,,294.354,-18.4773756830699,-49.12724678461408
3135803,Jequitinhonha,310015,Almenara,3103,Teófilo Otoni,31,Minas Gerais,MG,3,Sudeste,SE,,,3514.216,-16.38883103095416,-41.08297329278861
3168507,Teixeiras,310033,Viçosa,3106,Juíz de Fora,31,Minas Gerais,MG,3,Sudeste,SE,,,166.735,-20.63212469779182,-42.862463724951546
2313955,Varjota,230015,Sobral,2306,Sobral,23,Ceará,CE,2,Nordeste,NE,,,179.239,-4.167851207742406,-40.493936698307586
4316808,Santa Cruz do Sul,430040,Santa Cruz do Sul,4308,Santa Cruz do Sul - Lajeado,43,Rio Grande do Sul,RS,4,Sul,S,4316808,Santa Cruz do Sul/RS,734.516,-29.646195421386416,-52.40726635024524
4300455,Alegria,430023,Três de Maio,4305,Ijuí,43,Rio Grande do Sul,RS,4,Sul,S,,,172.686,-27.81354268786523,-54.05615977810359
1500305,Afuá,150020,Breves,1507,Breves,15,Pará,PA,1,Norte,N,,,8338.438,-0.2628410481167516,-50.725905067726586
2801009,Campo do Brito,280004,Itabaiana,2802,Itabaiana,28,Sergipe,SE,2,Nordeste,NE,,,201.518,-10.766321914043143,-37.50066163148886
2403707,Felipe Guerra,240009,Mossoró,2403,Mossoró,24,Rio Grande do Norte,RN,2,Nordeste,NE,,,292.177,-5.534219591015526,-37.65309156569148
3536208,Pariquera-Açu,350005,Registro,3502,Sorocaba,35,São Paulo,SP,3,Sudeste,SE,,,359.414,-24.678263881729382,-47.85009583494138
2702108,Colônia Leopoldina,270002,Porto Calvo - São Luís do Quitunde,2701,Maceió,27,Alagoas,AL,2,Nordeste,NE,,,201.461,-8.938901630333316,-35.76149707621627
5203575,Bonópolis,520016,Porangatu,5205,Porangatu - Uruaçu,52,Goiás,GO,5,Centro-oeste,CO,,,1635.319,-13.57130831994406,-49.86245130171326
5007505,Rochedo,500001,Campo Grande,5001,Campo Grande,50,Mato Grosso do Sul,MS,5,Centro-oeste,CO,,,1304.755,-19.978638845188783,-54.736756229545115
3103603,Arantina,310027,Juiz de Fora,3106,Juíz de Fora,31,Minas Gerais,MG,3,Sudeste,SE,,,89.42,-21.89692724768851,-44.22717780414396
3552809,Taboão da Serra,350001,São Paulo,3501,São Paulo,35,São Paulo,SP,3,Sudeste,SE,3550308,São Paulo/SP,20.371,-23.620527718560258,-46.786391460073936
2502052,Bernardino Batista,250014,Sousa,2504,Sousa - Cajazeiras,25,Paraíba,PB,2,Nordeste,NE,,,57.453,-6.481063828715725,-38.55576757767848
3152131,Ponto Chique,310010,Pirapora,3102,Montes Claros,31,Minas Gerais,MG,3,Sudeste,SE,,,602.799,-16.608804862708773,-44.973616433763354
5203559,Bonfinópolis,520001,Goiânia,5201,Goiânia,52,Goiás,GO,5,Centro-oeste,CO,5208707,Goiânia/GO,121.915,-16.60172569153641,-49.00972712584975
3127602,Gouveia,310016,Diamantina,3103,Teófilo Otoni,31,Minas Gerais,MG,3,Sudeste,SE,,,866.601,-18.523523258234196,-43.83349413209352
2109551,Ribamar Fiquene,210019,Imperatriz,2105,Imperatriz,21,Maranhão,MA,2,Nordeste,NE,,,733.458,-5.958385363604258,-47.316107223279424
3528007,Macatuba,350009,Bauru,3503,Bauru,35,São Paulo,SP,3,Sudeste,SE,,,224.514,-22.48712866578299,-48.719387126398814
3160306,Santo Antônio do Jacinto,310015,Almenara,3103,Teófilo Otoni,31,Minas Gerais,MG,3,Sudeste,SE,,,503.706,-16.503649288737655,-40.27747605650355
3536307,Patrocínio Paulista,350033,Franca,3508,Ribeirão Preto,35,São Paulo,SP,3,Sudeste,SE,3516200,Franca/SP,602.848,-20.704206192781275,-47.28941534185581
2608602,Lagoa do Ouro,260010,Garanhuns,2602,Caruaru,26,Pernambuco,PE,2,Nordeste,NE,,,199.996,-9.16212594345103,-36.46548842754283
5212105,Joviânia,520007,Itumbiara,5202,Itumbiara,52,Goiás,GO,5,Centro-oeste,CO,,,446.258,-17.795195983881662,-49.61887686467535
2906873,Capim Grosso,290030,Jacobina,2910,Feira de Santana,29,Bahia,BA,2,Nordeste,NE,,,464.776,-11.30628858881555,-39.995900013492346
4113452,Lindoeste,410006,Cascavel,4103,Cascavel,41,Paraná,PR,4,Sul,S,,,344.691,-25.25836699120709,-53.55828015442569
3143807,Munhoz,310050,Pouso Alegre,3109,Pouso Alegre,31,Minas Gerais,MG,3,Sudeste,SE,,,191.599,-22.63196634754056,-46.30428354947093
5220405,São Simão,520012,Quirinópolis,5203,Rio Verde,52,Goiás,GO,5,Centro-oeste,CO,,,415.015,-19.010605446273292,-50.59044306266352
3201001,Boa Esperança,320003,São Mateus,3202,São Mateus,32,Espírito Santo,ES,3,Sudeste,SE,,,428.717,-18.484750462046495,-40.32913277781078
4300802,Antônio Prado,430036,Caxias do Sul,4307,Caxias do Sul,43,Rio Grande do Sul,RS,4,Sul,S,,,347.507,-28.882261894825373,-51.316337204280934
3544608,Sabino,350012,Lins,3503,Bauru,35,São Paulo,SP,3,Sudeste,SE,,,305.285,-21.470837959851973,-49.57561799613524
3503604,Areiópolis,350011,Botucatu,3503,Bauru,35,São Paulo,SP,3,Sudeste,SE,,,85.907,-22.631820225293296,-48.652845359330264
2206951,Novo Santo Antônio,220001,Teresina,2201,Teresina,22,Piauí,PI,2,Nordeste,NE,,,443.873,-5.278555182813794,-41.92272992354607
2922656,Nordestina,290032,Conceição do Coité,2910,Feira de Santana,29,Bahia,BA,2,Nordeste,NE,,,465.407,-10.873093583083689,-39.45141083502835
3119401,Coronel Fabriciano,310024,Ipatinga,3105,Ipatinga,31,Minas Gerais,MG,3,Sudeste,SE,3131307,Ipatinga/MG,221.881,-19.458687220244705,-42.689646639219866
2906857,Capela do Alto Alegre,290029,Feira de Santana,2910,Feira de Santana,29,Bahia,BA,2,Nordeste,NE,,,629.585,-11.672263013317911,-39.82496434032054
3152105,Ponte Nova,310030,Ponte Nova,3106,Juíz de Fora,31,Minas Gerais,MG,3,Sudeste,SE,,,470.643,-20.412149215637104,-42.91738704080879
1304401,Urucurituba,130011,Itacoatiara,1304,Parintins,13,Amazonas,AM,1,Norte,N,,,2897.547,-2.813035789915279,-57.7724107479046
2600401,Água Preta,260003,Palmares,2601,Recife,26,Pernambuco,PE,2,Nordeste,NE,,,531.936,-8.729272875444588,-35.481849724002814
2101350,Bacurituba,210002,Pinheiro,2101,São Luís,21,Maranhão,MA,2,Nordeste,NE,,,413.651,-2.6996004408078296,-44.695167592062084
2608701,Lagoa dos Gatos,260009,Caruaru,2602,Caruaru,26,Pernambuco,PE,2,Nordeste,NE,,,224.948,-8.682365757605686,-35.8955836301307
4113429,Lidianópolis,410025,Ivaiporã,4105,Londrina,41,Paraná,PR,4,Sul,S,,,151.779,-24.085982357375922,-51.63905597357069
5212204,Jussara,520005,Goiás - Itapuranga,5201,Goiânia,52,Goiás,GO,5,Centro-oeste,CO,,,4092.339,-15.582645651439279,-51.33032080093385
3528106,Macaubal,350025,São José do Rio Preto,3507,São José do Rio Preto,35,São Paulo,SP,3,Sudeste,SE,,,248.087,-20.837928574258292,-49.975002419351185
2931202,Taperoá,290005,Valença,2902,Santo Antônio de Jesus,29,Bahia,BA,2,Nordeste,NE,,,454.081,-13.572934325481047,-39.22780651090364
4317251,Santa Tereza,430037,Bento Gonçalves,4307,Caxias do Sul,43,Rio Grande do Sul,RS,4,Sul,S,,,73.677,-29.16367710354514,-51.710963738872685
5104906,Jangada,510001,Cuiabá,5101,Cuiabá,51,Mato Grosso,MT,5,Centro-oeste,CO,,,1114.302,-15.337843506045834,-56.57273988795245
3135605,Jequitaí,310006,Montes Claros,3102,Montes Claros,31,Minas Gerais,MG,3,Sudeste,SE,,,1268.443,-17.209899684454903,-44.47583821205569
4211652,Novo Horizonte,420013,São Lourenço do Oeste,4204,Chapecó,42,Santa Catarina,SC,4,Sul,S,,,151.722,-26.494979242710958,-52.796361405726
2314003,Várzea Alegre,230011,Juazeiro do Norte,2304,Juazeiro do Norte,23,Ceará,CE,2,Nordeste,NE,,,829.977,-6.771792889385811,-39.297850335076525
2906824,Canudos,290026,Euclides da Cunha,2909,Paulo Afonso,29,Bahia,BA,2,Nordeste,NE,,,3564.627,-10.00594776645359,-38.994472769918495
3519907,Iepê,350018,Presidente Prudente,3505,Presidente Prudente,35,São Paulo,SP,3,Sudeste,SE,,,594.985,-22.64862620464746,-51.05719277229491
2501351,Assunção,250005,Campina Grande,2502,Campina Grande,25,Paraíba,PB,2,Nordeste,NE,,,132.139,-7.073611463375695,-36.710283972266055
2600500,Águas Belas,260010,Garanhuns,2602,Caruaru,26,Pernambuco,PE,2,Nordeste,NE,,,885.987,-9.08704450626147,-37.038648035137285
2403756,Fernando Pedroza,240011,Assú,2403,Mossoró,24,Rio Grande do Norte,RN,2,Nordeste,NE,,,322.628,-5.760500145335746,-36.39210518254557
2701902,Chã Preta,270006,Atalaia,2701,Maceió,27,Alagoas,AL,2,Nordeste,NE,,,157.831,-9.24240327477885,-36.28178475950791
5007935,Sonora,500004,Coxim,5001,Campo Grande,50,Mato Grosso do Sul,MS,5,Centro-oeste,CO,,,4185.542,-17.648639976517785,-54.43239121881921
2923001,Nova Viçosa,290008,Teixeira de Freitas,2903,Ilhéus - Itabuna,29,Bahia,BA,2,Nordeste,NE,,,1316.398,-17.899663762585657,-39.7154203170473
3127404,Gonçalves,310052,Itajubá,3109,Pouso Alegre,31,Minas Gerais,MG,3,Sudeste,SE,,,187.353,-22.67302827230128,-45.824936658994766
4309050,Glorinha,430001,Porto Alegre,4301,Porto Alegre,43,Rio Grande do Sul,RS,4,Sul,S,4314902,Porto Alegre/RS,323.955,-29.886459894190356,-50.770681344157154
3535606,Paraibuna,350049,São José dos Campos,3511,São José dos Campos,35,São Paulo,SP,3,Sudeste,SE,,,809.576,-23.47837930894112,-45.64184898035612
3552601,Tabapuã,350026,Catanduva,3507,São José do Rio Preto,35,São Paulo,SP,3,Sudeste,SE,,,346.692,-20.93196263475411,-49.02899825653432
2305803,Ipu,230016,São Benedito - Ipu - Guaraciaba do Norte - Tianguá,2306,Sobral,23,Ceará,CE,2,Nordeste,NE,,,626.049,-4.369675196027239,-40.669144468729776
5220207,São Miguel do Araguaia,520016,Porangatu,5205,Porangatu - Uruaçu,52,Goiás,GO,5,Centro-oeste,CO,,,6150.179,-13.144903436589075,-50.24938975388164
2915106,Itagi,290012,Jequié,2904,Vitória da Conquista,29,Bahia,BA,2,Nordeste,NE,,,310.621,-14.16226402713287,-40.024851070384095
5203609,Brazabrantes,520001,Goiânia,5201,Goiânia,52,Goiás,GO,5,Centro-oeste,CO,5208707,Goiânia/GO,125.326,-16.386133231231582,-49.37739853329755
3127388,Goianá,310027,Juiz de Fora,3106,Juíz de Fora,31,Minas Gerais,MG,3,Sudeste,SE,,,152.039,-21.555547501336076,-43.1892798288961
2702009,Coité do Nóia,270007,Arapiraca,2702,Arapiraca,27,Alagoas,AL,2,Nordeste,NE,,,88.334,-9.6296151194913,-36.58217772839632
2109601,Rosário,210001,São Luís,2101,São Luís,21,Maranhão,MA,2,Nordeste,NE,,,647.998,-2.9563262321761394,-44.20187825450695
4113254,Laranjal,410005,Pitanga,4102,Guarapuava,41,Paraná,PR,4,Sul,S,,,559.439,-24.902099802906626,-52.49063928893374
3511706,Charqueada,350040,Piracicaba,3510,Campinas,35,São Paulo,SP,3,Sudeste,SE,3538709,Piracicaba/SP,175.846,-22.53017581113975,-47.7461966410517
3119203,Coroaci,310020,Governador Valadares,3104,Governador Valadares,31,Minas Gerais,MG,3,Sudeste,SE,,,576.274,-18.61693127706072,-42.268611344275094
4300851,Arambaré,430005,Camaquã,4301,Porto Alegre,43,Rio Grande do Sul,RS,4,Sul,S,,,518.193,-30.91862521128605,-51.578611111998924
1500701,Anajás,150020,Breves,1507,Breves,15,Pará,PA,1,Norte,N,,,6913.86,-0.8271382978034203,-49.96137790883067
3152170,Ponto dos Volantes,310013,Teófilo Otoni,3103,Teófilo Otoni,31,Minas Gerais,MG,3,Sudeste,SE,,,1212.413,-16.83422811557998,-41.47442694403609
4211603,Nova Veneza,420002,Criciúma,4202,Criciúma,42,Santa Catarina,SC,4,Sul,S,4204608,Criciúma/SC,295.063,-28.684717890976057,-49.58491232035117
4317202,Santa Rosa,430019,Santa Rosa,4305,Ijuí,43,Rio Grande do Sul,RS,4,Sul,S,,,489.303,-27.864403740686736,-54.4969854765649
2207009,Oeiras,220011,Oeiras,2203,Picos,22,Piauí,PI,2,Nordeste,NE,,,2696.724,-6.965697097186136,-42.165420350221076
3527405,Lucélia,350019,Adamantina - Lucélia,3505,Presidente Prudente,35,São Paulo,SP,3,Sudeste,SE,,,314.81,-21.64414012994899,-50.99166222016937
3544400,Rubiácea,350022,Araçatuba,3506,Araçatuba,35,São Paulo,SP,3,Sudeste,SE,,,236.484,-21.360859504656247,-50.78579745612138
2906907,Caravelas,290008,Teixeira de Freitas,2903,Ilhéus - Itabuna,29,Bahia,BA,2,Nordeste,NE,,,2375.525,-17.65759871591174,-39.68885370966942
2608503,Lagoa de Itaenga,260006,Carpina,2601,Recife,26,Pernambuco,PE,2,Nordeste,NE,,,57.298,-7.908947623488801,-35.29465307467866
5007901,Sidrolândia,500001,Campo Grande,5001,Campo Grande,50,Mato Grosso do Sul,MS,5,Centro-oeste,CO,,,5265.695,-21.093871214742457,-54.94211197314371
3552700,Tabatinga,350036,Araraquara,3509,Araraquara,35,São Paulo,SP,3,Sudeste,SE,,,368.604,-21.712522059234995,-48.629059606398656
2305654,Ipaporanga,230013,Crateús,2305,Crateús,23,Ceará,CE,2,Nordeste,NE,,,704.773,-4.909680645157354,-40.80420360433897
3127370,Goiabeira,310020,Governador Valadares,3104,Governador Valadares,31,Minas Gerais,MG,3,Sudeste,SE,,,112.443,-19.021937896188877,-41.23606638559114
2101400,Balsas,210022,Balsas,2105,Imperatriz,21,Maranhão,MA,2,Nordeste,NE,,,12601.976,-8.251902087547403,-46.36346601303965
2906899,Caraíbas,290011,Vitória da Conquista,2904,Vitória da Conquista,29,Bahia,BA,2,Nordeste,NE,,,805.629,-14.625570355805197,-41.283715666082415
5212006,Jaupaci,520014,Iporá,5204,São Luís de Montes Belos - Iporá,52,Goiás,GO,5,Centro-oeste,CO,,,528.783,-16.190406535642083,-51.05895113744273
3111150,Campo Azul,310006,Montes Claros,3102,Montes Claros,31,Minas Gerais,MG,3,Sudeste,SE,,,505.914,-16.508750529764793,-44.76332141789312
2509602,Monte Horebe,250015,Cajazeiras,2504,Sousa - Cajazeiras,25,Paraíba,PB,2,Nordeste,NE,,,116.854,-7.206276038513639,-38.53767193616114
5203962,Buritinópolis,520021,Posse-Campos Belos,5206,Luziânia - Águas Lindas de Goiás,52,Goiás,GO,5,Centro-oeste,CO,,,246.075,-14.406742893185694,-46.29676042962636
4309001,Giruá,430020,Santo Ângelo,4305,Ijuí,43,Rio Grande do Sul,RS,4,Sul,S,,,855.56,-28.029890561151806,-54.29877095020206
3544509,Rubinéia,350030,Santa Fé do Sul,3507,São José do Rio Preto,35,São Paulo,SP,3,Sudeste,SE,,,242.877,-20.249727750643657,-51.01831647368425
2313807,Uruburetama,230002,Itapipoca,2301,Fortaleza,23,Ceará,CE,2,Nordeste,NE,,,103.478,-3.622365048147119,-39.51179014941981
3519204,Iacri,350016,Tupã,3504,Marília,35,São Paulo,SP,3,Sudeste,SE,,,321.948,-21.79986724097033,-50.61945854423531
3119302,Coromandel,310064,Patrocínio,3112,Patos de Minas,31,Minas Gerais,MG,3,Sudeste,SE,,,3313.313,-18.413084161691962,-47.136821984955944
4203402,Campo Belo do Sul,420005,Lages,4203,Lages,42,Santa Catarina,SC,4,Sul,S,,,1025.638,-27.847014439281573,-50.77112433555386
3152006,Pompéu,310067,Dores do Indaiá,3113,Divinópolis,31,Minas Gerais,MG,3,Sudeste,SE,,,2551.074,-19.13114163677583,-44.92358471032428
5203939,Buriti de Goiás,520013,São Luís de Montes Belos,5204,São Luís de Montes Belos - Iporá,52,Goiás,GO,5,Centro-oeste,CO,,,202.576,-16.169531423635846,-50.45339163916651
2600302,Agrestina,260009,Caruaru,2602,Caruaru,26,Pernambuco,PE,2,Nordeste,NE,,,200.369,-8.456613850487585,-35.94524497048459
5104807,Jaciara,510018,Jaciara,5105,Rondonópolis,51,Mato Grosso,MT,5,Centro-oeste,CO,,,2429.678,-15.975734986156828,-55.191949317027515
4121505,Rebouças,410029,Irati,4106,Ponta Grossa,41,Paraná,PR,4,Sul,S,,,485.184,-25.658219120806645,-50.62204210727059
4219101,Vargeão,420011,Xanxerê,4204,Chapecó,42,Santa Catarina,SC,4,Sul,S,,,166.685,-26.778692550307376,-52.12417603376933
5220280,São Patrício,520018,Ceres - Rialma - Goianésia,5205,Porangatu - Uruaçu,52,Goiás,GO,5,Centro-oeste,CO,,,172.763,-15.366526629539464,-49.827028000166294
2501401,Baía da Traição,250003,Mamanguape - Rio Tinto,2501,João Pessoa,25,Paraíba,PB,2,Nordeste,NE,,,102.756,-6.663119834136668,-34.98879933616117
4308854,Gentil,430030,Marau,4306,Passo Fundo,43,Rio Grande do Sul,RS,4,Sul,S,,,184.715,-28.386202591437815,-52.039578836389225
1303809,São Gabriel da Cachoeira,130002,São Gabriel da Cachoeira,1301,Manaus,13,Amazonas,AM,1,Norte,N,,,108700.19,0.3670292183063526,-67.99258997023924
2923050,Novo Triunfo,290028,Jeremoabo,2909,Paulo Afonso,29,Bahia,BA,2,Nordeste,NE,,,299.125,-10.35927199709394,-38.4527499806001
3511003,Castilho,350024,Andradina,3506,Araçatuba,35,São Paulo,SP,3,Sudeste,SE,,,1065.318,-20.897610445033212,-51.5702518600052
5220264,São Miguel do Passa Quatro,520002,Anápolis,5201,Goiânia,52,Goiás,GO,5,Centro-oeste,CO,,,537.347,-16.98956149313548,-48.667705123052365
2923035,Novo Horizonte,290034,Seabra,2910,Feira de Santana,29,Bahia,BA,2,Nordeste,NE,,,627.5,-12.840872610980439,-42.128664302075364
2313906,Uruoca,230015,Sobral,2306,Sobral,23,Ceará,CE,2,Nordeste,NE,,,697.683,-3.3209123576721704,-40.68035173760164
4300661,André da Rocha,430038,Nova Prata - Guaporé,4307,Caxias do Sul,43,Rio Grande do Sul,RS,4,Sul,S,,,331.208,-28.594269573747113,-51.50419326673956
1500503,Almeirim,150019,Almeirim - Porto de Moz,1506,Altamira,15,Pará,PA,1,Norte,N,,,72968.578,0.2848411812545646,-53.893720895919714
2914901,Itacaré,290007,Ilhéus - Itabuna,2903,Ilhéus - Itabuna,29,Bahia,BA,2,Nordeste,NE,,,726.265,-14.362093585557249,-39.15779482083601
2101731,Belágua,210003,Chapadinha,2101,São Luís,21,Maranhão,MA,2,Nordeste,NE,,,569.606,-3.1013039672628118,-43.462352628401504
2109908,Santa Inês,210009,Santa Inês,2102,Santa Inês - Bacabal,21,Maranhão,MA,2,Nordeste,NE,,,786.689,-3.8735191497839496,-45.43675349313502
4113304,Laranjeiras do Sul,410011,Laranjeiras do Sul - Quedas do Iguaçu,4103,Cascavel,41,Paraná,PR,4,Sul,S,,,677.933,-25.34409005057068,-52.382720387052686
4210902,Modelo,420007,Chapecó,4204,Chapecó,42,Santa Catarina,SC,4,Sul,S,,,92.346,-26.77477748294034,-53.05109631159793
4317004,Santana da Boa Vista,430012,São Gabriel - Caçapava do Sul,4303,Santa Maria,43,Rio Grande do Sul,RS,4,Sul,S,,,1418.758,-30.81705165216707,-53.17688344629284
4219200,Vidal Ramos,420024,Ituporanga,4207,Blumenau,42,Santa Catarina,SC,4,Sul,S,,,346.932,-27.38788245536736,-49.34775258220875
5007703,Sete Quedas,500009,Amambai,5002,Dourados,50,Mato Grosso do Sul,MS,5,Centro-oeste,CO,,,839.117,-23.88058006265282,-55.027923185232616
2206803,Nossa Senhora dos Remédios,220005,Barras,2201,Teresina,22,Piauí,PI,2,Nordeste,NE,,,357.896,-4.026157242752562,-42.606147919265965
2702306,Coruripe,270003,Penedo,2701,Maceió,27,Alagoas,AL,2,Nordeste,NE,,,897.431,-10.08248663959133,-36.230666407629506
4300646,Ametista do Sul,430029,Frederico Westphalen,4306,Passo Fundo,43,Rio Grande do Sul,RS,4,Sul,S,,,93.605,-27.36561067184363,-53.192546208453564
2906709,Cândido Sales,290011,Vitória da Conquista,2904,Vitória da Conquista,29,Bahia,BA,2,Nordeste,NE,,,1169.814,-15.355082394154778,-41.26949501376054
2915007,Itaeté,290031,Itaberaba,2910,Feira de Santana,29,Bahia,BA,2,Nordeste,NE,,,1331.822,-13.091757196843501,-41.04041818843451
5007695,São Gabriel do Oeste,500001,Campo Grande,5001,Campo Grande,50,Mato Grosso do Sul,MS,5,Centro-oeste,CO,,,3850.674,-19.16905035045171,-54.48271379271397
2305704,Ipaumirim,230010,Icó,2303,Iguatu,23,Ceará,CE,2,Nordeste,NE,,,276.508,-6.809177955714581,-38.74304792687844
3543808,Rinópolis,350016,Tupã,3504,Marília,35,São Paulo,SP,3,Sudeste,SE,,,358.481,-21.681162391855743,-50.717418896044705
4211009,Mondaí,420007,Chapecó,4204,Chapecó,42,Santa Catarina,SC,4,Sul,S,,,200.275,-27.09929260631493,-53.44649703227569
3511102,Catanduva,350026,Catanduva,3507,São José do Rio Preto,35,São Paulo,SP,3,Sudeste,SE,3511102,Catanduva/SP,291.926,-21.133643133155807,-48.96395882914475
2509404,Mogeiro,250004,Itabaiana,2501,João Pessoa,25,Paraíba,PB,2,Nordeste,NE,,,214.093,-7.294807877688258,-35.49706564879819
4300638,Amaral Ferrador,430005,Camaquã,4301,Porto Alegre,43,Rio Grande do Sul,RS,4,Sul,S,,,506.071,-30.81023129240673,-52.3173546244769
5105150,Juína,510009,Juína,5103,Sinop,51,Mato Grosso,MT,5,Centro-oeste,CO,,,26397.173,-11.532094662396432,-59.324495259761605
3127800,Grão Mogol,310006,Montes Claros,3102,Montes Claros,31,Minas Gerais,MG,3,Sudeste,SE,,,3885.294,-16.463902513838807,-42.994004169719126
2101707,Barreirinhas,210006,Barreirinhas,2101,São Luís,21,Maranhão,MA,2,Nordeste,NE,,,3046.308,-2.8397611812636656,-42.910110912828465
5212055,Jesúpolis,520002,Anápolis,5201,Goiânia,52,Goiás,GO,5,Centro-oeste,CO,,,115.211,-15.962334522366996,-49.410612828920996
3111200,Campo Belo,310048,Campo Belo,3108,Varginha,31,Minas Gerais,MG,3,Sudeste,SE,,,528.225,-20.919680150360122,-45.25590069866588
4202701,Botuverá,420021,Brusque,4207,Blumenau,42,Santa Catarina,SC,4,Sul,S,4202909,Brusque/SC,296.256,-27.21857609851288,-49.12352579988874
1708254,Tabocão,170006,Guaraí,1702,Araguaína,17,Tocantins,TO,1,Norte,N,,,624.463,-9.071431530248347,-48.54602482005607
4219176,Vargem Bonita,420008,Joaçaba - Herval d'Oeste,4204,Chapecó,42,Santa Catarina,SC,4,Sul,S,,,299.807,-26.944996338682135,-51.756631148144194
2931053,Tanque Novo,290016,Guanambi,2905,Guanambi,29,Bahia,BA,2,Nordeste,NE,,,729.516,-13.556042466873228,-42.53753605479298
4317103,Sant'Ana do Livramento,430016,Santana do Livramento,4304,Uruguaiana,43,Rio Grande do Sul,RS,4,Sul,S,4317103,Internacional de Sant´Ana do Livramento/Brasil - Rivera/Uruguai,6946.407,-30.73838458376111,-55.56229378014496
2800407,Arauá,280002,Estância,2801,Aracaju,28,Sergipe,SE,2,Nordeste,NE,,,198.967,-11.260374212193387,-37.589730612547456
4105102,Centenário do Sul,410021,Londrina,4105,Londrina,41,Paraná,PR,4,Sul,S,,,370.629,-22.805309595373238,-51.56047410506356
2509396,Maturéia,250009,Patos,2503,Patos,25,Paraíba,PB,2,Nordeste,NE,,,83.053,-7.284300504006839,-37.3587973976848
2110005,Santa Luzia,210009,Santa Inês,2102,Santa Inês - Bacabal,21,Maranhão,MA,2,Nordeste,NE,,,4837.168,-4.269897677554483,-45.93160107670507
1500602,Altamira,150018,Altamira,1506,Altamira,15,Pará,PA,1,Norte,N,,,159533.318,-6.486171517163173,-53.88668309609264
4120804,Quatro Barras,410001,Curitiba,4101,Curitiba,41,Paraná,PR,4,Sul,S,4106902,Curitiba/PR,181.565,-25.36930645353336,-48.99445006109959
4104451,Cantagalo,410004,Guarapuava,4102,Guarapuava,41,Paraná,PR,4,Sul,S,,,568.929,-25.290318667253374,-52.128366873011586
5204003,Cabeceiras,520020,Águas Lindas de Goiás,5206,Luziânia - Águas Lindas de Goiás,52,Goiás,GO,5,Centro-oeste,CO,,,1126.434,-15.760532718093526,-46.99274033232245
2403103,Currais Novos,240008,Currais Novos,2402,Caicó,24,Rio Grande do Norte,RN,2,Nordeste,NE,,,864.349,-6.223564795585681,-36.443553797407915
2702405,Delmiro Gouveia,270009,Delmiro Gouveia,2702,Arapiraca,27,Alagoas,AL,2,Nordeste,NE,,,628.547,-9.39758449605935,-38.04712397186812
3119609,Coronel Pacheco,310027,Juiz de Fora,3106,Juíz de Fora,31,Minas Gerais,MG,3,Sudeste,SE,,,131.511,-21.604668209796948,-43.29309552763442
2906808,Cansanção,290026,Euclides da Cunha,2909,Paulo Afonso,29,Bahia,BA,2,Nordeste,NE,,,1351.891,-10.726929004503301,-39.472719610067585
3168408,Tarumirim,310020,Governador Valadares,3104,Governador Valadares,31,Minas Gerais,MG,3,Sudeste,SE,,,731.753,-19.30146634691775,-41.90191696373656
3103009,Antônio Dias,310024,Ipatinga,3105,Ipatinga,31,Minas Gerais,MG,3,Sudeste,SE,,,787.061,-19.56706586736097,-42.87635743399403
5007802,Selvíria,500002,Três Lagoas,5001,Campo Grande,50,Mato Grosso do Sul,MS,5,Centro-oeste,CO,,,3254.917,-20.282055590989533,-51.758187568552394
3519253,Iaras,350007,Avaré,3502,Sorocaba,35,São Paulo,SP,3,Sudeste,SE,,,401.381,-22.819139944348947,-49.1068360218367
2206902,Novo Oriente do Piauí,220004,Valença do Piauí,2201,Teresina,22,Piauí,PI,2,Nordeste,NE,,,525.906,-6.501061864937287,-41.97687201605539
2501203,Areial,250005,Campina Grande,2502,Campina Grande,25,Paraíba,PB,2,Nordeste,NE,,,35.81,-7.0492265532742975,-35.93148016036577
2509503,Montadas,250005,Campina Grande,2502,Campina Grande,25,Paraíba,PB,2,Nordeste,NE,,,31.793,-7.090295588948433,-35.943459164759865
4202800,Braço do Norte,420003,Tubarão,4202,Criciúma,42,Santa Catarina,SC,4,Sul,S,,,212.045,-28.240945451273763,-49.14236463856431
2922854,Nova Redenção,290031,Itaberaba,2910,Feira de Santana,29,Bahia,BA,2,Nordeste,NE,,,565.356,-12.800115934875059,-41.091235058299134
4308904,Getúlio Vargas,430026,Erechim,4306,Passo Fundo,43,Rio Grande do Sul,RS,4,Sul,S,,,287.466,-27.85210803299487,-52.18054156993134
4219150,Vargem,420008,Joaçaba - Herval d'Oeste,4204,Chapecó,42,Santa Catarina,SC,4,Sul,S,,,350.606,-27.466877047529344,-50.95046385886071
2101806,Benedito Leite,210017,São João dos Patos,2104,Presidente Dutra,21,Maranhão,MA,2,Nordeste,NE,,,1784.64,-7.1205434514911445,-44.56830180810497
4112603,Jardim Olinda,410019,Paranacity - Colorado,4104,Maringá,41,Paraná,PR,4,Sul,S,,,128.515,-22.573821732528636,-52.079343955346445
4104428,Candói,410004,Guarapuava,4102,Guarapuava,41,Paraná,PR,4,Sul,S,,,1509.719,-25.52434452495172,-52.02096718702492
3519105,Iacanga,350009,Bauru,3503,Bauru,35,São Paulo,SP,3,Sudeste,SE,,,547.393,-21.89090793322127,-49.03963111253844
1508100,Tucuruí,150011,Tucuruí,1503,Marabá,15,Pará,PA,1,Norte,N,,,2084.276,-3.856279247250894,-49.82113441203076
3160207,Santo Antônio do Itambé,310016,Diamantina,3103,Teófilo Otoni,31,Minas Gerais,MG,3,Sudeste,SE,,,305.737,-18.47840851545524,-43.26674301799384
5105101,Juara,510012,Juara,5103,Sinop,51,Mato Grosso,MT,5,Centro-oeste,CO,,,22632.713,-11.023732245661138,-57.61840292017451
3102852,Angelândia,310014,Capelinha,3103,Teófilo Otoni,31,Minas Gerais,MG,3,Sudeste,SE,,,185.211,-17.703240517541968,-42.2828350840647
1716505,Pedro Afonso,170006,Guaraí,1702,Araguaína,17,Tocantins,TO,1,Norte,N,,,2019.556,-9.22690388622692,-48.0342112455693
4219002,Urussanga,420002,Criciúma,4202,Criciúma,42,Santa Catarina,SC,4,Sul,S,4204608,Criciúma/SC,254.954,-28.492699438808927,-49.32827746613672
3200904,Barra de São Francisco,320006,Nova Venécia,3203,Colatina,32,Espírito Santo,ES,3,Sudeste,SE,,,944.521,-18.666106052984997,-40.83116655374979
4300703,Anta Gorda,430043,Encantado,4308,Santa Cruz do Sul - Lajeado,43,Rio Grande do Sul,RS,4,Sul,S,,,242.1,-28.970158108864823,-51.994601745581356
2501302,Aroeiras,250005,Campina Grande,2502,Campina Grande,25,Paraíba,PB,2,Nordeste,NE,,,376.118,-7.535584227550472,-35.690926364766945
1508084,Tucumã,150013,Tucumã - São Félix do Xingu,1504,Redenção,15,Pará,PA,1,Norte,N,,,2512.594,-6.820196204594446,-51.39138573004772
2702355,Craíbas,270007,Arapiraca,2702,Arapiraca,27,Alagoas,AL,2,Nordeste,NE,,,277.617,-9.629400081990884,-36.787748317760084
3527256,Lourdes,350023,Birigui - Penápolis,3506,Araçatuba,35,São Paulo,SP,3,Sudeste,SE,,,113.808,-20.94900850796728,-50.234407786832186
2101772,Bela Vista do Maranhão,210009,Santa Inês,2102,Santa Inês - Bacabal,21,Maranhão,MA,2,Nordeste,NE,,,147.949,-3.757828785549107,-45.265957227750256
2411106,Ruy Barbosa,240006,São Paulo do Potengi,2401,Natal,24,Rio Grande do Norte,RN,2,Nordeste,NE,,,125.816,-5.856860873171216,-35.94051787764232
3503505,Areias,350053,Cruzeiro,3511,São José dos Campos,35,São Paulo,SP,3,Sudeste,SE,,,303.98,-22.672928336068992,-44.712152047652225
3510906,Cássia dos Coqueiros,350031,Ribeirão Preto,3508,Ribeirão Preto,35,São Paulo,SP,3,Sudeste,SE,,,191.683,-21.26327901165572,-47.144090736501234
4104402,Cândido de Abreu,410025,Ivaiporã,4105,Londrina,41,Paraná,PR,4,Sul,S,,,1506.15,-24.64708859135436,-51.252579143560695
4112702,Jataizinho,410021,Londrina,4105,Londrina,41,Paraná,PR,4,Sul,S,4113700,Londrina/PR,161.132,-23.25138960463521,-50.92385137853185
3519071,Hortolândia,350038,Campinas,3510,Campinas,35,São Paulo,SP,3,Sudeste,SE,3509502,Campinas/SP,62.416,-22.878426659241764,-47.207720946808784
4210803,Meleiro,420004,Araranguá,4202,Criciúma,42,Santa Catarina,SC,4,Sul,S,,,186.439,-28.841751061893152,-49.60179372777756
5007109,Ribas do Rio Pardo,500001,Campo Grande,5001,Campo Grande,50,Mato Grosso do Sul,MS,5,Centro-oeste,CO,,,17315.212,-20.596632442765483,-53.54418953778061
4316402,Rosário do Sul,430016,Santana do Livramento,4304,Uruguaiana,43,Rio Grande do Sul,RS,4,Sul,S,,,4343.651,-30.32593493599279,-55.112965610458
5105200,Juscimeira,510018,Jaciara,5105,Rondonópolis,51,Mato Grosso,MT,5,Centro-oeste,CO,,,2291.301,-16.182877933186617,-54.90422474792299
3111002,Campestre,310051,Poços de Caldas,3109,Pouso Alegre,31,Minas Gerais,MG,3,Sudeste,SE,,,577.843,-21.71040437927071,-46.22148743658337
2109809,Santa Helena,210002,Pinheiro,2101,São Luís,21,Maranhão,MA,2,Nordeste,NE,,,2191.164,-2.418953469270498,-45.371083991759406
2306009,Iracema,230007,Russas - Limoeiro do Norte,2302,Quixadá,23,Ceará,CE,2,Nordeste,NE,,,839.174,-5.77791106846181,-38.33823997186823
1708304,Goianorte,170006,Guaraí,1702,Araguaína,17,Tocantins,TO,1,Norte,N,,,1797.229,-8.873203964745576,-49.011194275400335
3144201,Nacip Raydan,310020,Governador Valadares,3104,Governador Valadares,31,Minas Gerais,MG,3,Sudeste,SE,,,233.493,-18.480623209243042,-42.187975096728415
2931103,Tanquinho,290029,Feira de Santana,2910,Feira de Santana,29,Bahia,BA,2,Nordeste,NE,,,243.838,-11.958339754324061,-39.09425502053296
2800209,Aquidabã,280003,Propriá,2801,Aracaju,28,Sergipe,SE,2,Nordeste,NE,,,359.543,-10.260812281393537,-37.06414547544555
2915304,Itagimirim,290009,Eunápolis - Porto Seguro,2903,Ilhéus - Itabuna,29,Bahia,BA,2,Nordeste,NE,,,876.791,-16.09633591291445,-39.73798513467037
5203807,Britânia,520005,Goiás - Itapuranga,5201,Goiânia,52,Goiás,GO,5,Centro-oeste,CO,,,1458.459,-15.237205096722146,-51.20825804357785
2702207,Coqueiro Seco,270001,Maceió,2701,Maceió,27,Alagoas,AL,2,Nordeste,NE,2704302,Maceió/AL,39.608,-9.64226177862324,-35.8087398398617
2402907,Coronel João Pessoa,240010,Pau dos Ferros,2403,Mossoró,24,Rio Grande do Norte,RN,2,Nordeste,NE,,,117.139,-6.255473154293641,-38.422812880862345
3519055,Holambra,350038,Campinas,3510,Campinas,35,São Paulo,SP,3,Sudeste,SE,,,65.337,-22.630307575558213,-47.06493990887367
4300034,Aceguá,430010,Bagé,4302,Pelotas,43,Rio Grande do Sul,RS,4,Sul,S,4301602,Bagé/RS,1551.339,-31.690648275130528,-54.139181070082834
4120853,Quatro Pontes,410013,Marechal Cândido Rondon,4103,Cascavel,41,Paraná,PR,4,Sul,S,,,115.665,-24.57190415198661,-53.97687083726221
2411205,Santa Cruz,240004,Santa Cruz,2401,Natal,24,Rio Grande do Norte,RN,2,Nordeste,NE,,,624.356,-6.2482463374718336,-36.00648923422306
3102803,Andrelândia,310027,Juiz de Fora,3106,Juíz de Fora,31,Minas Gerais,MG,3,Sudeste,SE,,,1005.285,-21.738856202185513,-44.26970225420983
4104501,Capanema,410009,Francisco Beltrão,4103,Cascavel,41,Paraná,PR,4,Sul,S,,,415.961,-25.6103709084019,-53.76341052077089
2207207,Padre Marcos,220009,Picos,2203,Picos,22,Piauí,PI,2,Nordeste,NE,,,278.696,-7.377804272077507,-40.8810249735817
3136009,Joaíma,310015,Almenara,3103,Teófilo Otoni,31,Minas Gerais,MG,3,Sudeste,SE,,,1664.19,-16.77072667787616,-41.01537946590999
4308201,Flores da Cunha,430036,Caxias do Sul,4307,Caxias do Sul,43,Rio Grande do Sul,RS,4,Sul,S,,,276.255,-29.031531249914877,-51.22114486212096
5105176,Juruena,510009,Juína,5103,Sinop,51,Mato Grosso,MT,5,Centro-oeste,CO,,,3207.837,-10.39745241001637,-58.62482561277494
1508050,Trairão,150016,Itaituba,1505,Santarém,15,Pará,PA,1,Norte,N,,,11991.085,-5.130225122745533,-56.00346707749114
3552007,Silveiras,350053,Cruzeiro,3511,São José dos Campos,35,São Paulo,SP,3,Sudeste,SE,,,415.038,-22.734417173198235,-44.840571261938784
2101608,Barra do Corda,210020,Barra do Corda,2105,Imperatriz,21,Maranhão,MA,2,Nordeste,NE,,,5187.673,-5.504129801946662,-45.18308476955279
4218954,Urupema,420005,Lages,4203,Lages,42,Santa Catarina,SC,4,Sul,S,,,350.472,-28.02365406851082,-49.90088889253048
3111101,Campina Verde,310059,Uberlândia,3111,Uberlândia,31,Minas Gerais,MG,3,Sudeste,SE,,,3650.749,-19.479130074498524,-49.81000645496739
4202602,Bom Retiro,420005,Lages,4203,Lages,42,Santa Catarina,SC,4,Sul,S,,,1057.034,-27.78535988798596,-49.563008986433246
2306108,Irauçuba,230005,Itapagé,2301,Fortaleza,23,Ceará,CE,2,Nordeste,NE,,,1466.413,-3.865776989076021,-39.81759957057172
2922904,Nova Soure,290025,Ribeira do Pombal,2909,Paulo Afonso,29,Bahia,BA,2,Nordeste,NE,,,966.993,-11.311950195953212,-38.55480951529156
2907103,Carinhanha,290016,Guanambi,2905,Guanambi,29,Bahia,BA,2,Nordeste,NE,,,2525.512,-14.020546036438844,-43.84893521879945
2800308,Aracaju,280001,Aracaju,2801,Aracaju,28,Sergipe,SE,2,Nordeste,NE,2800308,Aracaju/SE,182.163,-10.994202264840403,-37.09491351930866
1700350,Aliança do Tocantins,170010,Gurupi,1703,Gurupi,17,Tocantins,TO,1,Norte,N,,,1580.999,-11.331182682167665,-48.908294692004496
1508159,Uruará,150018,Altamira,1506,Altamira,15,Pará,PA,1,Norte,N,,,10791.402,-3.58361584245374,-53.807335961572655
4120705,Quatiguá,410022,Santo Antônio da Platina,4105,Londrina,41,Paraná,PR,4,Sul,S,,,112.567,-23.562087382977122,-49.93195690149471
3535507,Paraguaçu Paulista,350014,Assis,3504,Marília,35,São Paulo,SP,3,Sudeste,SE,,,1001.492,-22.459099057690267,-50.62658448102171
2616100,Verdejante,260017,Salgueiro,2604,Petrolina,26,Pernambuco,PE,2,Nordeste,NE,,,476.04,-7.975860099538437,-38.98908582549415
2509800,Mulungu,250002,Guarabira,2501,João Pessoa,25,Paraíba,PB,2,Nordeste,NE,,,187.259,-6.9994351023384365,-35.420875568158074
2403004,Cruzeta,240007,Caicó,2402,Caicó,24,Rio Grande do Norte,RN,2,Nordeste,NE,,,295.83,-6.355927582293831,-36.824989489424
5203906,Buriti Alegre,520007,Itumbiara,5202,Itumbiara,52,Goiás,GO,5,Centro-oeste,CO,,,901.932,-18.125666256347028,-49.00773472559709
1716307,Pau D'Arco,170005,Araguaína,1702,Araguaína,17,Tocantins,TO,1,Norte,N,,,1375.551,-7.544930438108387,-48.98835522465851
3200201,Alegre,320008,Alegre,3204,Cachoeiro do Itapemirim,32,Espírito Santo,ES,3,Sudeste,SE,,,756.86,-20.719496168728146,-41.5149353133324
4300001,"Área Operacional ""Lagoa Mirim""",,,,,43,Rio Grande do Sul,RS,4,Sul,S,,,2884.34,-32.75083422294681,-52.97108796837442
4300002,"Área Operacional ""Lagoa dos Patos""",,,,,43,Rio Grande do Sul,RS,4,Sul,S,,,10199.391,-31.06530379092065,-51.358543197440156
4316477,Salvador das Missões,430024,Cerro Largo,4305,Ijuí,43,Rio Grande do Sul,RS,4,Sul,S,,,95.952,-28.09890190450181,-54.832222496257
3502804,Araçatuba,350022,Araçatuba,3506,Araçatuba,35,São Paulo,SP,3,Sudeste,SE,3502804,Araçatuba,1167.126,-21.113857861076255,-50.574498092084106
4202578,Bom Jesus do Oeste,420012,Maravilha,4204,Chapecó,42,Santa Catarina,SC,4,Sul,S,,,67.777,-26.68402078753974,-53.09528815897097
3102902,Antônio Carlos,310037,Barbacena,3107,Barbacena,31,Minas Gerais,MG,3,Sudeste,SE,3105608,Barbacena/MG,529.915,-21.410587019124083,-43.766332443002675
2501609,Barra de Santa Rosa,250006,Cuité - Nova Floresta,2502,Campina Grande,25,Paraíba,PB,2,Nordeste,NE,,,781.187,-6.791168927684347,-36.07601554197338
3168804,Tiradentes,310039,São João del Rei,3107,Barbacena,31,Minas Gerais,MG,3,Sudeste,SE,3162500,São João del Rei/MG,83.047,-21.11642500609316,-44.15461789128548
4112504,Jardim Alegre,410025,Ivaiporã,4105,Londrina,41,Paraná,PR,4,Sul,S,,,425.371,-24.20412239509796,-51.76996786228439
2607901,Jaboatão dos Guararapes,260001,Recife,2601,Recife,26,Pernambuco,PE,2,Nordeste,NE,2611606,Recife/PE,258.724,-8.15215899090206,-35.00334988979033
2907202,Casa Nova,290022,Juazeiro,2908,Juazeiro,29,Bahia,BA,2,Nordeste,NE,,,9648.942,-9.240281592588206,-41.336585674685175
3527306,Louveira,350039,Jundiaí,3510,Campinas,35,São Paulo,SP,3,Sudeste,SE,3525904,Jundiaí/SP,55.989,-23.084008728804317,-46.9378186120907
2930402,Serra Preta,290029,Feira de Santana,2910,Feira de Santana,29,Bahia,BA,2,Nordeste,NE,,,595.294,-12.09538290428255,-39.37858633654621
4316451,Salto do Jacuí,430027,Cruz Alta,4306,Passo Fundo,43,Rio Grande do Sul,RS,4,Sul,S,,,507.698,-29.068243234461278,-53.25421878467521
3200300,Alfredo Chaves,320001,Vitória,3201,Vitória,32,Espírito Santo,ES,3,Sudeste,SE,,,615.677,-20.563900354285025,-40.82705623050838
5105002,Jauru,510006,Mirassol D'oeste,5102,Cáceres,51,Mato Grosso,MT,5,Centro-oeste,CO,,,1345.411,-15.304794782500156,-58.865665720332366
1508126,Ulianópolis,150007,Paragominas,1502,Castanhal,15,Pará,PA,1,Norte,N,,,5088.468,-3.8098398374076305,-47.49360910303242
4210852,Mirim Doce,420022,Rio do Sul,4207,Blumenau,42,Santa Catarina,SC,4,Sul,S,,,337.991,-27.185593227220124,-50.175135881466524
5219605,Santa Tereza de Goiás,520016,Porangatu,5205,Porangatu - Uruaçu,52,Goiás,GO,5,Centro-oeste,CO,,,789.544,-13.571992451561329,-48.981819275342176
3502903,Araçoiaba da Serra,350003,Sorocaba,3502,Sorocaba,35,São Paulo,SP,3,Sudeste,SE,3552205,Sorocaba/SP,255.305,-23.543863923652825,-47.651535722586885
1700301,Aguiarnópolis,170008,Tocantinópolis,1702,Araguaína,17,Tocantins,TO,1,Norte,N,,,236.792,-6.48857878625602,-47.51337205710399
4120655,Quarto Centenário,410015,Campo Mourão,4104,Maringá,41,Paraná,PR,4,Sul,S,,,320.779,-24.303024016742583,-53.15559479943066
3160603,Santo Hipólito,310004,Curvelo,3101,Belo Horizonte,31,Minas Gerais,MG,3,Sudeste,SE,,,430.656,-18.390204277948637,-44.17239113275472
4104303,Campo Mourão,410015,Campo Mourão,4104,Maringá,41,Paraná,PR,4,Sul,S,,,748.054,-24.1027791588739,-52.38055887434591
2314102,Viçosa do Ceará,230016,São Benedito - Ipu - Guaraciaba do Norte - Tianguá,2306,Sobral,23,Ceará,CE,2,Nordeste,NE,,,1310.91,-3.5461996302005963,-41.136060097728766
4316436,Saldanha Marinho,430028,Carazinho,4306,Passo Fundo,43,Rio Grande do Sul,RS,4,Sul,S,,,221.554,-28.386787859410113,-53.09442441048611
2915353,Itaguaçu da Bahia,290020,Irecê,2907,Irecê,29,Bahia,BA,2,Nordeste,NE,,,4310.255,-10.769723686478535,-42.23898668767586
2501575,Barra de Santana,250005,Campina Grande,2502,Campina Grande,25,Paraíba,PB,2,Nordeste,NE,,,375.177,-7.56483707493597,-35.966067506270896
2922201,Muniz Ferreira,290003,Santo Antônio de Jesus,2902,Santo Antônio de Jesus,29,Bahia,BA,2,Nordeste,NE,,,104.54,-13.002487277331486,-39.08769261492274
5219456,Santa Rita do Novo Destino,520018,Ceres - Rialma - Goianésia,5205,Porangatu - Uruaçu,52,Goiás,GO,5,Centro-oeste,CO,,,970.448,-14.876683187292562,-49.055173320549045
4316428,Sagrada Família,430034,Palmeira das Missões,4306,Passo Fundo,43,Rio Grande do Sul,RS,4,Sul,S,,,77.889,-27.707931904481626,-53.13197963404924
2930501,Serrinha,290033,Serrinha,2910,Feira de Santana,29,Bahia,BA,2,Nordeste,NE,,,583.311,-11.665667098199235,-38.993790578887634
4308250,Floriano Peixoto,430026,Erechim,4306,Passo Fundo,43,Rio Grande do Sul,RS,4,Sul,S,,,168.521,-27.857823833029908,-52.04533936794222
1708205,Formoso do Araguaia,170010,Gurupi,1703,Gurupi,17,Tocantins,TO,1,Norte,N,,,13431.861,-11.958272717619268,-50.09809064723419
3111408,Campo Florido,310055,Uberaba,3110,Uberaba,31,Minas Gerais,MG,3,Sudeste,SE,,,1264.245,-19.71341321135187,-48.647836616758376
3144102,Muzambinho,310044,Guaxupé,3108,Varginha,31,Minas Gerais,MG,3,Sudeste,SE,,,409.948,-21.35564721871835,-46.516514028057834
3511300,Cedral,350025,São José do Rio Preto,3507,São José do Rio Preto,35,São Paulo,SP,3,Sudeste,SE,3549805,São José do Rio Preto/SP,197.099,-20.913824984524148,-49.26401339563397
2411502,Santo Antônio,240002,Santo Antônio - Passa e Fica - Nova Cruz,2401,Natal,24,Rio Grande do Norte,RN,2,Nordeste,NE,,,301.082,-6.339476765183722,-35.505404656637886
1700400,Almas,170011,Dianópolis,1703,Gurupi,17,Tocantins,TO,1,Norte,N,,,4007.152,-11.42950523331402,-47.21101897184649
2615904,Tuparetama,260014,Afogados da Ingazeira,2603,Serra Talhada,26,Pernambuco,PE,2,Nordeste,NE,,,188.428,-7.686583593757954,-37.26285867569632
2915205,Itagibá,290014,Ipiaú,2904,Vitória da Conquista,29,Bahia,BA,2,Nordeste,NE,,,810.994,-14.25256693834218,-39.8304541439408
1507961,Terra Alta,150004,Castanhal,1502,Castanhal,15,Pará,PA,1,Norte,N,,,204.971,-1.0025931104976538,-47.84829433752268
2305902,Ipueiras,230016,São Benedito - Ipu - Guaraciaba do Norte - Tianguá,2306,Sobral,23,Ceará,CE,2,Nordeste,NE,,,1483.262,-4.57280022476126,-40.87688704467366
3160454,Santo Antônio do Retiro,310012,Espinosa,3102,Montes Claros,31,Minas Gerais,MG,3,Sudeste,SE,,,796.29,-15.288146029200465,-42.6609952356311
4300059,Água Santa,430032,Tapejara - Sananduva,4306,Passo Fundo,43,Rio Grande do Sul,RS,4,Sul,S,,,291.526,-28.213856827141164,-52.051749189611705
3152402,Poté,310013,Teófilo Otoni,3103,Teófilo Otoni,31,Minas Gerais,MG,3,Sudeste,SE,,,625.111,-17.814975262308394,-41.76934410373846
1507953,Tailândia,150003,Abaetetuba,1501,Belém,15,Pará,PA,1,Norte,N,,,4430.477,-2.9078188781507897,-48.73670062641859
1303700,Santo Antônio do Içá,130006,Tabatinga,1302,Tefé,13,Amazonas,AM,1,Norte,N,,,12482.067,-3.0472264878935067,-69.09410481976606
2207108,Olho D'Água do Piauí,220002,Amarante - Água Branca - Regeneração,2201,Teresina,22,Piauí,PI,2,Nordeste,NE,,,183.605,-5.857730930132402,-42.5520656498018
2800605,Barra dos Coqueiros,280001,Aracaju,2801,Aracaju,28,Sergipe,SE,2,Nordeste,NE,2800308,Aracaju/SE,92.268,-10.851119726244768,-36.9694219227316
2922300,Muritiba,290004,Cruz das Almas,2902,Santo Antônio de Jesus,29,Bahia,BA,2,Nordeste,NE,,,86.311,-12.621752873243931,-39.08628761536735
4308102,Feliz,430036,Caxias do Sul,4307,Caxias do Sul,43,Rio Grande do Sul,RS,4,Sul,S,,,94.96,-29.45495634467507,-51.284645110310535
3103207,Araçaí,310002,Sete Lagoas,3101,Belo Horizonte,31,Minas Gerais,MG,3,Sudeste,SE,,,187.53,-19.2348409878851,-44.21844283477568
3135902,Jesuânia,310053,São Lourenço,3109,Pouso Alegre,31,Minas Gerais,MG,3,Sudeste,SE,,,153.852,-22.009932621936535,-45.27537653550803
2403301,Encanto,240010,Pau dos Ferros,2403,Mossoró,24,Rio Grande do Norte,RN,2,Nordeste,NE,,,125.749,-6.134223539859737,-38.306353088053505
2607703,Itapetim,260014,Afogados da Ingazeira,2603,Serra Talhada,26,Pernambuco,PE,2,Nordeste,NE,,,411.875,-7.398695976227628,-37.1430435387371
2907004,Cardeal da Silva,290002,Alagoinhas,2901,Salvador,29,Bahia,BA,2,Nordeste,NE,,,293.456,-12.043037093309044,-37.938425945420086
3551900,Severínia,350032,Barretos,3508,Ribeirão Preto,35,São Paulo,SP,3,Sudeste,SE,,,140.46,-20.79313964870988,-48.793763416651764
5203203,Barro Alto,520018,Ceres - Rialma - Goianésia,5205,Porangatu - Uruaçu,52,Goiás,GO,5,Centro-oeste,CO,,,1080.268,-14.907893327056268,-48.879582254790876
3168606,Teófilo Otoni,310013,Teófilo Otoni,3103,Teófilo Otoni,31,Minas Gerais,MG,3,Sudeste,SE,3168606,Teófilo Otoni,3242.27,-17.714603337225224,-41.38365536640187
4219358,Vitor Meireles,420023,Ibirama - Presidente Getúlio,4207,Blumenau,42,Santa Catarina,SC,4,Sul,S,,,370.414,-26.826433536937593,-49.845202063077686
4203006,Caçador,420014,Caçador,4205,Caçador,42,Santa Catarina,SC,4,Sul,S,,,983.424,-26.7630157411623,-51.0846652427839
2616001,Venturosa,260011,Arcoverde,2602,Caruaru,26,Pernambuco,PE,2,Nordeste,NE,,,331.552,-8.616536384048754,-36.805003505764354
2509701,Monteiro,250007,Monteiro,2502,Campina Grande,25,Paraíba,PB,2,Nordeste,NE,,,992.62,-7.907756900582068,-37.09171626934447
5219407,Santa Rita do Araguaia,520011,Jataí-Mineiros,5203,Rio Verde,52,Goiás,GO,5,Centro-oeste,CO,,,1357.197,-17.244508867013092,-53.069011917051725
3200102,Afonso Cláudio,320002,Afonso Cláudio - Venda Nova do Imigrante - Santa Maria de Jetibá,3201,Vitória,32,Espírito Santo,ES,3,Sudeste,SE,,,941.188,-20.08942673485156,-41.126513807226964
1304062,Tabatinga,130006,Tabatinga,1302,Tefé,13,Amazonas,AM,1,Norte,N,,,3279.046,-4.028429315631762,-69.67835986315072
4308078,Fazenda Vilanova,430041,Lajeado,4308,Santa Cruz do Sul - Lajeado,43,Rio Grande do Sul,RS,4,Sul,S,4311403,Lajeado/RS,84.794,-29.589125281379967,-51.8385381982205
2800704,Brejo Grande,280003,Propriá,2801,Aracaju,28,Sergipe,SE,2,Nordeste,NE,,,141.464,-10.477277379768188,-36.47393316889547
3543709,Rincão,350036,Araraquara,3509,Araraquara,35,São Paulo,SP,3,Sudeste,SE,3503208,Araraquara/SP,316.639,-21.593878539753323,-48.03203078283155
3502705,Apiaí,350004,Itapeva,3502,Sorocaba,35,São Paulo,SP,3,Sudeste,SE,,,974.322,-24.421470337547607,-48.817357309845406
3127701,Governador Valadares,310020,Governador Valadares,3104,Governador Valadares,31,Minas Gerais,MG,3,Sudeste,SE,3127701,Governador Valadares,2342.376,-18.783425762380205,-41.96355369327547
3535903,Paranapuã,350028,Jales,3507,São José do Rio Preto,35,São Paulo,SP,3,Sudeste,SE,,,140.354,-20.063770964232212,-50.59404468953447
3160405,Santo Antônio do Monte,310065,Divinópolis,3113,Divinópolis,31,Minas Gerais,MG,3,Sudeste,SE,,,1125.78,-20.08304901679566,-45.29226857378675
1508035,Tracuateua,150005,Bragança,1502,Castanhal,15,Pará,PA,1,Norte,N,,,868.03,-1.0409665241038522,-46.93897740990467
1716703,Colméia,170006,Guaraí,1702,Araguaína,17,Tocantins,TO,1,Norte,N,,,1161.029,-8.837426717593232,-48.7486405154501
3168705,Timóteo,310024,Ipatinga,3105,Ipatinga,31,Minas Gerais,MG,3,Sudeste,SE,3131307,Ipatinga/MG,144.377,-19.558008008956765,-42.60262871810444
3143401,Monte Sião,310050,Pouso Alegre,3109,Pouso Alegre,31,Minas Gerais,MG,3,Sudeste,SE,,,291.594,-22.420282725296882,-46.51931729078363
2930303,Serra Dourada,290018,Barreiras,2906,Barreiras,29,Bahia,BA,2,Nordeste,NE,,,1592.249,-12.806268806948912,-43.797590931415236
2501500,Bananeiras,250002,Guarabira,2501,João Pessoa,25,Paraíba,PB,2,Nordeste,NE,,,255.641,-6.700177003233446,-35.59626702637317
2100956,Arame,210020,Barra do Corda,2105,Imperatriz,21,Maranhão,MA,2,Nordeste,NE,,,2976.039,-5.027710208185075,-45.945967851484625
2607802,Itaquitinga,260002,Goiana - Timbaúba,2601,Recife,26,Pernambuco,PE,2,Nordeste,NE,,,162.739,-7.68638426823277,-35.03256146191217
4308052,Faxinalzinho,430026,Erechim,4306,Passo Fundo,43,Rio Grande do Sul,RS,4,Sul,S,,,143.321,-27.375295159521702,-52.676189154120145
2922250,Muquém do São Francisco,290021,Xique-Xique - Barra,2907,Irecê,29,Bahia,BA,2,Nordeste,NE,,,3852.11,-12.211797427073401,-43.49867860541108
4112900,Jundiaí do Sul,410022,Santo Antônio da Platina,4105,Londrina,41,Paraná,PR,4,Sul,S,,,316.748,-23.471814694033835,-50.2316766473522
3119500,Coronel Murta,310017,Araçuaí,3103,Teófilo Otoni,31,Minas Gerais,MG,3,Sudeste,SE,,,815.413,-16.59128437075943,-42.17630352870645
5219506,Santa Rosa de Goiás,520002,Anápolis,5201,Goiânia,52,Goiás,GO,5,Centro-oeste,CO,,,166.44,-16.061406389132703,-49.48149307697521
3135209,Januária,310009,Januária,3102,Montes Claros,31,Minas Gerais,MG,3,Sudeste,SE,,,6661.588,-15.319960618271896,-44.84947871737728
3152204,Porteirinha,310007,Janaúba,3102,Montes Claros,31,Minas Gerais,MG,3,Sudeste,SE,,,1749.683,-15.716600148388626,-43.07582311012378
2109239,Presidente Médici,210011,Governador Nunes Freire,2102,Santa Inês - Bacabal,21,Maranhão,MA,2,Nordeste,NE,,,437.687,-2.318954742125634,-45.77336869879529
4211256,Morro Grande,420002,Criciúma,4202,Criciúma,42,Santa Catarina,SC,4,Sul,S,4204608,Criciúma/SC,260.143,-28.722064900283012,-49.74048358159638
3160504,Santo Antônio do Rio Abaixo,310005,Itabira,3101,Belo Horizonte,31,Minas Gerais,MG,3,Sudeste,SE,,,107.269,-19.241403113340287,-43.249048633023975
3527702,Luiziânia,350023,Birigui - Penápolis,3506,Araçatuba,35,São Paulo,SP,3,Sudeste,SE,,,166.576,-21.672611551921023,-50.350849276950605
2800670,Boquim,280002,Estância,2801,Aracaju,28,Sergipe,SE,2,Nordeste,NE,,,205.443,-11.12034961800999,-37.596976237203855
4104709,Carlópolis,410022,Santo Antônio da Platina,4105,Londrina,41,Paraná,PR,4,Sul,S,,,454.169,-23.459214479140236,-49.712996500277775
2922102,Mundo Novo,290029,Feira de Santana,2910,Feira de Santana,29,Bahia,BA,2,Nordeste,NE,,,1491.989,-11.95282250235405,-40.55936468307494
1508001,Tomé-Açu,150001,Belém,1501,Belém,15,Pará,PA,1,Norte,N,,,5145.361,-2.6361258754535446,-48.26762547757901
3127008,Fronteira,310057,Frutal,3110,Uberaba,31,Minas Gerais,MG,3,Sudeste,SE,,,199.987,-20.22853220311878,-49.15886484943133
3200169,Água Doce do Norte,320006,Nova Venécia,3203,Colatina,32,Espírito Santo,ES,3,Sudeste,SE,,,473.728,-18.516648951748206,-40.99675855216109
4219408,Witmarsum,420023,Ibirama - Presidente Getúlio,4207,Blumenau,42,Santa Catarina,SC,4,Sul,S,,,153.776,-26.937345109003648,-49.841761006000674
3152303,Porto Firme,310033,Viçosa,3106,Juíz de Fora,31,Minas Gerais,MG,3,Sudeste,SE,,,284.777,-20.663584751354403,-43.080365983205965
3519501,Ibirarema,350015,Ourinhos,3504,Marília,35,São Paulo,SP,3,Sudeste,SE,,,228.23,-22.813334752715257,-50.07692476214197
2607752,Itapissuma,260001,Recife,2601,Recife,26,Pernambuco,PE,2,Nordeste,NE,2611606,Recife/PE,73.968,-7.74514980798267,-34.90679815064799
3552205,Sorocaba,350003,Sorocaba,3502,Sorocaba,35,São Paulo,SP,3,Sudeste,SE,3552205,Sorocaba/SP,449.872,-23.46455568554944,-47.44676542506373
1507979,Terra Santa,150017,Oriximiná,1505,Santarém,15,Pará,PA,1,Norte,N,,,1895.883,-1.9515034894045789,-56.45842414742809
2616308,Vicência,260002,Goiana - Timbaúba,2601,Recife,26,Pernambuco,PE,2,Nordeste,NE,,,227.906,-7.659506766504408,-35.35718349884783
4316303,Roque Gonzales,430024,Cerro Largo,4305,Ijuí,43,Rio Grande do Sul,RS,4,Sul,S,,,349.084,-28.059627777709544,-55.08797430385344
2109205,Presidente Juscelino,210001,São Luís,2101,São Luís,21,Maranhão,MA,2,Nordeste,NE,,,355.568,-3.0896661913632153,-44.07788334216877
2800506,Areia Branca,280004,Itabaiana,2802,Itabaiana,28,Sergipe,SE,2,Nordeste,NE,,,148.135,-10.787200209842469,-37.331456840281064
1508357,Vitória do Xingu,150018,Altamira,1506,Altamira,15,Pará,PA,1,Norte,N,,,3089.537,-3.1352682345528975,-51.97397424698133
3168002,Taiobeiras,310008,Salinas,3102,Montes Claros,31,Minas Gerais,MG,3,Sudeste,SE,,,1220.045,-15.824494776349539,-42.05610782709592
3103108,Antônio Prado de Minas,310031,Muriaé,3106,Juíz de Fora,31,Minas Gerais,MG,3,Sudeste,SE,,,83.802,-21.022542981794427,-42.1520211037707
3535705,Paraíso,350026,Catanduva,3507,São José do Rio Preto,35,São Paulo,SP,3,Sudeste,SE,,,155.186,-21.019644879554164,-48.764662177473795
1304104,Tapauá,130008,Lábrea,1303,Lábrea,13,Amazonas,AM,1,Norte,N,,,84697.765,-6.091934300045771,-64.95080413888535
2701605,Canapi,270010,Santana do Ipanema,2702,Arapiraca,27,Alagoas,AL,2,Nordeste,NE,,,600.879,-9.124725356626973,-37.52809764260415
3118809,Coração de Jesus,310006,Montes Claros,3102,Montes Claros,31,Minas Gerais,MG,3,Sudeste,SE,,,2225.216,-16.613170657787826,-44.37875019452821
2403202,Doutor Severiano,240010,Pau dos Ferros,2403,Mossoró,24,Rio Grande do Norte,RN,2,Nordeste,NE,,,113.737,-6.115372694076885,-38.40137271408839
4211207,Morro da Fumaça,420002,Criciúma,4202,Criciúma,42,Santa Catarina,SC,4,Sul,S,4204608,Criciúma/SC,82.878,-28.637698014187958,-49.24295151644439
3127107,Frutal,310057,Frutal,3110,Uberaba,31,Minas Gerais,MG,3,Sudeste,SE,,,2426.965,-20.035721896334397,-49.00045959927513
3502754,Araçariguama,350003,Sorocaba,3502,Sorocaba,35,São Paulo,SP,3,Sudeste,SE,,,145.247,-23.434418537557015,-47.07236874736713
2305266,Ibaretama,230006,Quixadá,2302,Quixadá,23,Ceará,CE,2,Nordeste,NE,,,879.253,-4.780038161255256,-38.724801610629584
3200136,Águia Branca,320005,Colatina,3203,Colatina,32,Espírito Santo,ES,3,Sudeste,SE,,,454.448,-18.970334246773458,-40.74950605112575
5211404,Itauçu,520003,Inhumas - Itaberaí - Anicuns,5201,Goiânia,52,Goiás,GO,5,Centro-oeste,CO,,,383.064,-16.195299657633345,-49.60801298379638
2608107,João Alfredo,260004,Limoeiro,2601,Recife,26,Pernambuco,PE,2,Nordeste,NE,,,134.147,-7.860986442828139,-35.59238515305054
3552304,Sud Mennucci,350024,Andradina,3506,Araçatuba,35,São Paulo,SP,3,Sudeste,SE,,,594.543,-20.667607043485013,-50.90097560898839
2109056,Porto Rico do Maranhão,210008,Cururupu,2101,São Luís,21,Maranhão,MA,2,Nordeste,NE,,,244.979,-1.8838531244617718,-44.633128095621764
4104659,Carambeí,410027,Ponta Grossa,4106,Ponta Grossa,41,Paraná,PR,4,Sul,S,4119905,Ponta Grossa/PR,647.021,-24.893327145017317,-50.15024663946438
3159803,Santa Vitória,310060,Ituiutaba,3111,Uberlândia,31,Minas Gerais,MG,3,Sudeste,SE,,,2998.364,-18.989469966347244,-50.27524546460035
4112959,Juranda,410015,Campo Mourão,4104,Maringá,41,Paraná,PR,4,Sul,S,,,354.522,-24.397494864260697,-52.83459916330652
3143450,Montezuma,310012,Espinosa,3102,Montes Claros,31,Minas Gerais,MG,3,Sudeste,SE,,,1130.419,-15.191268185474762,-42.46949505940563
2101004,Arari,210005,Viana,2101,São Luís,21,Maranhão,MA,2,Nordeste,NE,,,1099.81,-3.533311457593672,-44.72734310155015
3200508,Apiacá,320008,Alegre,3204,Cachoeiro do Itapemirim,32,Espírito Santo,ES,3,Sudeste,SE,,,193.984,-21.07213402125141,-41.55414228430976
3527504,Lucianópolis,350009,Bauru,3503,Bauru,35,São Paulo,SP,3,Sudeste,SE,,,189.536,-22.473350826750153,-49.55029516344708
1700251,Abreulândia,170003,Paraíso do Tocantins,1701,Palmas,17,Tocantins,TO,1,Norte,N,,,1906.295,-9.478807701657601,-49.31125314580769
3535804,Paranapanema,350007,Avaré,3502,Sorocaba,35,São Paulo,SP,3,Sudeste,SE,,,1018.724,-23.43848235542208,-48.79520918896835
3118908,Cordisburgo,310002,Sete Lagoas,3101,Belo Horizonte,31,Minas Gerais,MG,3,Sudeste,SE,,,823.654,-19.092099099268037,-44.205018168268246
5219803,São Domingos,520021,Posse-Campos Belos,5206,Luziânia - Águas Lindas de Goiás,52,Goiás,GO,5,Centro-oeste,CO,,,3335.999,-13.533919271948973,-46.48376554228249
4211058,Monte Carlo,420015,Videira,4205,Caçador,42,Santa Catarina,SC,4,Sul,S,,,191.278,-27.193734859651887,-50.927534803031485
3503109,Arandu,350007,Avaré,3502,Sorocaba,35,São Paulo,SP,3,Sudeste,SE,,,285.908,-23.177696539981778,-49.06403335763387
1716604,Peixe,170010,Gurupi,1703,Gurupi,17,Tocantins,TO,1,Norte,N,,,5303.612,-11.996761876629103,-48.55521909666037
4202875,Brunópolis,420006,Curitibanos,4203,Lages,42,Santa Catarina,SC,4,Sul,S,,,336.439,-27.346967886111194,-50.84496052896972
2501534,Baraúna,250006,Cuité - Nova Floresta,2502,Campina Grande,25,Paraíba,PB,2,Nordeste,NE,,,50.03,-6.6205812339234935,-36.261398244758034
3143302,Montes Claros,310006,Montes Claros,3102,Montes Claros,31,Minas Gerais,MG,3,Sudeste,SE,3143302,Montes Claros,3589.811,-16.620718066391422,-43.92881682686193
3544103,Rio Grande da Serra,350001,São Paulo,3501,São Paulo,35,São Paulo,SP,3,Sudeste,SE,3550308,São Paulo/SP,36.341,-23.73785845734128,-46.37945692096764
2305233,Horizonte,230001,Fortaleza,2301,Fortaleza,23,Ceará,CE,2,Nordeste,NE,,,160.556,-4.1021814932418685,-38.46501364270353
3127073,Fruta de Leite,310008,Salinas,3102,Montes Claros,31,Minas Gerais,MG,3,Sudeste,SE,,,762.837,-16.125596252609526,-42.519945394489845
1508308,Viseu,150005,Bragança,1502,Castanhal,15,Pará,PA,1,Norte,N,,,4972.936,-1.5255625117222915,-46.453751523965536
1500131,Abel Figueiredo,150009,Marabá,1503,Marabá,15,Pará,PA,1,Norte,N,,,614.127,-4.957318483624213,-48.42460112933262
2509057,Marcação,250003,Mamanguape - Rio Tinto,2501,João Pessoa,25,Paraíba,PB,2,Nordeste,NE,,,122.665,-6.747510330896824,-35.005648302485
4121109,Quinta do Sol,410015,Campo Mourão,4104,Maringá,41,Paraná,PR,4,Sul,S,,,326.137,-23.82962188380841,-52.14034548169025
3519303,Ibaté,350037,São Carlos,3509,Araraquara,35,São Paulo,SP,3,Sudeste,SE,3548906,São Carlos/SP,290.977,-21.9509052170883,-48.02728507320819
3151602,Planura,310057,Frutal,3110,Uberaba,31,Minas Gerais,MG,3,Sudeste,SE,,,317.52,-20.08125053100733,-48.6462636032966
4202859,Braço do Trombudo,420022,Rio do Sul,4207,Blumenau,42,Santa Catarina,SC,4,Sul,S,,,89.411,-27.3685985464886,-49.90361664454176
4308458,Fortaleza dos Valos,430027,Cruz Alta,4306,Passo Fundo,43,Rio Grande do Sul,RS,4,Sul,S,,,650.512,-28.89512383207113,-53.275883988069516
3527603,Luís Antônio,350031,Ribeirão Preto,3508,Ribeirão Preto,35,São Paulo,SP,3,Sudeste,SE,,,598.257,-21.552664575493697,-47.781886342018666
3127057,Fronteira dos Vales,310019,Águas Formosas,3103,Teófilo Otoni,31,Minas Gerais,MG,3,Sudeste,SE,,,320.757,-16.89386723601846,-40.835409824235725
3135100,Janaúba,310007,Janaúba,3102,Montes Claros,31,Minas Gerais,MG,3,Sudeste,SE,,,2181.319,-15.79901928885727,-43.396713208647014
2109007,Porto Franco,210019,Imperatriz,2105,Imperatriz,21,Maranhão,MA,2,Nordeste,NE,,,1421.011,-6.368806179139753,-47.179993118103326
2100832,Apicum-Açu,210008,Cururupu,2101,São Luís,21,Maranhão,MA,2,Nordeste,NE,,,341.12,-1.5473231566965289,-45.0856436052597
2305332,Ibicuitinga,230006,Quixadá,2302,Quixadá,23,Ceará,CE,2,Nordeste,NE,,,423.856,-4.974579177395558,-38.556878844541416
5219902,São Francisco de Goiás,520002,Anápolis,5201,Goiânia,52,Goiás,GO,5,Centro-oeste,CO,,,416.535,-15.951461813263007,-49.25467449553166
1500107,Abaetetuba,150003,Abaetetuba,1501,Belém,15,Pará,PA,1,Norte,N,1500107,Abaetetuba,1610.645,-1.7302565078023793,-48.88306845598847
2914505,Irará,290029,Feira de Santana,2910,Feira de Santana,29,Bahia,BA,2,Nordeste,NE,,,267.88,-12.046428702858694,-38.7538947996079
2701407,Campo Alegre,270004,São Miguel dos Campos,2701,Maceió,27,Alagoas,AL,2,Nordeste,NE,,,312.726,-9.814853987142376,-36.282927418256996
2517209,Vieirópolis,250014,Sousa,2504,Sousa - Cajazeiras,25,Paraíba,PB,2,Nordeste,NE,,,147.098,-6.560229767938269,-38.268235823712956
1303908,São Paulo de Olivença,130006,Tabatinga,1302,Tefé,13,Amazonas,AM,1,Norte,N,,,19615.643,-4.476648567037016,-69.42894433046253
1508407,Xinguara,150014,Xinguara,1504,Redenção,15,Pará,PA,1,Norte,N,,,3779.323,-6.917778422550881,-49.635269373252115
3168051,Taparuba,310028,Manhuaçu,3106,Juíz de Fora,31,Minas Gerais,MG,3,Sudeste,SE,,,193.082,-19.738614144739365,-41.61156013554778
2313500,Trairi,230002,Itapipoca,2301,Fortaleza,23,Ceará,CE,2,Nordeste,NE,,,928.726,-3.337434918168226,-39.35359385358803
4308433,Forquetinha,430041,Lajeado,4308,Santa Cruz do Sul - Lajeado,43,Rio Grande do Sul,RS,4,Sul,S,4311403,Lajeado/RS,93.278,-29.388519193217036,-52.12578219127317
2403251,Parnamirim,240001,Natal,2401,Natal,24,Rio Grande do Norte,RN,2,Nordeste,NE,2408102,Natal/RN,124.006,-5.914326796011598,-35.2301205878343
2411429,Santana do Seridó,240007,Caicó,2402,Caicó,24,Rio Grande do Norte,RN,2,Nordeste,NE,,,188.403,-6.732237322336836,-36.76513076381735
4316733,Santa Cecília do Sul,430032,Tapejara - Sananduva,4306,Passo Fundo,43,Rio Grande do Sul,RS,4,Sul,S,,,200.056,-28.181321843479846,-51.898481044761525
5007307,Rio Negro,500001,Campo Grande,5001,Campo Grande,50,Mato Grosso do Sul,MS,5,Centro-oeste,CO,,,1828.8,-19.446903756369906,-54.962960024757706
2206407,Monsenhor Gil,220001,Teresina,2201,Teresina,22,Piauí,PI,2,Nordeste,NE,,,552.427,-5.6107203846682685,-42.60926467453905
4219309,Videira,420015,Videira,4205,Caçador,42,Santa Catarina,SC,4,Sul,S,,,384.127,-27.00659043157106,-51.126791457136534
3519402,Ibirá,350025,São José do Rio Preto,3507,São José do Rio Preto,35,São Paulo,SP,3,Sudeste,SE,,,268.9,-21.07540391570566,-49.22053197087084
3135076,Jampruca,310020,Governador Valadares,3104,Governador Valadares,31,Minas Gerais,MG,3,Sudeste,SE,,,517.095,-18.46400601514318,-41.74031805240211
3126901,Frei Inocêncio,310020,Governador Valadares,3104,Governador Valadares,31,Minas Gerais,MG,3,Sudeste,SE,,,469.557,-18.519727798830093,-41.87919047121578
2100808,Anapurus,210003,Chapadinha,2101,São Luís,21,Maranhão,MA,2,Nordeste,NE,,,608.903,-3.54388640249043,-43.1077504056106
3552106,Socorro,350041,Bragança Paulista,3510,Campinas,35,São Paulo,SP,3,Sudeste,SE,,,448.894,-22.611192021053913,-46.52437293546997
2305308,Ibiapina,230016,São Benedito - Ipu - Guaraciaba do Norte - Tianguá,2306,Sobral,23,Ceará,CE,2,Nordeste,NE,,,414.092,-3.9511212735412617,-41.0062037520949
3535101,Palmares Paulista,350026,Catanduva,3507,São José do Rio Preto,35,São Paulo,SP,3,Sudeste,SE,,,82.125,-21.104713773967074,-48.82666529540449
2509008,Manaíra,250013,Princesa Isabel,2503,Patos,25,Paraíba,PB,2,Nordeste,NE,,,352.025,-7.7249132718926266,-38.20484992001594
2914604,Irecê,290020,Irecê,2907,Irecê,29,Bahia,BA,2,Nordeste,NE,,,319.175,-11.309449429506083,-41.83896926222436
2109106,Presidente Dutra,210016,Presidente Dutra,2104,Presidente Dutra,21,Maranhão,MA,2,Nordeste,NE,,,771.574,-5.283075396931042,-44.45709336685554
4112751,Jesuítas,410008,Toledo,4103,Cascavel,41,Paraná,PR,4,Sul,S,,,246.606,-24.413479709599475,-53.41060632902598
2411403,Santana do Matos,240011,Assú,2403,Mossoró,24,Rio Grande do Norte,RN,2,Nordeste,NE,,,1422.268,-5.904346765658369,-36.634618425237996
4316709,Santa Bárbara do Sul,430027,Cruz Alta,4306,Passo Fundo,43,Rio Grande do Sul,RS,4,Sul,S,,,975.799,-28.373857663081594,-53.28455397326112
1304005,Silves,130011,Itacoatiara,1304,Parintins,13,Amazonas,AM,1,Norte,N,,,3723.18,-2.8202685404189722,-58.53653730946539
1500206,Acará,150001,Belém,1501,Belém,15,Pará,PA,1,Norte,N,,,4344.387,-2.0353860962159773,-48.41145009888802
2701506,Campo Grande,270007,Arapiraca,2702,Arapiraca,27,Alagoas,AL,2,Nordeste,NE,,,170.145,-9.967200321688686,-36.746326862317886
3111309,Campo do Meio,310042,Alfenas,3108,Varginha,31,Minas Gerais,MG,3,Sudeste,SE,,,275.426,-21.113603126980404,-45.84963808679853
4211108,Monte Castelo,420017,Mafra,4206,Joinville,42,Santa Catarina,SC,4,Sul,S,,,560.743,-26.660693785088416,-50.29154044622103
3543907,Rio Claro,350046,Rio Claro,3510,Campinas,35,São Paulo,SP,3,Sudeste,SE,3543907,Rio Claro/SP,498.403,-22.37397067460986,-47.57995194924457
3511201,Catiguá,350026,Catanduva,3507,São José do Rio Preto,35,São Paulo,SP,3,Sudeste,SE,3511102,Catanduva/SP,146.568,-21.062737194821416,-49.052956399649936
5211305,Itarumã,520010,Rio Verde,5203,Rio Verde,52,Goiás,GO,5,Centro-oeste,CO,,,3437.367,-18.844208051676663,-51.33070860436527
2616183,Vertente do Lério,260008,Surubim,2601,Recife,26,Pernambuco,PE,2,Nordeste,NE,,,73.631,-7.777649081096453,-35.81546824876361
3118700,Coqueiral,310046,Três Pontas - Boa Esperança,3108,Varginha,31,Minas Gerais,MG,3,Sudeste,SE,,,296.163,-21.16904403512304,-45.415337640636594
3503158,Arapeí,350053,Cruzeiro,3511,São José dos Campos,35,São Paulo,SP,3,Sudeste,SE,,,156.479,-22.672855064172886,-44.438731953316996
2100907,Araioses,210007,Tutóia - Araioses,2101,São Luís,21,Maranhão,MA,2,Nordeste,NE,,,1789.73,-2.9722522228710933,-42.01698103231608
5007406,Rio Verde de Mato Grosso,500004,Coxim,5001,Campo Grande,50,Mato Grosso do Sul,MS,5,Centro-oeste,CO,,,8174.784,-18.813599817893465,-55.04282102608516
3135050,Jaíba,310007,Janaúba,3102,Montes Claros,31,Minas Gerais,MG,3,Sudeste,SE,,,2635.467,-15.232649077799392,-43.675894443516896
1716653,Pequizeiro,170006,Guaraí,1702,Araguaína,17,Tocantins,TO,1,Norte,N,,,1206.119,-8.379808605482717,-48.91715827880269
2206506,Monsenhor Hipólito,220009,Picos,2203,Picos,22,Piauí,PI,2,Nordeste,NE,,,401.568,-6.918525050300182,-41.03802654843364
3526902,Limeira,350042,Limeira,3510,Campinas,35,São Paulo,SP,3,Sudeste,SE,3526902,Limeira/SP,580.577,-22.598505407489462,-47.363748669590656
2500809,Araçagi,250002,Guarabira,2501,João Pessoa,25,Paraíba,PB,2,Nordeste,NE,,,232.177,-6.861220927888981,-35.35445823789448
2509107,Mari,250001,João Pessoa,2501,João Pessoa,25,Paraíba,PB,2,Nordeste,NE,,,155.265,-7.037548766629195,-35.30589145189191
4120903,Quedas do Iguaçu,410011,Laranjeiras do Sul - Quedas do Iguaçu,4103,Cascavel,41,Paraná,PR,4,Sul,S,,,822.345,-25.45738241210657,-52.95487445817078
5219712,Santo Antônio da Barra,520010,Rio Verde,5203,Rio Verde,52,Goiás,GO,5,Centro-oeste,CO,,,450.336,-17.525368498166277,-50.63085338596113
4308508,Frederico Westphalen,430029,Frederico Westphalen,4306,Passo Fundo,43,Rio Grande do Sul,RS,4,Sul,S,,,264.876,-27.34052480428128,-53.35982328235395
5104203,Guiratinga,510016,Rondonópolis,5105,Rondonópolis,51,Mato Grosso,MT,5,Centro-oeste,CO,,,5044.493,-16.384757489646244,-53.59004736514587
2906402,Candeal,290029,Feira de Santana,2910,Feira de Santana,29,Bahia,BA,2,Nordeste,NE,,,447.577,-11.871119292343847,-39.19075794449788
2930758,Sítio do Mato,290017,Bom Jesus da Lapa,2905,Guanambi,29,Bahia,BA,2,Nordeste,NE,,,1627.804,-12.855220500430107,-43.47499485820049
4202909,Brusque,420021,Brusque,4207,Blumenau,42,Santa Catarina,SC,4,Sul,S,4202909,Brusque/SC,284.675,-27.125000076618537,-48.909743389403644
5219704,Santa Terezinha de Goiás,520018,Ceres - Rialma - Goianésia,5205,Porangatu - Uruaçu,52,Goiás,GO,5,Centro-oeste,CO,,,1206.601,-14.322057207330735,-49.67276664657879
5203104,Baliza,520014,Iporá,5204,São Luís de Montes Belos - Iporá,52,Goiás,GO,5,Centro-oeste,CO,,,1780.173,-16.359910773958628,-52.43847823648483
3544004,Rio das Pedras,350040,Piracicaba,3510,Campinas,35,São Paulo,SP,3,Sudeste,SE,3538709,Piracicaba/SP,226.729,-22.850342403305774,-47.5984449767529
4218608,Trombudo Central,420022,Rio do Sul,4207,Blumenau,42,Santa Catarina,SC,4,Sul,S,,,109.648,-27.31209730461044,-49.81141612366913
3518701,Guarujá,350002,Santos,3501,São Paulo,35,São Paulo,SP,3,Sudeste,SE,3548500,Baixada Santista/SP,144.794,-23.95102846377642,-46.23525891010075
1508209,Vigia,150001,Belém,1501,Belém,15,Pará,PA,1,Norte,N,,,401.87,-0.9332968587301095,-48.104923331018384
2500908,Arara,250002,Guarabira,2501,João Pessoa,25,Paraíba,PB,2,Nordeste,NE,,,91.306,-6.858067686517697,-35.73129772382308
2313302,Tauá,230014,Tauá,2305,Crateús,23,Ceará,CE,2,Nordeste,NE,,,4010.609,-5.936782605574206,-40.25894982626539
4300307,Alecrim,430019,Santa Rosa,4305,Ijuí,43,Rio Grande do Sul,RS,4,Sul,S,,,316.394,-27.651751016607946,-54.78321686201909
1303957,São Sebastião do Uatumã,130011,Itacoatiara,1304,Parintins,13,Amazonas,AM,1,Norte,N,,,10712.222,-1.9457141414827075,-58.698651196486466
2100873,Araguanã,210009,Santa Inês,2102,Santa Inês - Bacabal,21,Maranhão,MA,2,Nordeste,NE,,,805.194,-3.0790958198721885,-45.787333680890264
4121000,Querência do Norte,410020,Loanda,4104,Maringá,41,Paraná,PR,4,Sul,S,,,911.72,-23.042538480723806,-53.52191973024377
2101251,Bacabeira,210001,São Luís,2101,São Luís,21,Maranhão,MA,2,Nordeste,NE,,,542.961,-2.9363463918134562,-44.35796914416227
3110608,Cambuí,310050,Pouso Alegre,3109,Pouso Alegre,31,Minas Gerais,MG,3,Sudeste,SE,,,244.567,-22.582710511732472,-46.078334630445624
4210407,Maracajá,420004,Araranguá,4202,Criciúma,42,Santa Catarina,SC,4,Sul,S,,,62.901,-28.863963101300218,-49.45554753316035
3510500,Caraguatatuba,350051,Caraguatatuba - Ubatuba - São Sebastião,3511,São José dos Campos,35,São Paulo,SP,3,Sudeste,SE,3510500,Caraguatatuba - Ubatuba - São Sebastião/SP,484.947,-23.639759988402446,-45.48857416189634
2410702,Riacho da Cruz,240010,Pau dos Ferros,2403,Mossoró,24,Rio Grande do Norte,RN,2,Nordeste,NE,,,127.223,-5.923590278822734,-37.966432198735795
3126950,Frei Lagonegro,310021,Guanhães,3104,Governador Valadares,31,Minas Gerais,MG,3,Sudeste,SE,,,167.474,-18.143403296928003,-42.75587253042029
3200359,Alto Rio Novo,320005,Colatina,3203,Colatina,32,Espírito Santo,ES,3,Sudeste,SE,,,227.617,-19.022107770920012,-40.98720024007683
2914406,Iraquara,290034,Seabra,2910,Feira de Santana,29,Bahia,BA,2,Nordeste,NE,,,991.821,-12.248340673508732,-41.58309555955248
2305100,Guaramiranga,230003,Redenção-Acarape,2301,Fortaleza,23,Ceará,CE,2,Nordeste,NE,,,90.817,-4.2466123437149434,-38.95658736101544
2313401,Tianguá,230016,São Benedito - Ipu - Guaraciaba do Norte - Tianguá,2306,Sobral,23,Ceará,CE,2,Nordeste,NE,,,909.853,-3.736148859824966,-41.05499087146117
2930709,Simões Filho,290001,Salvador,2901,Salvador,29,Bahia,BA,2,Nordeste,NE,2927408,Salvador/BA,201.529,-12.767703293713796,-38.40067678858661
2607950,Jaqueira,260003,Palmares,2601,Recife,26,Pernambuco,PE,2,Nordeste,NE,,,87.208,-8.743310254119056,-35.80782904332392
2517100,Várzea,250009,Patos,2503,Patos,25,Paraíba,PB,2,Nordeste,NE,,,191.282,-6.788524912205871,-37.03142197028959
2109403,Primeira Cruz,210006,Barreirinhas,2101,São Luís,21,Maranhão,MA,2,Nordeste,NE,,,1337.161,-2.7091825569203882,-43.362795714408534
4112801,Joaquim Távora,410022,Santo Antônio da Platina,4105,Londrina,41,Paraná,PR,4,Sul,S,,,288.922,-23.45684340414479,-49.91020106606916
5007208,Rio Brilhante,500005,Dourados,5002,Dourados,50,Mato Grosso do Sul,MS,5,Centro-oeste,CO,,,3983.507,-21.696137300541178,-54.557811413300506
4316501,Salvador do Sul,430007,Montenegro,4301,Porto Alegre,43,Rio Grande do Sul,RS,4,Sul,S,,,99.026,-29.457779279674664,-51.535434032463215
2206308,Miguel Leão,220002,Amarante - Água Branca - Regeneração,2201,Teresina,22,Piauí,PI,2,Nordeste,NE,,,102.761,-5.697477603241588,-42.702094767053296
2701803,Carneiros,270010,Santana do Ipanema,2702,Arapiraca,27,Alagoas,AL,2,Nordeste,NE,,,111.695,-9.461961141375982,-37.36577253760387
4128500,Wenceslau Braz,410022,Santo Antônio da Platina,4105,Londrina,41,Paraná,PR,4,Sul,S,,,397.685,-23.85517541149619,-49.7843993725619
3102407,Alvorada de Minas,310016,Diamantina,3103,Teófilo Otoni,31,Minas Gerais,MG,3,Sudeste,SE,,,374.008,-18.77901915311485,-43.367599128768234
2305209,Hidrolândia,230015,Sobral,2306,Sobral,23,Ceará,CE,2,Nordeste,NE,,,926.592,-4.432557568456268,-40.40505745513843
3110707,Cambuquira,310045,Três Corações,3108,Varginha,31,Minas Gerais,MG,3,Sudeste,SE,,,246.38,-21.858954432110536,-45.26183494695874
2906204,Canarana,290020,Irecê,2907,Irecê,29,Bahia,BA,2,Nordeste,NE,,,579.726,-11.752948736893819,-41.69962948920712
2608057,Jatobá,260013,Serra Talhada,2603,Serra Talhada,26,Pernambuco,PE,2,Nordeste,NE,,,277.862,-9.207754871697047,-38.2137881837695
2410801,Riacho de Santana,240010,Pau dos Ferros,2403,Mossoró,24,Rio Grande do Norte,RN,2,Nordeste,NE,,,128.106,-6.277003304273828,-38.33612423006043
2500734,Amparo,250008,Sumé,2502,Campina Grande,25,Paraíba,PB,2,Nordeste,NE,,,122.094,-7.560650096032483,-37.03935555154893
4202206,Benedito Novo,420019,Blumenau,4207,Blumenau,42,Santa Catarina,SC,4,Sul,S,,,388.291,-26.80094023282386,-49.435396365990336
2922508,Nazaré,290006,Nazaré - Maragogipe,2902,Santo Antônio de Jesus,29,Bahia,BA,2,Nordeste,NE,,,278.63,-12.953683486809236,-38.98086725368146
5211602,Ivolândia,520013,São Luís de Montes Belos,5204,São Luís de Montes Belos - Iporá,52,Goiás,GO,5,Centro-oeste,CO,,,1260.841,-16.676400370823657,-51.03544677433605
2508901,Mamanguape,250003,Mamanguape - Rio Tinto,2501,João Pessoa,25,Paraíba,PB,2,Nordeste,NE,,,337.434,-6.720742597762259,-35.155890979376835
4104600,Capitão Leônidas Marques,410006,Cascavel,4103,Cascavel,41,Paraná,PR,4,Sul,S,,,280.109,-25.469536854315066,-53.592826381859986
4308300,Fontoura Xavier,430031,Soledade,4306,Passo Fundo,43,Rio Grande do Sul,RS,4,Sul,S,,,583.239,-29.00855025295492,-52.37796872677588
4120309,Porto Vitória,410003,União da Vitória,4101,Curitiba,41,Paraná,PR,4,Sul,S,,,210.236,-26.226840133053518,-51.221230471873604
4316600,Sananduva,430032,Tapejara - Sananduva,4306,Passo Fundo,43,Rio Grande do Sul,RS,4,Sul,S,,,504.499,-27.957238916212386,-51.80033972055294
2101202,Bacabal,210010,Bacabal,2102,Santa Inês - Bacabal,21,Maranhão,MA,2,Nordeste,NE,2101202,Bacabal,1656.736,-4.17110452943803,-44.761880612747916
2109502,Riachão,210022,Balsas,2105,Imperatriz,21,Maranhão,MA,2,Nordeste,NE,,,6402.83,-7.5979235683153,-46.65940256622207
5219753,Santo Antônio do Descoberto,520019,Luziânia,5206,Luziânia - Águas Lindas de Goiás,52,Goiás,GO,5,Centro-oeste,CO,5300108,Brasília/DF,943.948,-16.08611529442213,-48.28215006820015
3135456,Jenipapo de Minas,310017,Araçuaí,3103,Teófilo Otoni,31,Minas Gerais,MG,3,Sudeste,SE,,,284.453,-17.168263115843835,-42.21529199568812
2616209,Vertentes,260008,Surubim,2601,Recife,26,Pernambuco,PE,2,Nordeste,NE,,,196.324,-7.890059340086046,-35.98229937711717
2402600,Ceará-Mirim,240001,Natal,2401,Natal,24,Rio Grande do Norte,RN,2,Nordeste,NE,,,724.838,-5.595470340746228,-35.39522141779161
3119104,Corinto,310004,Curvelo,3101,Belo Horizonte,31,Minas Gerais,MG,3,Sudeste,SE,,,2525.397,-18.335490675921353,-44.61752373007189
2906303,Canavieiras,290010,Camacan,2903,Ilhéus - Itabuna,29,Bahia,BA,2,Nordeste,NE,,,1334.279,-15.651538761794324,-39.10882501099017
2313351,Tejuçuoca,230005,Itapagé,2301,Fortaleza,23,Ceará,CE,2,Nordeste,NE,,,758.706,-3.9320035534997944,-39.583342653154524
3167905,Tabuleiro,310029,Ubá,3106,Juíz de Fora,31,Minas Gerais,MG,3,Sudeste,SE,,,211.084,-21.363354710832663,-43.2561716838908
3102506,Amparo do Serra,310030,Ponte Nova,3106,Juíz de Fora,31,Minas Gerais,MG,3,Sudeste,SE,,,136.186,-20.52818166876436,-42.804934207411314
4202305,Biguaçu,420001,Florianópolis,4201,Florianópolis,42,Santa Catarina,SC,4,Sul,S,4205407,Florianópolis/SC,365.755,-27.433529855432557,-48.693946898085905
4300109,Agudo,430011,Santa Maria,4303,Santa Maria,43,Rio Grande do Sul,RS,4,Sul,S,,,534.624,-29.608087195062733,-53.22658131671669
5203401,Bom Jardim de Goiás,520014,Iporá,5204,São Luís de Montes Belos - Iporá,52,Goiás,GO,5,Centro-oeste,CO,,,1901.141,-16.168609468129638,-52.073394297152895
3306206,Vassouras,330006,Valença,3302,Volta Redonda - Barra Mansa,33,Rio de Janeiro,RJ,3,Sudeste,SE,,,536.073,-22.358558155107747,-43.56972986132954
2500700,São João do Rio do Peixe,250015,Cajazeiras,2504,Sousa - Cajazeiras,25,Paraíba,PB,2,Nordeste,NE,,,476.237,-6.732738403441223,-38.41784948504501
4308409,Formigueiro,430011,Santa Maria,4303,Santa Maria,43,Rio Grande do Sul,RS,4,Sul,S,,,578.875,-29.975461411869396,-53.50620680624568
5211701,Jandaia,520015,Palmeiras de Goiás,5204,São Luís de Montes Belos - Iporá,52,Goiás,GO,5,Centro-oeste,CO,,,863.087,-17.092266893915685,-50.18216684803215
4112108,Jandaia do Sul,410023,Apucarana,4105,Londrina,41,Paraná,PR,4,Sul,S,,,188.103,-23.627881127183304,-51.6843799007746
5219738,Santo Antônio de Goiás,520001,Goiânia,5201,Goiânia,52,Goiás,GO,5,Centro-oeste,CO,5208707,Goiânia/GO,135.022,-16.47672244104712,-49.29307475504435
5104609,Itiquira,510016,Rondonópolis,5105,Rondonópolis,51,Mato Grosso,MT,5,Centro-oeste,CO,,,8698.814,-17.333887812264248,-54.5973205970803
2101301,Bacuri,210008,Cururupu,2101,São Luís,21,Maranhão,MA,2,Nordeste,NE,,,832.084,-1.6818405367402893,-45.16522949786403
2608008,Jataúba,260009,Caruaru,2602,Caruaru,26,Pernambuco,PE,2,Nordeste,NE,,,714.601,-8.055209076316961,-36.53386305574341
3159704,Santa Rosa da Serra,310056,Araxá,3110,Uberaba,31,Minas Gerais,MG,3,Sudeste,SE,,,284.334,-19.5620437011084,-45.999768123031764
2313708,Umari,230010,Icó,2303,Iguatu,23,Ceará,CE,2,Nordeste,NE,,,263.185,-6.623326249846004,-38.730276470960916
3200409,Anchieta,320001,Vitória,3201,Vitória,32,Espírito Santo,ES,3,Sudeste,SE,,,409.691,-20.71867016839518,-40.68627955587424
5203500,Bom Jesus de Goiás,520007,Itumbiara,5202,Itumbiara,52,Goiás,GO,5,Centro-oeste,CO,,,1405.605,-18.189204708695467,-49.87850481228351
4300208,Ajuricaba,430018,Ijuí,4305,Ijuí,43,Rio Grande do Sul,RS,4,Sul,S,,,322.674,-28.209931295476252,-53.73719909190033
3543253,Ribeirão Grande,350004,Itapeva,3502,Sorocaba,35,São Paulo,SP,3,Sudeste,SE,,,333.363,-24.188649804388795,-48.35882387922304
3306305,Volta Redonda,330004,Volta Redonda - Barra Mansa,3302,Volta Redonda - Barra Mansa,33,Rio de Janeiro,RJ,3,Sudeste,SE,3306305,Volta Redonda - Barra Mansa/RJ,182.105,-22.490923229750337,-44.08893111074094
4128559,Vera Cruz do Oeste,410006,Cascavel,4103,Cascavel,41,Paraná,PR,4,Sul,S,,,330.602,-25.007793905389182,-53.91903365447138
4103909,Campina da Lagoa,410015,Campo Mourão,4104,Maringá,41,Paraná,PR,4,Sul,S,,,798.991,-24.616613433243874,-52.78781870040072
2109452,Raposa,210001,São Luís,2101,São Luís,21,Maranhão,MA,2,Nordeste,NE,2111300,São Luís/MA,79.213,-2.4375860732059533,-44.089677837041
2410603,Rafael Godeiro,240010,Pau dos Ferros,2403,Mossoró,24,Rio Grande do Norte,RN,2,Nordeste,NE,,,100.073,-6.069075926503967,-37.73022134255867
4315909,Rodeio Bonito,430029,Frederico Westphalen,4306,Passo Fundo,43,Rio Grande do Sul,RS,4,Sul,S,,,83.278,-27.463393469468187,-53.17062190816346
2206357,Milton Brandão,220007,Piripiri,2202,Parnaíba,22,Piauí,PI,2,Nordeste,NE,,,1310.728,-4.6986355315737995,-41.4902810877385
3110509,Camanducaia,310050,Pouso Alegre,3109,Pouso Alegre,31,Minas Gerais,MG,3,Sudeste,SE,,,528.688,-22.786866676112204,-46.07478095868148
4210308,Major Vieira,420017,Mafra,4206,Joinville,42,Santa Catarina,SC,4,Sul,S,,,520.816,-26.481213476597983,-50.36157714707827
3143708,Morro do Pilar,310002,Sete Lagoas,3101,Belo Horizonte,31,Minas Gerais,MG,3,Sudeste,SE,,,477.548,-19.23510361556553,-43.402501809079645
3503000,Aramina,350035,Ituverava,3508,Ribeirão Preto,35,São Paulo,SP,3,Sudeste,SE,,,202.829,-20.14504604236322,-47.82064377233518
3510401,Capivari,350040,Piracicaba,3510,Campinas,35,São Paulo,SP,3,Sudeste,SE,,,322.878,-22.980729488328812,-47.47801879979081
3151503,Piumhi,310049,Piumhi,3108,Varginha,31,Minas Gerais,MG,3,Sudeste,SE,,,902.468,-20.441441074216787,-46.05040395498375
2615508,Tracunhaém,260006,Carpina,2601,Recife,26,Pernambuco,PE,2,Nordeste,NE,,,137.321,-7.759842211841579,-35.16111207586866
3127354,Glaucilândia,310006,Montes Claros,3102,Montes Claros,31,Minas Gerais,MG,3,Sudeste,SE,,,145.861,-16.903862506850665,-43.63927490324757
2500775,Aparecida,250014,Sousa,2504,Sousa - Cajazeiras,25,Paraíba,PB,2,Nordeste,NE,,,291.478,-6.789340174322815,-38.06795562892519
2109304,Presidente Vargas,210004,Itapecuru Mirim,2101,São Luís,21,Maranhão,MA,2,Nordeste,NE,,,460.004,-3.346101691116789,-43.95590952060793
2305506,Iguatu,230009,Iguatu,2303,Iguatu,23,Ceará,CE,2,Nordeste,NE,,,977.311,-6.359987902461873,-39.282085081011466
2206720,Nazária,220001,Teresina,2201,Teresina,22,Piauí,PI,2,Nordeste,NE,,,362.376,-5.445548753437766,-42.86784996095069
2930600,Serrolândia,290030,Jacobina,2910,Feira de Santana,29,Bahia,BA,2,Nordeste,NE,,,322.021,-11.429022284128317,-40.26088298000168
3127339,Gameleiras,310012,Espinosa,3102,Montes Claros,31,Minas Gerais,MG,3,Sudeste,SE,,,1733.203,-14.971032786683557,-43.25968059677944
4128534,Ventania,410028,Telêmaco Borba,4106,Ponta Grossa,41,Paraná,PR,4,Sul,S,,,819.334,-24.189863451532943,-50.239877838382014
4307708,Esteio,430001,Porto Alegre,4301,Porto Alegre,43,Rio Grande do Sul,RS,4,Sul,S,4314902,Porto Alegre/RS,27.676,-29.851747275506476,-51.17679726556324
2914802,Itabuna,290007,Ilhéus - Itabuna,2903,Ilhéus - Itabuna,29,Bahia,BA,2,Nordeste,NE,2914802,Itabuna,401.028,-14.851648200870981,-39.31280719725028
4120358,Pranchita,410009,Francisco Beltrão,4103,Cascavel,41,Paraná,PR,4,Sul,S,,,226.089,-25.965718126927303,-53.72166987947603
4104006,Campina Grande do Sul,410001,Curitiba,4101,Curitiba,41,Paraná,PR,4,Sul,S,4106902,Curitiba/PR,542.239,-25.185988551364186,-48.843954802163665
3102308,Alvinópolis,310030,Ponte Nova,3106,Juíz de Fora,31,Minas Gerais,MG,3,Sudeste,SE,,,599.443,-20.11181054041964,-43.1525085791597
4202107,Barra Velha,420020,Itajaí,4207,Blumenau,42,Santa Catarina,SC,4,Sul,S,4208203,Itajaí - Balneário Camboriú/SC,138.947,-26.662437952806595,-48.72741951833525
1303304,Novo Aripuanã,130009,Manicoré,1303,Lábrea,13,Amazonas,AM,1,Norte,N,,,41382.864,-6.826237211707072,-60.47447096487837
2402402,Carnaúba dos Dantas,240008,Currais Novos,2402,Caicó,24,Rio Grande do Norte,RN,2,Nordeste,NE,,,246.308,-6.553298657209233,-36.54880303453569
5211503,Itumbiara,520007,Itumbiara,5202,Itumbiara,52,Goiás,GO,5,Centro-oeste,CO,,,2447.014,-18.353566767883503,-49.417456537449524
2206704,Nazaré do Piauí,220017,Floriano,2206,Floriano,22,Piauí,PI,2,Nordeste,NE,,,1316.762,-7.052067429009377,-42.745495050114094
4202099,Barra Bonita,420009,São Miguel do Oeste,4204,Chapecó,42,Santa Catarina,SC,4,Sul,S,,,92.934,-26.668524095839828,-53.425105540238654
3135506,Jequeri,310030,Ponte Nova,3106,Juíz de Fora,31,Minas Gerais,MG,3,Sudeste,SE,,,547.897,-20.474166505549555,-42.619615326085075
1707652,Figueirópolis,170010,Gurupi,1703,Gurupi,17,Tocantins,TO,1,Norte,N,,,1935.709,-12.263470563147028,-49.282792364445754
2607307,Ipubi,260016,Araripina,2604,Petrolina,26,Pernambuco,PE,2,Nordeste,NE,,,693.915,-7.497860210991098,-40.21739762484247
2922409,Mutuípe,290003,Santo Antônio de Jesus,2902,Santo Antônio de Jesus,29,Bahia,BA,2,Nordeste,NE,,,275.854,-13.311893938405145,-39.50662943395238
3551504,Serrana,350031,Ribeirão Preto,3508,Ribeirão Preto,35,São Paulo,SP,3,Sudeste,SE,3543402,Ribeirão Preto/SP,126.046,-21.21691875627163,-47.61233662307674
2101103,Axixá,210001,São Luís,2101,São Luís,21,Maranhão,MA,2,Nordeste,NE,,,160.462,-2.8438948894637006,-44.09865043835487
2615607,Trindade,260016,Araripina,2604,Petrolina,26,Pernambuco,PE,2,Nordeste,NE,,,295.765,-7.727799175938442,-40.29500467935891
2206696,Murici dos Portelas,220006,Parnaíba,2202,Parnaíba,22,Piauí,PI,2,Nordeste,NE,,,475.72,-3.3566899921391364,-42.01239023042482
2305605,Independência,230013,Crateús,2305,Crateús,23,Ceará,CE,2,Nordeste,NE,,,3237.132,-5.4745386927996,-40.34245967261081
2906600,Candiba,290016,Guanambi,2905,Guanambi,29,Bahia,BA,2,Nordeste,NE,,,433.642,-14.404201939034012,-42.83174019839307
3168200,Tapiraí,310066,Formiga,3113,Divinópolis,31,Minas Gerais,MG,3,Sudeste,SE,,,407.92,-19.87619860219893,-46.16067984234172
2509305,Mataraca,250003,Mamanguape - Rio Tinto,2501,João Pessoa,25,Paraíba,PB,2,Nordeste,NE,,,182.439,-6.556319952388571,-35.043921034265416
4120333,Prado Ferreira,410021,Londrina,4105,Londrina,41,Paraná,PR,4,Sul,S,,,152.876,-23.02569879172575,-51.40039833421142
2109270,Presidente Sarney,210002,Pinheiro,2101,São Luís,21,Maranhão,MA,2,Nordeste,NE,,,726.176,-2.586655807694707,-45.36152817769506
3135357,Japonvar,310006,Montes Claros,3102,Montes Claros,31,Minas Gerais,MG,3,Sudeste,SE,,,375.181,-15.944498185320565,-44.329256637249266
3306107,Valença,330006,Valença,3302,Volta Redonda - Barra Mansa,33,Rio de Janeiro,RJ,3,Sudeste,SE,,,1300.767,-22.23422450516439,-43.85752634370902
2402501,Carnaubais,240011,Assú,2403,Mossoró,24,Rio Grande do Norte,RN,2,Nordeste,NE,,,517.737,-5.264080754985472,-36.85729205423748
4202081,Bandeirante,420009,São Miguel do Oeste,4204,Chapecó,42,Santa Catarina,SC,4,Sul,S,,,148.074,-26.76859579925211,-53.648167954443096
3502309,Anhembi,350011,Botucatu,3503,Bauru,35,São Paulo,SP,3,Sudeste,SE,,,736.09,-22.799950096298893,-48.17470941771522
3535002,Palestina,350025,São José do Rio Preto,3507,São José do Rio Preto,35,São Paulo,SP,3,Sudeste,SE,,,697.701,-20.321150761419467,-49.49764921931301
3127305,Galiléia,310020,Governador Valadares,3104,Governador Valadares,31,Minas Gerais,MG,3,Sudeste,SE,,,720.303,-18.880238999875953,-41.54513887374735
5203302,Bela Vista de Goiás,520001,Goiânia,5201,Goiânia,52,Goiás,GO,5,Centro-oeste,CO,,,1274.034,-16.957701511296904,-48.91152400162542
3543303,Ribeirão Pires,350001,São Paulo,3501,São Paulo,35,São Paulo,SP,3,Sudeste,SE,3550308,São Paulo/SP,98.972,-23.701078897812458,-46.4028039876791
3160009,Santo Antônio do Aventureiro,310036,Além Paraíba,3106,Juíz de Fora,31,Minas Gerais,MG,3,Sudeste,SE,,,202.032,-21.75144427271213,-42.811524732847445
4202073,Balneário Gaivota,420004,Araranguá,4202,Criciúma,42,Santa Catarina,SC,4,Sul,S,,,146.486,-29.153693542119537,-49.615547426118695
3168309,Taquaraçu de Minas,310001,Belo Horizonte,3101,Belo Horizonte,31,Minas Gerais,MG,3,Sudeste,SE,,,329.287,-19.634010965632793,-43.68562096645496
2313757,Umirim,230002,Itapipoca,2301,Fortaleza,23,Ceará,CE,2,Nordeste,NE,,,315.647,-3.6869768545860633,-39.384679878674234
2501104,Areia,250005,Campina Grande,2502,Campina Grande,25,Paraíba,PB,2,Nordeste,NE,,,269.13,-6.950344407074563,-35.70535992748733
2929909,Seabra,290034,Seabra,2910,Feira de Santana,29,Bahia,BA,2,Nordeste,NE,,,2402.17,-12.417697894313932,-41.88475528142574
2607406,Itacuruba,260017,Salgueiro,2604,Petrolina,26,Pernambuco,PE,2,Nordeste,NE,,,436.528,-8.748789286334144,-38.727330938689654
2206670,Morro do Chapéu do Piauí,220008,Esperantina,2202,Parnaíba,22,Piauí,PI,2,Nordeste,NE,,,314.436,-3.7123139805022762,-42.27047815986334
4103958,Campina do Simão,410004,Guarapuava,4102,Guarapuava,41,Paraná,PR,4,Sul,S,,,448.033,-25.130621323658016,-51.781617445822484
3526803,Lençóis Paulista,350009,Bauru,3503,Bauru,35,São Paulo,SP,3,Sudeste,SE,,,809.541,-22.676110705692462,-48.825034148153726
5104500,Indiavaí,510006,Mirassol D'oeste,5102,Cáceres,51,Mato Grosso,MT,5,Centro-oeste,CO,,,592.495,-15.335201919849837,-58.59759197412833
4315958,Rolador,430022,São Luiz Gonzaga,4305,Ijuí,43,Rio Grande do Sul,RS,4,Sul,S,,,295.201,-28.254930350145795,-54.834421757094766
4202057,Balneário Barra do Sul,420016,Joinville,4206,Joinville,42,Santa Catarina,SC,4,Sul,S,,,108.914,-26.446350575368232,-48.65289254777107
3143500,Morada Nova de Minas,310070,Abaeté,3113,Divinópolis,31,Minas Gerais,MG,3,Sudeste,SE,,,2084.275,-18.578213511280367,-45.40251415305376
5219100,Santa Bárbara de Goiás,520015,Palmeiras de Goiás,5204,São Luís de Montes Belos - Iporá,52,Goiás,GO,5,Centro-oeste,CO,,,140.957,-16.596693419956786,-49.678649848078884
3160108,Santo Antônio do Grama,310030,Ponte Nova,3106,Juíz de Fora,31,Minas Gerais,MG,3,Sudeste,SE,,,130.213,-20.322177309010204,-42.60392555248723
2921708,Morro do Chapéu,290020,Irecê,2907,Irecê,29,Bahia,BA,2,Nordeste,NE,,,5745.765,-11.46484294432692,-41.167038516214866
1507607,São Miguel do Guamá,150004,Castanhal,1502,Castanhal,15,Pará,PA,1,Norte,N,,,1094.57,-1.5515323797684593,-47.61077252222246
4103800,Cambira,410023,Apucarana,4105,Londrina,41,Paraná,PR,4,Sul,S,,,166.274,-23.631344049548947,-51.5658630505532
3135308,Japaraíba,310065,Divinópolis,3113,Divinópolis,31,Minas Gerais,MG,3,Sudeste,SE,,,172.141,-20.13278244203759,-45.529125782153564
4120150,Porto Barreiro,410011,Laranjeiras do Sul - Quedas do Iguaçu,4103,Cascavel,41,Paraná,PR,4,Sul,S,,,363.547,-25.584475449127027,-52.38198754135637
2411007,Rodolfo Fernandes,240009,Mossoró,2403,Mossoró,24,Rio Grande do Norte,RN,2,Nordeste,NE,,,154.84,-5.858491476764023,-38.080926675420294
3143609,Morro da Garça,310004,Curvelo,3101,Belo Horizonte,31,Minas Gerais,MG,3,Sudeste,SE,,,414.772,-18.62999358424662,-44.63314745585694
4218509,Treze Tílias,420008,Joaçaba - Herval d'Oeste,4204,Chapecó,42,Santa Catarina,SC,4,Sul,S,,,176.922,-26.96627004448052,-51.44546505809414
4202156,Belmonte,420009,São Miguel do Oeste,4204,Chapecó,42,Santa Catarina,SC,4,Sul,S,,,93.852,-26.857082061907086,-53.61806004088873
3518602,Guariba,350031,Ribeirão Preto,3508,Ribeirão Preto,35,São Paulo,SP,3,Sudeste,SE,,,270.408,-21.395922536758412,-48.226522091240156
2305407,Icó,230010,Icó,2303,Iguatu,23,Ceará,CE,2,Nordeste,NE,,,1865.86,-6.389048032313024,-38.783410276457886
2509370,Mato Grosso,250011,Catolé do Rocha - São Bento,2503,Patos,25,Paraíba,PB,2,Nordeste,NE,,,85.275,-6.54805976821143,-37.73730084779751
3551306,Sebastianópolis do Sul,350027,Votuporanga,3507,São José do Rio Preto,35,São Paulo,SP,3,Sudeste,SE,,,167.848,-20.62915948592529,-49.91589979514012
2615409,Toritama,260009,Caruaru,2602,Caruaru,26,Pernambuco,PE,2,Nordeste,NE,,,25.704,-7.999021593144222,-36.0557253869183
2206753,Nossa Senhora de Nazaré,220003,Campo Maior,2201,Teresina,22,Piauí,PI,2,Nordeste,NE,,,356.872,-4.643589745301139,-42.18890024543702
3151909,Pocrane,310028,Manhuaçu,3106,Juíz de Fora,31,Minas Gerais,MG,3,Sudeste,SE,,,691.066,-19.58494969287301,-41.55715127562006
3110905,Campanha,310045,Três Corações,3108,Varginha,31,Minas Gerais,MG,3,Sudeste,SE,,,335.587,-21.843906337151918,-45.40845080772218
1707702,Filadélfia,170005,Araguaína,1702,Araguaína,17,Tocantins,TO,1,Norte,N,,,1991.258,-7.4966804277981165,-47.79374793228663
1507458,São Geraldo do Araguaia,150009,Marabá,1503,Marabá,15,Pará,PA,1,Norte,N,,,3168.387,-6.189251046843627,-48.748222759913226
1303205,Novo Airão,130004,Manacapuru,1301,Manaus,13,Amazonas,AM,1,Norte,N,,,37755.384,-2.0315779916199252,-61.679900725540236
3135407,Jeceaba,310038,Conselheiro Lafaiete,3107,Barbacena,31,Minas Gerais,MG,3,Sudeste,SE,3118304,Conselheiro Lafaiete/MG,236.25,-20.552429633917967,-44.04708385580941
4202131,Bela Vista do Toldo,420017,Mafra,4206,Joinville,42,Santa Catarina,SC,4,Sul,S,,,535.682,-26.418079052180936,-50.4868443
2402808,Coronel Ezequiel,240004,Santa Cruz,2401,Natal,24,Rio Grande do Norte,RN,2,Nordeste,NE,,,185.748,-6.357196196429587,-36.19590464226493
2313559,Tururu,230002,Itapipoca,2301,Fortaleza,23,Ceará,CE,2,Nordeste,NE,,,197.193,-3.5490755298120895,-39.404917940439844
3535309,Palmital,350014,Assis,3504,Marília,35,São Paulo,SP,3,Sudeste,SE,,,548.407,-22.82880500135889,-50.22093441493226
3543238,Ribeirão dos Índios,350018,Presidente Prudente,3505,Presidente Prudente,35,São Paulo,SP,3,Sudeste,SE,,,196.467,-21.7842598650961,-51.58327206195853
2800100,Amparo do São Francisco,280003,Propriá,2801,Aracaju,28,Sergipe,SE,2,Nordeste,NE,,,35.683,-10.165639250103295,-36.92146864170156
2509339,Matinhas,250005,Campina Grande,2502,Campina Grande,25,Paraíba,PB,2,Nordeste,NE,,,36.522,-7.118376711973482,-35.77167739401389
3306156,Varre-Sai,330011,Itaperuna,3304,Campos dos Goytacazes,33,Rio de Janeiro,RJ,3,Sudeste,SE,,,201.938,-20.892926536510025,-41.82970966516095
2607208,Ipojuca,260001,Recife,2601,Recife,26,Pernambuco,PE,2,Nordeste,NE,2611606,Recife/PE,521.801,-8.4373496110922,-35.0893189769514
3551405,Serra Azul,350031,Ribeirão Preto,3508,Ribeirão Preto,35,São Paulo,SP,3,Sudeste,SE,3543402,Ribeirão Preto/SP,283.144,-21.316059336658437,-47.5496941650252
4218855,União do Oeste,420007,Chapecó,4204,Chapecó,42,Santa Catarina,SC,4,Sul,S,,,92.857,-26.786666323558954,-52.85600991521633
3102704,Cachoeira de Pajeú,310018,Pedra Azul,3103,Teófilo Otoni,31,Minas Gerais,MG,3,Sudeste,SE,,,695.672,-15.968511779089427,-41.498001407907516
2906501,Candeias,290001,Salvador,2901,Salvador,29,Bahia,BA,2,Nordeste,NE,2927408,Salvador/BA,251.808,-12.67847893569361,-38.48116112869753
3168101,Tapira,310056,Araxá,3110,Uberaba,31,Minas Gerais,MG,3,Sudeste,SE,,,1179.248,-19.915842980599244,-46.86828230766992
5104559,Itaúba,510007,Sinop,5103,Sinop,51,Mato Grosso,MT,5,Centro-oeste,CO,,,4521.79,-11.110991791417947,-55.58981127253714
2701704,Capela,270006,Atalaia,2701,Maceió,27,Alagoas,AL,2,Nordeste,NE,,,253.168,-9.345117065456082,-36.09172440869584
2501153,Areia de Baraúnas,250009,Patos,2503,Patos,25,Paraíba,PB,2,Nordeste,NE,,,114.078,-7.1118754030947855,-36.96187545472164
4128401,Uraí,410024,Cornélio Procópio - Bandeirantes,4105,Londrina,41,Paraná,PR,4,Sul,S,,,235.855,-23.215880860555153,-50.82936322969384
2100477,Alto Alegre do Pindaré,210009,Santa Inês,2102,Santa Inês - Bacabal,21,Maranhão,MA,2,Nordeste,NE,,,1875.58,-3.8703351020071235,-46.00178361239853
5218904,Rubiataba,520018,Ceres - Rialma - Goianésia,5205,Porangatu - Uruaçu,52,Goiás,GO,5,Centro-oeste,CO,,,750.659,-15.180553539880778,-49.87635368818229
4315750,Riozinho,430004,Taquara - Parobé - Igrejinha,4301,Porto Alegre,43,Rio Grande do Sul,RS,4,Sul,S,,,239.09,-29.61581673996064,-50.3998635310703
3127206,Funilândia,310002,Sete Lagoas,3101,Belo Horizonte,31,Minas Gerais,MG,3,Sudeste,SE,,,199.797,-19.361051310625076,-44.0741041634798
3535408,Panorama,350020,Dracena,3505,Presidente Prudente,35,São Paulo,SP,3,Sudeste,SE,,,356.05,-21.463306121835494,-51.85806606138972
3543204,Ribeirão do Sul,350015,Ourinhos,3504,Marília,35,São Paulo,SP,3,Sudeste,SE,,,203.208,-22.751662300267828,-49.922650316039665
2305357,Icapuí,230008,Aracati,2302,Quixadá,23,Ceará,CE,2,Nordeste,NE,,,421.441,-4.738610293207466,-37.410596654961694
3142908,Monte Azul,310012,Espinosa,3102,Montes Claros,31,Minas Gerais,MG,3,Sudeste,SE,,,1001.296,-15.20674825553435,-42.96873736069013
3502200,Angatuba,350006,Itapetininga,3502,Sorocaba,35,São Paulo,SP,3,Sudeste,SE,,,1028.104,-23.436714894298525,-48.459303516169825
1716208,Paranã,170010,Gurupi,1703,Gurupi,17,Tocantins,TO,1,Norte,N,,,11217.373,-12.696493329795725,-47.813474281234825
5104542,Itanhangá,510008,Sorriso,5103,Sinop,51,Mato Grosso,MT,5,Centro-oeste,CO,,,2909.745,-12.140392183725645,-56.75487811621194
2914653,Itabela,290009,Eunápolis - Porto Seguro,2903,Ilhéus - Itabuna,29,Bahia,BA,2,Nordeste,NE,,,924.914,-16.662900856502386,-39.55133754976803
4307559,Estação,430026,Erechim,4306,Passo Fundo,43,Rio Grande do Sul,RS,4,Sul,S,,,99.757,-27.928544173396276,-52.290245463227116
1507409,São Francisco do Pará,150004,Castanhal,1502,Castanhal,15,Pará,PA,1,Norte,N,,,479.441,-1.2060002956377134,-47.74684432792735
3159902,Santo Antônio do Amparo,310043,Lavras,3108,Varginha,31,Minas Gerais,MG,3,Sudeste,SE,,,488.885,-20.91622376946272,-44.94278722960633
5006606,Ponta Porã,500008,Ponta Porã,5002,Dourados,50,Mato Grosso do Sul,MS,5,Centro-oeste,CO,5006606,Internacional de Pedro Juan Caballero/Paraguai - Ponta Porã/Brasil,5359.274,-22.202301679907503,-55.583545944768844
4120200,Porto Rico,410020,Loanda,4104,Maringá,41,Paraná,PR,4,Sul,S,,,219.242,-22.833164149633788,-53.3134128040552
1303536,Presidente Figueiredo,130001,Manaus,1301,Manaus,13,Amazonas,AM,1,Norte,N,,,25027.907,-1.3694628930139605,-59.97640603932031
3527207,Lorena,350052,Guaratinguetá,3511,São José dos Campos,35,São Paulo,SP,3,Sudeste,SE,,,414.16,-22.793972969797025,-45.05998760732787
3119005,Cordislândia,310040,Varginha,3108,Varginha,31,Minas Gerais,MG,3,Sudeste,SE,,,179.543,-21.781936895710263,-45.66211205967524
2411056,Tibau,240009,Mossoró,2403,Mossoró,24,Rio Grande do Norte,RN,2,Nordeste,NE,,,169.366,-4.888372846301451,-37.32098745708046
5104526,Ipiranga do Norte,510008,Sorriso,5103,Sinop,51,Mato Grosso,MT,5,Centro-oeste,CO,,,3422.016,-12.017026207397482,-56.058659210122755
3134707,Jacinto,310015,Almenara,3103,Teófilo Otoni,31,Minas Gerais,MG,3,Sudeste,SE,,,1393.609,-16.182458954464863,-40.313728882066094
5219001,Sanclerlândia,520013,São Luís de Montes Belos,5204,São Luís de Montes Belos - Iporá,52,Goiás,GO,5,Centro-oeste,CO,,,509.402,-16.285128083359254,-50.37529207441934
2709202,Traipu,270007,Arapiraca,2702,Arapiraca,27,Alagoas,AL,2,Nordeste,NE,,,680,-9.897557333749175,-36.96916728608799
2509156,Marizópolis,250014,Sousa,2504,Sousa - Cajazeiras,25,Paraíba,PB,2,Nordeste,NE,,,69.952,-6.821597217894197,-38.33666908694051
4112009,Jaguariaíva,410027,Ponta Grossa,4106,Ponta Grossa,41,Paraná,PR,4,Sul,S,,,1443.264,-24.330510565441084,-49.704548136857454
2100436,Alto Alegre do Maranhão,210010,Bacabal,2102,Santa Inês - Bacabal,21,Maranhão,MA,2,Nordeste,NE,,,392.751,-4.2106282569168645,-44.39583874070011
4202453,Bombinhas,420020,Itajaí,4207,Blumenau,42,Santa Catarina,SC,4,Sul,S,,,35.143,-27.17265933583781,-48.52004493588874
3151701,Poço Fundo,310042,Alfenas,3108,Varginha,31,Minas Gerais,MG,3,Sudeste,SE,,,474.244,-21.80626876039366,-45.99332725912723
1507508,São João do Araguaia,150009,Marabá,1503,Marabá,15,Pará,PA,1,Norte,N,,,1279.889,-5.44732288379344,-48.69679178955678
5103858,Gaúcha do Norte,510015,Água Boa,5104,Barra do Garças,51,Mato Grosso,MT,5,Centro-oeste,CO,,,16908.375,-12.995961584847402,-53.45617697314297
2100550,Amapá do Maranhão,210011,Governador Nunes Freire,2102,Santa Inês - Bacabal,21,Maranhão,MA,2,Nordeste,NE,,,493.738,-1.6729311992907872,-45.94980852655566
2313609,Ubajara,230016,São Benedito - Ipu - Guaraciaba do Norte - Tianguá,2306,Sobral,23,Ceará,CE,2,Nordeste,NE,,,423.673,-3.866562109780608,-41.00451312617472
2701001,Boca da Mata,270004,São Miguel dos Campos,2701,Maceió,27,Alagoas,AL,2,Nordeste,NE,,,192.952,-9.668906028548756,-36.17826275315166
1303502,Pauini,130008,Lábrea,1303,Lábrea,13,Amazonas,AM,1,Norte,N,,,41637.294,-7.757495059447354,-68.19808779327622
3519006,Herculândia,350016,Tupã,3504,Marília,35,São Paulo,SP,3,Sudeste,SE,,,364.252,-21.96232139933848,-50.37312666669711
2206654,Morro Cabeça no Tempo,220015,Corrente,2205,Corrente - Bom Jesus,22,Piauí,PI,2,Nordeste,NE,,,2207.658,-9.811074501699297,-43.92212169498906
2709301,União dos Palmares,270005,União dos Palmares,2701,Maceió,27,Alagoas,AL,2,Nordeste,NE,,,420.081,-9.120349595349406,-36.014357697667904
3126505,Francisco Badaró,310017,Araçuaí,3103,Teófilo Otoni,31,Minas Gerais,MG,3,Sudeste,SE,,,461.481,-16.97763084617559,-42.30984725632203
4218905,Urubici,420005,Lages,4203,Lages,42,Santa Catarina,SC,4,Sul,S,,,1021.371,-28.038876226157814,-49.57745827357165
3151800,Poços de Caldas,310051,Poços de Caldas,3109,Pouso Alegre,31,Minas Gerais,MG,3,Sudeste,SE,3151800,Poços de Caldas,546.958,-21.808069488864795,-46.563267641054466
3551702,Sertãozinho,350031,Ribeirão Preto,3508,Ribeirão Preto,35,São Paulo,SP,3,Sudeste,SE,3551702,Sertãozinho,403.089,-21.12291748838205,-48.00889991117825
2615805,Tupanatinga,260011,Arcoverde,2602,Caruaru,26,Pernambuco,PE,2,Nordeste,NE,,,888.467,-8.681147183592943,-37.26925842063984
2929750,Saubara,290001,Salvador,2901,Salvador,29,Bahia,BA,2,Nordeste,NE,,,166.428,-12.775373802144014,-38.76932764149991
4315800,Roca Sales,430043,Encantado,4308,Santa Cruz do Sul - Lajeado,43,Rio Grande do Sul,RS,4,Sul,S,,,208.108,-29.256749340786456,-51.82931181582164
3510807,Casa Branca,350044,São João da Boa Vista,3510,Campinas,35,São Paulo,SP,3,Sudeste,SE,,,864.225,-21.80054759128519,-47.088127159671245
1507474,São João de Pirabas,150006,Capanema,1502,Castanhal,15,Pará,PA,1,Norte,N,,,668.058,-0.7837632142667267,-47.21793603316187
2108702,Pio XII,210009,Santa Inês,2102,Santa Inês - Bacabal,21,Maranhão,MA,2,Nordeste,NE,,,545.221,-3.8515023445614047,-45.09312620912021
5006408,Pedro Gomes,500004,Coxim,5001,Campo Grande,50,Mato Grosso do Sul,MS,5,Centro-oeste,CO,,,3553.782,-17.914309898157377,-54.33915321045495
4202537,Bom Jesus,420011,Xanxerê,4204,Chapecó,42,Santa Catarina,SC,4,Sul,S,,,63.883,-26.73904189115699,-52.389991134302626
3535200,Palmeira d'Oeste,350028,Jales,3507,São José do Rio Preto,35,São Paulo,SP,3,Sudeste,SE,,,318.696,-20.438947029282872,-50.748769954733426
4218756,Tunápolis,420009,São Miguel do Oeste,4204,Chapecó,42,Santa Catarina,SC,4,Sul,S,,,132.939,-26.988116575125655,-53.649948949514496
2701100,Branquinha,270005,União dos Palmares,2701,Maceió,27,Alagoas,AL,2,Nordeste,NE,,,168.343,-9.22299566678384,-36.04209261061506
2517407,Zabelê,250007,Monteiro,2502,Campina Grande,25,Paraíba,PB,2,Nordeste,NE,,,106.811,-8.076611449284865,-37.09625180873878
1303601,Santa Isabel do Rio Negro,130002,São Gabriel da Cachoeira,1301,Manaus,13,Amazonas,AM,1,Norte,N,,,62470.219,-0.3144084832551661,-65.51467058188864
1507466,São João da Ponta,150004,Castanhal,1502,Castanhal,15,Pará,PA,1,Norte,N,,,195.918,-0.8704684000780218,-47.96446616002041
2914703,Itaberaba,290031,Itaberaba,2910,Feira de Santana,29,Bahia,BA,2,Nordeste,NE,,,2386.387,-12.499096512054555,-40.262263573969555
3118304,Conselheiro Lafaiete,310038,Conselheiro Lafaiete,3107,Barbacena,31,Minas Gerais,MG,3,Sudeste,SE,3118304,Conselheiro Lafaiete/MG,370.246,-20.66600844499616,-43.788656798502274
4210704,Matos Costa,420014,Caçador,4205,Caçador,42,Santa Catarina,SC,4,Sul,S,,,435.391,-26.481287588830856,-51.14183007191914
4307609,Estância Velha,430002,Novo Hamburgo - São Leopoldo,4301,Porto Alegre,43,Rio Grande do Sul,RS,4,Sul,S,4314902,Porto Alegre/RS,51.779,-29.647604354314197,-51.18821133717643
5210901,Itapaci,520018,Ceres - Rialma - Goianésia,5205,Porangatu - Uruaçu,52,Goiás,GO,5,Centro-oeste,CO,,,952.998,-14.94235521366578,-49.6471250594446
3543501,Riversul,350004,Itapeva,3502,Sorocaba,35,São Paulo,SP,3,Sudeste,SE,,,385.878,-23.846869383347574,-49.44780551370028
2607604,Ilha de Itamaracá,260001,Recife,2601,Recife,26,Pernambuco,PE,2,Nordeste,NE,2611606,Recife/PE,66.146,-7.75952957902279,-34.85441638755464
3551801,Sete Barras,350005,Registro,3502,Sorocaba,35,São Paulo,SP,3,Sudeste,SE,,,1062.699,-24.27391792353684,-47.93412304339417
4128807,Xambrê,410016,Umuarama,4104,Maringá,41,Paraná,PR,4,Sul,S,,,360.044,-23.735669938015974,-53.59204526936605
3527009,Lindóia,350048,Amparo,3510,Campinas,35,São Paulo,SP,3,Sudeste,SE,,,48.321,-22.513026658568844,-46.65448597934348
2100501,Alto Parnaíba,210022,Balsas,2105,Imperatriz,21,Maranhão,MA,2,Nordeste,NE,,,11127.384,-9.508467072174277,-46.213300955653885
2206605,Monte Alegre do Piauí,220015,Corrente,2205,Corrente - Bom Jesus,22,Piauí,PI,2,Nordeste,NE,,,2417.394,-9.604220401925248,-45.030415391220295
5219308,Santa Helena de Goiás,520010,Rio Verde,5203,Rio Verde,52,Goiás,GO,5,Centro-oeste,CO,,,1142.337,-17.801832337109307,-50.57912401513669
4210555,Marema,420007,Chapecó,4204,Chapecó,42,Santa Catarina,SC,4,Sul,S,,,104.184,-26.812382608539412,-52.63006958628655
4202503,Bom Jardim da Serra,420005,Lages,4203,Lages,42,Santa Catarina,SC,4,Sul,S,,,938.524,-28.361005483208555,-49.652453243994714
3118403,Conselheiro Pena,310020,Governador Valadares,3104,Governador Valadares,31,Minas Gerais,MG,3,Sudeste,SE,,,1466.367,-19.16807488826385,-41.45490122211475
2312908,Sobral,230015,Sobral,2306,Sobral,23,Ceará,CE,2,Nordeste,NE,2312908,Sobral/CE,2068.474,-3.811040819697179,-40.227869832742286
3151107,Pirapetinga,310036,Além Paraíba,3106,Juíz de Fora,31,Minas Gerais,MG,3,Sudeste,SE,,,190.681,-21.67908667933629,-42.36393177339963
1303569,Rio Preto da Eva,130001,Manaus,1301,Manaus,13,Amazonas,AM,1,Norte,N,,,5812.425,-2.5294332597127913,-59.638207967140886
2205953,Marcolândia,220009,Picos,2203,Picos,22,Piauí,PI,2,Nordeste,NE,,,136.786,-7.429493215745097,-40.73614319864737
2509206,Massaranduba,250005,Campina Grande,2502,Campina Grande,25,Paraíba,PB,2,Nordeste,NE,2504009,Campina Grande/PB,209.402,-7.2007584991275,-35.75596296523103
3543600,Rifaina,350033,Franca,3508,Ribeirão Preto,35,São Paulo,SP,3,Sudeste,SE,,,162.508,-20.060799686240614,-47.44089064573751
2709103,Taquarana,270007,Arapiraca,2702,Arapiraca,27,Alagoas,AL,2,Nordeste,NE,,,153.833,-9.624656647009518,-36.49531332894265
3527108,Lins,350012,Lins,3503,Bauru,35,São Paulo,SP,3,Sudeste,SE,,,570.058,-21.649765869883307,-49.68288301383327
1507805,Senador José Porfírio,150018,Altamira,1506,Altamira,15,Pará,PA,1,Norte,N,,,14419.917,-4.324093524593333,-51.763757216561885
4120606,Prudentópolis,410004,Guarapuava,4102,Guarapuava,41,Paraná,PR,4,Sul,S,,,2257.861,-25.129697300640476,-51.09898287475291
5103908,General Carneiro,510013,Barra do Garças,5104,Barra do Garças,51,Mato Grosso,MT,5,Centro-oeste,CO,,,4514.917,-15.52013772808657,-53.34280147879092
4218707,Tubarão,420003,Tubarão,4202,Criciúma,42,Santa Catarina,SC,4,Sul,S,4218707,Tubarão - Laguna/SC,301.485,-28.481581470832626,-49.03724860906874
4104253,Campo Magro,410001,Curitiba,4101,Curitiba,41,Paraná,PR,4,Sul,S,4106902,Curitiba/PR,275.423,-25.28905222074215,-49.46271367109461
3518800,Guarulhos,350001,São Paulo,3501,São Paulo,35,São Paulo,SP,3,Sudeste,SE,3550308,São Paulo/SP,318.838,-23.402716141691624,-46.454989361728856
2501005,Araruna,250002,Guarabira,2501,João Pessoa,25,Paraíba,PB,2,Nordeste,NE,,,246.717,-6.524236171586556,-35.755063867966804
2108504,Pindaré-Mirim,210009,Santa Inês,2102,Santa Inês - Bacabal,21,Maranhão,MA,2,Nordeste,NE,,,268.285,-3.693275644662412,-45.440159664186254
4128633,Doutor Ulysses,410001,Curitiba,4101,Curitiba,41,Paraná,PR,4,Sul,S,,,779.628,-24.625952966257614,-49.392876323860776
2929800,Saúde,290030,Jacobina,2910,Feira de Santana,29,Bahia,BA,2,Nordeste,NE,,,509.098,-10.912534086481529,-40.3813430021004
2313005,Solonópole,230006,Quixadá,2302,Quixadá,23,Ceará,CE,2,Nordeste,NE,,,1535.856,-5.776468300051296,-39.00243375380854
2914000,Ipirá,290029,Feira de Santana,2910,Feira de Santana,29,Bahia,BA,2,Nordeste,NE,,,3105.285,-12.211242431699135,-39.77714265227159
3510609,Carapicuíba,350001,São Paulo,3501,São Paulo,35,São Paulo,SP,3,Sudeste,SE,3550308,São Paulo/SP,34.234,-23.550328103497694,-46.84206332391148
1303403,Parintins,130010,Parintins,1304,Parintins,13,Amazonas,AM,1,Norte,N,1303403,Parintins,6044.053,-2.694344932995468,-56.85698779800353
2516706,Teixeira,250009,Patos,2503,Patos,25,Paraíba,PB,2,Nordeste,NE,,,155.452,-7.2455388072723155,-37.2403245361035
2700904,Belo Monte,270011,Pão de Açúcar - Olho d'Água das Flores - Batalha,2702,Arapiraca,27,Alagoas,AL,2,Nordeste,NE,,,322.887,-9.817684670518398,-37.192714260137464
4112405,Japurá,410018,Cianorte,4104,Maringá,41,Paraná,PR,4,Sul,S,,,165.185,-23.43884392071986,-52.54118162147323
3518909,Guzolândia,350022,Araçatuba,3506,Araçatuba,35,São Paulo,SP,3,Sudeste,SE,,,252.722,-20.628442295295176,-50.71374699973288
1507904,Soure,150021,Soure-Salvaterra,1507,Breves,15,Pará,PA,1,Norte,N,,,2857.349,-0.4482918075478258,-48.69768095785197
4128625,Alto Paraíso,410016,Umuarama,4104,Maringá,41,Paraná,PR,4,Sul,S,,,967.763,-23.538834359900505,-53.824644669191244
4316105,Ronda Alta,430025,Passo Fundo,4306,Passo Fundo,43,Rio Grande do Sul,RS,4,Sul,S,,,418.675,-27.811043828073323,-52.74960979578233
4210506,Maravilha,420012,Maravilha,4204,Chapecó,42,Santa Catarina,SC,4,Sul,S,,,170.339,-26.759973561009037,-53.19811296281214
3126406,Fortuna de Minas,310002,Sete Lagoas,3101,Belo Horizonte,31,Minas Gerais,MG,3,Sudeste,SE,,,198.665,-19.557582490610883,-44.50425150191738
3551603,Serra Negra,350048,Amparo,3510,Campinas,35,São Paulo,SP,3,Sudeste,SE,,,204.542,-22.588883671754072,-46.68719382345493
2205904,Manoel Emídio,220018,Uruçuí,2206,Floriano,22,Piauí,PI,2,Nordeste,NE,,,1620.412,-8.206309355088992,-44.007667083933846
4218806,Turvo,420004,Araranguá,4202,Criciúma,42,Santa Catarina,SC,4,Sul,S,,,235.104,-28.90308219304529,-49.70342182069252
2921609,Morpará,290021,Xique-Xique - Barra,2907,Irecê,29,Bahia,BA,2,Nordeste,NE,,,2093.86,-11.750790159801005,-43.03981829795824
2100303,Aldeias Altas,210013,Caxias,2103,Caxias,21,Maranhão,MA,2,Nordeste,NE,,,1943.413,-4.50286881761919,-43.383479148901536
4128609,Verê,410009,Francisco Beltrão,4103,Cascavel,41,Paraná,PR,4,Sul,S,,,312.744,-25.875308965061144,-52.95829530731606
2914109,Ipupiara,290021,Xique-Xique - Barra,2907,Irecê,29,Bahia,BA,2,Nordeste,NE,,,1055.76,-11.835873132996486,-42.50184226162696
2108603,Pinheiro,210002,Pinheiro,2101,São Luís,21,Maranhão,MA,2,Nordeste,NE,,,1512.969,-2.4981150458678947,-45.126903388161345
3159357,Santa Rita de Minas,310025,Caratinga,3105,Ipatinga,31,Minas Gerais,MG,3,Sudeste,SE,,,68.153,-19.87503680603824,-42.12326466016019
2304806,Granjeiro,230011,Juazeiro do Norte,2304,Juazeiro do Norte,23,Ceará,CE,2,Nordeste,NE,,,111.528,-6.911689222231578,-39.252183385473394
2905800,Camamu,290005,Valença,2902,Santo Antônio de Jesus,29,Bahia,BA,2,Nordeste,NE,,,839.702,-14.012572740850166,-39.16421274040301
2607653,Itambé,260002,Goiana - Timbaúba,2601,Recife,26,Pernambuco,PE,2,Nordeste,NE,,,304.005,-7.449903281626085,-35.13426680685707
2508505,Livramento,250008,Sumé,2502,Campina Grande,25,Paraíba,PB,2,Nordeste,NE,,,266.948,-7.3405791355094046,-36.93103911077974
4104204,Campo Largo,410001,Curitiba,4101,Curitiba,41,Paraná,PR,4,Sul,S,4106902,Curitiba/PR,1239.801,-25.293395234742807,-49.61825585783662
3510708,Cardoso,350027,Votuporanga,3507,São José do Rio Preto,35,São Paulo,SP,3,Sudeste,SE,,,639.248,-20.06719289157955,-49.94758953026906
2516805,Triunfo,250015,Cajazeiras,2504,Sousa - Cajazeiras,25,Paraíba,PB,2,Nordeste,NE,,,224.336,-6.605603400155409,-38.57225929057391
2930154,Serra do Ramalho,290017,Bom Jesus da Lapa,2905,Guanambi,29,Bahia,BA,2,Nordeste,NE,,,2341.701,-13.484260857955599,-43.67622746001042
1200435,Santa Rosa do Purus,120003,Sena Madureira,1201,Rio Branco,12,Acre,AC,1,Norte,N,,,6144.95,-9.40970208185191,-70.39539293945431
1200500,Sena Madureira,120003,Sena Madureira,1201,Rio Branco,12,Acre,AC,1,Norte,N,,,23748.843,-9.771062921648918,-69.38121459146569
1200054,Assis Brasil,120002,Brasiléia,1201,Rio Branco,12,Acre,AC,1,Norte,N,,,4968.527,-10.779704043745664,-70.00451867696391
1200344,Manoel Urbano,120003,Sena Madureira,1201,Rio Branco,12,Acre,AC,1,Norte,N,,,10615.134,-9.379821055908932,-69.85263395085433
1304237,Tonantins,130006,Tabatinga,1302,Tefé,13,Amazonas,AM,1,Norte,N,,,6336.62,-2.692025643832342,-67.83364420552378
1301605,Fonte Boa,130005,Tefé,1302,Tefé,13,Amazonas,AM,1,Norte,N,,,12163.987,-2.4934768046516758,-66.36808970224438
1302306,Jutaí,130005,Tefé,1302,Tefé,13,Amazonas,AM,1,Norte,N,,,68971.126,-4.706554030980141,-68.39831664647073
1302108,Japurá,130005,Tefé,1302,Tefé,13,Amazonas,AM,1,Norte,N,,,55964.231,-1.6889883134852595,-68.322300409752
1300706,Boca do Acre,130008,Lábrea,1303,Lábrea,13,Amazonas,AM,1,Norte,N,,,21949.686,-8.77300967712338,-68.04741956031856
1302405,Lábrea,130008,Lábrea,1303,Lábrea,13,Amazonas,AM,1,Norte,N,,,68349.909,-8.374854560028119,-65.81171522314206
1301852,Iranduba,130001,Manaus,1301,Manaus,13,Amazonas,AM,1,Norte,N,,,2331.676,-3.093314131304319,-60.47026766574479
1302603,Manaus,130001,Manaus,1301,Manaus,13,Amazonas,AM,1,Norte,N,1302603,Manaus,11278.893,-2.621258826760262,-60.25862435424537